epoch,train_rec,train_con,rec_loss,con_loss,concept_mae,baseline_mae,topk_mae,topk_recovery,topk_corr,hr,ndcg,mrr
1,5.872988518079122,0.2598731678289672,6.114465236663818,0.23205188661813736,0.09959736466407776,0.04690159112215042,0.17049185931682587,0.854070782661438,0.38200467824935913,"{5: 0.16854304635761588, 10: 0.25248344370860926, 20: 0.3576158940397351}","{5: 0.1093319116049255, 10: 0.13630501450292323, 20: 0.16291161341382968}",0.11637052321276128
2,5.557283867398898,0.21399748551969727,6.035304307937622,0.21784412115812302,0.08645133674144745,0.04690159112215042,0.16326454281806946,0.8718186616897583,0.4034426212310791,"{5: 0.1857615894039735, 10: 0.27417218543046357, 20: 0.37880794701986753}","{5: 0.12382348167975217, 10: 0.1524123084466189, 20: 0.17874202601957007}",0.130300792163571
3,5.513343474268913,0.20511558838188648,6.056212663650513,0.21165655553340912,0.08049387484788895,0.04690159112215042,0.16304731369018555,0.8689764142036438,0.40358439087867737,"{5: 0.1890728476821192, 10: 0.2758278145695364, 20: 0.3849337748344371}","{5: 0.1276746737246482, 10: 0.15572998855287665, 20: 0.18318684558994722}",0.1342424203228477
4,5.49271457294623,0.2009667230769992,6.046662330627441,0.20827838778495789,0.07733254879713058,0.04690159112215042,0.1620689183473587,0.8691918849945068,0.40862953662872314,"{5: 0.1925496688741722, 10: 0.28211920529801326, 20: 0.3877483443708609}","{5: 0.12961936091745135, 10: 0.15854081918072227, 20: 0.18504829154109323}",0.13560936024646886
5,5.480035960674286,0.19866328006610273,6.02846097946167,0.20582203567028046,0.07489748299121857,0.04690159112215042,0.16187094151973724,0.8657861351966858,0.4139908254146576,"{5: 0.19403973509933775, 10: 0.2854304635761589, 20: 0.3894039735099338}","{5: 0.13036554601808256, 10: 0.15983268283060845, 20: 0.18608503025888606}",0.13636611029012313
6,5.47144929766655,0.1969906609194974,6.0181965827941895,0.20562206953763962,0.0746922418475151,0.04690159112215042,0.16084261238574982,0.8665614128112793,0.4198489189147949,"{5: 0.2, 10: 0.2855960264900662, 20: 0.39105960264900663}","{5: 0.1331616938508899, 10: 0.16089472486483342, 20: 0.18751968484840645}",0.13749812044055257
7,5.464992624521256,0.19598473906517028,6.004647731781006,0.20375891029834747,0.0728432685136795,0.04690159112215042,0.16124403476715088,0.8653408885002136,0.41921186447143555,"{5: 0.1978476821192053, 10: 0.2870860927152318, 20: 0.39503311258278145}","{5: 0.13234079120964404, 10: 0.16117281882178705, 20: 0.18842096897150507}",0.13768629869877896
8,5.458686245481173,0.19513933847968776,6.040341377258301,0.20362615585327148,0.07275224477052689,0.04690159112215042,0.1600807160139084,0.8680950999259949,0.4251538813114166,"{5: 0.19718543046357617, 10: 0.2867549668874172, 20: 0.39172185430463574}","{5: 0.13121618814026284, 10: 0.16004874122063845, 20: 0.18652625683917115}",0.13622105579502536
9,5.45602625310421,0.19429306865980228,6.01213264465332,0.2017109990119934,0.0708509013056755,0.04690159112215042,0.16017864644527435,0.8651750087738037,0.42996686697006226,"{5: 0.19801324503311257, 10: 0.28874172185430463, 20: 0.3970198675496689}","{5: 0.13352721258504502, 10: 0.16287096036191018, 20: 0.1902739872206126}",0.13948194491152732
10,5.452257961034775,0.19369354366014402,6.021240949630737,0.2017349749803543,0.07091330736875534,0.04690159112215042,0.15924189984798431,0.8685997128486633,0.43230757117271423,"{5: 0.19619205298013245, 10: 0.28427152317880794, 20: 0.393046357615894}","{5: 0.13347154832044184, 10: 0.16201634691251035, 20: 0.18938798714947228}",0.1396627059835472
11,5.447623543938001,0.1929284540315469,6.013551473617554,0.2009691372513771,0.07015169411897659,0.04690159112215042,0.16017134487628937,0.8632573485374451,0.4337031841278076,"{5: 0.19768211920529802, 10: 0.2902317880794702, 20: 0.398841059602649}","{5: 0.13379028522415667, 10: 0.16356639735746067, 20: 0.19100107357201987}",0.13984864089662666
12,5.444502049684525,0.19237485689421494,6.040832996368408,0.19992297142744064,0.06911756843328476,0.04690159112215042,0.15932174026966095,0.8659524321556091,0.43869131803512573,"{5: 0.19735099337748344, 10: 0.28327814569536425, 20: 0.3956953642384106}","{5: 0.13246950061115997, 10: 0.16009898406780318, 20: 0.18849816732848718}",0.13771855436413494
13,5.4426990648110705,0.19182001600662868,6.0171287059783936,0.20009855180978775,0.06929685920476913,0.04690159112215042,0.1583133190870285,0.8694131374359131,0.4390239715576172,"{5: 0.20198675496688742, 10: 0.2910596026490066, 20: 0.4009933774834437}","{5: 0.1348868666895178, 10: 0.16364510643561156, 20: 0.1914095644919288}",0.13969022232965128
14,5.4415021230777105,0.19150100682551663,6.030130386352539,0.19927994161844254,0.06855508685112,0.04690159112215042,0.15833012759685516,0.867425799369812,0.4427894949913025,"{5: 0.19602649006622516, 10: 0.28725165562913907, 20: 0.3932119205298013}","{5: 0.13340118610306292, 10: 0.16278537977610202, 20: 0.1895320311287381}",0.13978419019686467
15,5.440283099810283,0.19106973251327872,6.023512125015259,0.19933132827281952,0.06863981485366821,0.04690159112215042,0.1577727198600769,0.8658673167228699,0.4510698616504669,"{5: 0.2021523178807947, 10: 0.29089403973509936, 20: 0.3971854304635762}","{5: 0.13592944618881933, 10: 0.1645229769068838, 20: 0.19142486875420375}",0.14073766241010452
16,5.438415706157684,0.19066750000541408,6.016842842102051,0.19842080771923065,0.067652627825737,0.04690159112215042,0.15750616788864136,0.8681503534317017,0.450142502784729,"{5: 0.20049668874172186, 10: 0.2905629139072848, 20: 0.40066225165562913}","{5: 0.1358662030554765, 10: 0.16489877258704988, 20: 0.19260297358430775}",0.1414852925483754
17,5.436094235380491,0.19027006880690653,6.019984722137451,0.1982482224702835,0.06757070124149323,0.04690159112215042,0.15653680264949799,0.8704019784927368,0.4540219008922577,"{5: 0.19586092715231787, 10: 0.2903973509933775, 20: 0.3970198675496689}","{5: 0.13347365019337232, 10: 0.16398576142772145, 20: 0.1908644063583273}",0.14032602373337905
18,5.433946046233177,0.1898248522542417,6.013272762298584,0.1974756121635437,0.06677365303039551,0.04690159112215042,0.15649178624153137,0.8679907321929932,0.4581822454929352,"{5: 0.203476821192053, 10: 0.2933774834437086, 20: 0.4016556291390728}","{5: 0.13824096578635917, 10: 0.16728482783235463, 20: 0.19452486859252122}",0.14350604126784974
19,5.4326259603103,0.18941496613745887,6.027811050415039,0.19705761224031448,0.06632234901189804,0.04690159112215042,0.15567520260810852,0.8708322048187256,0.46008825302124023,"{5: 0.20248344370860927, 10: 0.2899006622516556, 20: 0.39933774834437086}","{5: 0.136547598933542, 10: 0.16468245146290356, 20: 0.19225583613313588}",0.14131616251358134
20,5.4313928832610445,0.18910561533023915,6.018476247787476,0.19711340218782425,0.06638414412736893,0.04690159112215042,0.1549968123435974,0.8743740320205688,0.46330589056015015,"{5: 0.203476821192053, 10: 0.2902317880794702, 20: 0.39834437086092717}","{5: 0.13694721752444639, 10: 0.16497826986754968, 20: 0.19226869494709747}",0.14153816778928238
21,5.430761320392291,0.18876232666273912,6.001218318939209,0.1963135004043579,0.06571731716394424,0.04690159112215042,0.15486904978752136,0.8716716170310974,0.46970975399017334,"{5: 0.20480132450331126, 10: 0.28956953642384103, 20: 0.4019867549668874}","{5: 0.13800041754514175, 10: 0.16530862770333196, 20: 0.19374229481678135}",0.1424138201783035
22,5.429039919376374,0.1883744624753793,6.032539367675781,0.19585857540369034,0.06520986557006836,0.04690159112215042,0.1541370153427124,0.870672345161438,0.47633710503578186,"{5: 0.2008278145695364, 10: 0.28741721854304636, 20: 0.3956953642384106}","{5: 0.1348305556947822, 10: 0.16271678596142902, 20: 0.19008201952801634}",0.13959829570441845
23,5.427864075700442,0.18799723501627644,6.029234409332275,0.19536202400922775,0.06472767144441605,0.04690159112215042,0.1536525934934616,0.873602569103241,0.47725120186805725,"{5: 0.19950331125827814, 10: 0.2855960264900662, 20: 0.3955298013245033}","{5: 0.13531380962851822, 10: 0.16310904294449763, 20: 0.19083091786365636}",0.140763198145178
24,5.427775183320046,0.1876948540409406,6.012565851211548,0.19538477063179016,0.06471803784370422,0.04690159112215042,0.15394048392772675,0.8700083494186401,0.48041558265686035,"{5: 0.20033112582781457, 10: 0.2899006622516556, 20: 0.40049668874172184}","{5: 0.1351855600117058, 10: 0.16406317199302825, 20: 0.19194161118261072}",0.14054936288997827
25,5.426901717980702,0.1873691531829536,6.002129316329956,0.19476228952407837,0.06406941264867783,0.04690159112215042,0.15341691672801971,0.876321017742157,0.4785268008708954,"{5: 0.2056291390728477, 10: 0.294205298013245, 20: 0.4009933774834437}","{5: 0.1384131526315449, 10: 0.1669031206345716, 20: 0.19379732245641038}",0.1426639885302411
26,5.425955934325854,0.18703258509437243,6.0243048667907715,0.19511091709136963,0.06445347517728806,0.04690159112215042,0.15262600779533386,0.8756378293037415,0.4839611351490021,"{5: 0.20629139072847683, 10: 0.2912251655629139, 20: 0.40016556291390726}","{5: 0.1386612241631312, 10: 0.16612573080504967, 20: 0.19367741464779076}",0.14271332191315708
27,5.425555537144343,0.1869162513874471,6.031012296676636,0.19455216079950333,0.06383290886878967,0.04690159112215042,0.15221291780471802,0.8752023577690125,0.4888995587825775,"{5: 0.20430463576158941, 10: 0.2892384105960265, 20: 0.3955298013245033}","{5: 0.1375653197433775, 10: 0.1650006831087024, 20: 0.1918262759581307}",0.14173463732990998
28,5.4233136435349785,0.18647449975833297,6.009842157363892,0.19436900317668915,0.06367187201976776,0.04690159112215042,0.151653453707695,0.8770284652709961,0.49362748861312866,"{5: 0.20182119205298013, 10: 0.29238410596026493, 20: 0.4008278145695364}","{5: 0.1364027465416106, 10: 0.16565488095315087, 20: 0.19300727086351407}",0.14175607542328486
29,5.42361630598704,0.18622074568023284,6.006624221801758,0.19405251741409302,0.063361756503582,0.04690159112215042,0.15167021751403809,0.8759902119636536,0.4940260648727417,"{5: 0.20447019867549668, 10: 0.2903973509933775, 20: 0.402317880794702}","{5: 0.13853346464649732, 10: 0.16617531681692363, 20: 0.19439864000737272}",0.14324078086196193
30,5.4232475082079565,0.1859100009314716,6.01791787147522,0.19373825937509537,0.06310553848743439,0.04690159112215042,0.15039479732513428,0.8792902231216431,0.5014541149139404,"{5: 0.20198675496688742, 10: 0.29205298013245035, 20: 0.39966887417218544}","{5: 0.13663483676531457, 10: 0.16573082121792218, 20: 0.19284671000297496}",0.14187375504449504
31,5.421334986885388,0.18563046005244058,6.033589601516724,0.19380179792642593,0.06321866810321808,0.04690159112215042,0.14964206516742706,0.8807002305984497,0.5021561980247498,"{5: 0.2021523178807947, 10: 0.2910596026490066, 20: 0.40033112582781455}","{5: 0.13648323918020488, 10: 0.16523461752379967, 20: 0.19282041638102754}",0.14165862632903042
32,5.4223376452922825,0.1852813999168575,6.020096302032471,0.19307351112365723,0.062482867389917374,0.04690159112215042,0.14935612678527832,0.8815803527832031,0.50712651014328,"{5: 0.19850993377483445, 10: 0.28774834437086094, 20: 0.39602649006622515}","{5: 0.1334079464539787, 10: 0.16225571790278354, 20: 0.18954144408371273}",0.13888256755096234
33,5.421211681763331,0.1849988306251665,6.014435768127441,0.19275079667568207,0.06205017492175102,0.04690159112215042,0.14934542775154114,0.8791017532348633,0.5092602968215942,"{5: 0.2077814569536424, 10: 0.2947019867549669, 20: 0.40049668874172184}","{5: 0.13956741434059397, 10: 0.16751539722973147, 20: 0.1941109360448572}",0.14327013634688018
34,5.42082817753156,0.18474088879302145,6.019442319869995,0.19277015328407288,0.06206023693084717,0.04690159112215042,0.148809552192688,0.8822700381278992,0.5125542283058167,"{5: 0.20248344370860927, 10: 0.2900662251655629, 20: 0.397682119205298}","{5: 0.13704097318333505, 10: 0.16520992051686673, 20: 0.1923277949655293}",0.1419294950977856
35,5.4196815898021065,0.18452999610453844,6.008724689483643,0.19281136989593506,0.06216749548912048,0.04690159112215042,0.14903518557548523,0.8816258311271667,0.5138331651687622,"{5: 0.2077814569536424, 10: 0.29271523178807946, 20: 0.40281456953642386}","{5: 0.13957128461623033, 10: 0.16690675849156664, 20: 0.1946403958150093}",0.1432230513616903
36,5.420441516240438,0.18425712194293736,6.017672300338745,0.1921946480870247,0.061502452939748764,0.04690159112215042,0.14790107309818268,0.8838087320327759,0.5182034969329834,"{5: 0.20281456953642385, 10: 0.2903973509933775, 20: 0.40016556291390726}","{5: 0.13689577216344165, 10: 0.165138426521756, 20: 0.19276617694374742}",0.1417697224395954
37,5.4178777287403745,0.18392437724396588,6.012833118438721,0.19175360351800919,0.061127062886953354,0.04690159112215042,0.1483345776796341,0.8864385485649109,0.5144561529159546,"{5: 0.20165562913907284, 10: 0.2943708609271523, 20: 0.4024834437086093}","{5: 0.1366279147318657, 10: 0.16658586918912976, 20: 0.19386407713226925}",0.14228365058141038
38,5.417300829291344,0.1836365034803748,6.007440567016602,0.1913764476776123,0.06071114540100098,0.04690159112215042,0.14737258851528168,0.884860634803772,0.5237536430358887,"{5: 0.2008278145695364, 10: 0.29271523178807946, 20: 0.39917218543046357}","{5: 0.13563570439420788, 10: 0.1653574608809111, 20: 0.19222598549545997}",0.14129921616307947
39,5.417593236764272,0.18337930962443352,6.009212255477905,0.19159499555826187,0.06087996065616608,0.04690159112215042,0.14624539017677307,0.8847171068191528,0.5315176248550415,"{5: 0.20579470198675498, 10: 0.29602649006622517, 20: 0.4018211920529801}","{5: 0.13944864841486446, 10: 0.16854348087942364, 20: 0.19517100757320985}",0.14419373265954832
40,5.416723949710528,0.18315880121663214,6.004845380783081,0.1907901167869568,0.06010729819536209,0.04690159112215042,0.1460336595773697,0.8873254656791687,0.5319545269012451,"{5: 0.20480132450331126, 10: 0.29254966887417216, 20: 0.39850993377483446}","{5: 0.13840751900578177, 10: 0.1667570152030086, 20: 0.19349487506790666}",0.1430087108485746
41,5.417314356565475,0.18290087499966223,6.008103132247925,0.19094527512788773,0.06021880730986595,0.04690159112215042,0.14573916792869568,0.8876248598098755,0.5329548120498657,"{5: 0.20711920529801325, 10: 0.2915562913907285, 20: 0.401158940397351}","{5: 0.138859724840581, 10: 0.16614899287950124, 20: 0.19381374333867962}",0.14264832553484583
42,5.417250565687815,0.1826270528137684,6.010328054428101,0.19037435948848724,0.059634048491716385,0.04690159112215042,0.14601920545101166,0.8857823014259338,0.5362864136695862,"{5: 0.20447019867549668, 10: 0.2935430463576159, 20: 0.4014900662251656}","{5: 0.1385558930453875, 10: 0.16721950303639796, 20: 0.19439195039256518}",0.1433942630590982
43,5.415602592627208,0.18225016050661605,6.023025035858154,0.1904028356075287,0.059709448367357254,0.04690159112215042,0.14534121751785278,0.8867716193199158,0.537743330001831,"{5: 0.20496688741721855, 10: 0.2902317880794702, 20: 0.40033112582781455}","{5: 0.13817656561238875, 10: 0.16555117171331746, 20: 0.19326031413299358}",0.14227163554816846
44,5.415173350771268,0.18209611993903915,6.0255208015441895,0.19029264897108078,0.0595129169523716,0.04690159112215042,0.1453576385974884,0.8889527320861816,0.5415602326393127,"{5: 0.20496688741721855, 10: 0.29238410596026493, 20: 0.40049668874172184}","{5: 0.13809176817635038, 10: 0.16624660870886795, 20: 0.19348998417128002}",0.14243326755548943
45,5.415368688106537,0.18189667901024223,6.003466367721558,0.1900280863046646,0.059278909116983414,0.04690159112215042,0.14494769275188446,0.8886383771896362,0.5431811213493347,"{5: 0.20281456953642385, 10: 0.2910596026490066, 20: 0.40281456953642386}","{5: 0.13767897245899732, 10: 0.1662832500129346, 20: 0.19453837413661526}",0.14316523975094422
46,5.414944972594579,0.18170763660843173,6.004088878631592,0.1893390566110611,0.05852501466870308,0.04690159112215042,0.14483433961868286,0.8882492780685425,0.5467435717582703,"{5: 0.20596026490066224, 10: 0.2950331125827815, 20: 0.4014900662251656}","{5: 0.1386728046745654, 10: 0.16732620340309395, 20: 0.19412296118325745}",0.14301162618674979
47,5.414334535598755,0.1814038294988374,6.018664836883545,0.18961838632822037,0.05884184315800667,0.04690159112215042,0.1441681981086731,0.893463134765625,0.546180248260498,"{5: 0.20264900662251656, 10: 0.28807947019867547, 20: 0.40033112582781455}","{5: 0.13676058030286373, 10: 0.1642009709844526, 20: 0.19252529523230547}",0.1413610243639409
48,5.414600884914398,0.18111149575561286,6.0078229904174805,0.18898140639066696,0.05810115486383438,0.04690159112215042,0.1428542584180832,0.8940826654434204,0.5546525120735168,"{5: 0.20728476821192052, 10: 0.29288079470198675, 20: 0.4008278145695364}","{5: 0.139540883247426, 10: 0.16715230878615223, 20: 0.1943762520291158}",0.14353975207600372
49,5.414103425542513,0.18099265101676185,6.011176824569702,0.1889355704188347,0.058093950152397156,0.04690159112215042,0.14393983781337738,0.8899626731872559,0.5514742136001587,"{5: 0.2076158940397351, 10: 0.2910596026490066, 20: 0.4016556291390728}","{5: 0.13886680350398387, 10: 0.1656272483977261, 20: 0.19352705494457523}",0.14212239246494723
50,5.412723536292712,0.1806909039306144,6.006112575531006,0.18858788907527924,0.057802360504865646,0.04690159112215042,0.14264218509197235,0.8922379612922668,0.5602786540985107,"{5: 0.2077814569536424, 10: 0.2948675496688742, 20: 0.40281456953642386}","{5: 0.1390609438056188, 10: 0.16703580136330712, 20: 0.1942092592353063}",0.1426735934832238
51,5.413849978645643,0.18045686411981782,6.011462211608887,0.1881202980875969,0.05734357610344887,0.04690159112215042,0.14293700456619263,0.8920977711677551,0.5586011409759521,"{5: 0.20281456953642385, 10: 0.29238410596026493, 20: 0.39966887417218544}","{5: 0.13625759099492962, 10: 0.16509991576340025, 20: 0.19203934827387728}",0.14082922019705868
52,5.413177681962649,0.18032136677453917,6.017975568771362,0.18844077736139297,0.05765616521239281,0.04690159112215042,0.14210893213748932,0.8957420587539673,0.5615274310112,"{5: 0.2029801324503311, 10: 0.29072847682119207, 20: 0.401158940397351}","{5: 0.13696964087075744, 10: 0.16517817010942673, 20: 0.19310215830013452}",0.14181444787031766
53,5.413434249162674,0.1800328626918296,6.02579140663147,0.18791117519140244,0.05705781280994415,0.04690159112215042,0.1418803632259369,0.8946248888969421,0.5651870965957642,"{5: 0.203476821192053, 10: 0.2902317880794702, 20: 0.397682119205298}","{5: 0.13737942019835214, 10: 0.16524509657297703, 20: 0.19230222891498086}",0.14188690185546876
54,5.41192443172137,0.17985149982074897,6.007860898971558,0.18789205700159073,0.057032130658626556,0.04690159112215042,0.14232684671878815,0.8923032879829407,0.5655989050865173,"{5: 0.20496688741721855, 10: 0.29271523178807946, 20: 0.4033112582781457}","{5: 0.13821814833887366, 10: 0.16649884356568193, 20: 0.19436964325557482}",0.14277354865674152
55,5.41179169913133,0.1796872998587787,6.006485939025879,0.18755313009023666,0.05665571242570877,0.04690159112215042,0.14120107889175415,0.8950603008270264,0.5693081617355347,"{5: 0.20579470198675498, 10: 0.29288079470198675, 20: 0.39983443708609273}","{5: 0.13865393329140366, 10: 0.16665923263852958, 20: 0.19370897305722268}",0.1428960231755743
56,5.411388647556305,0.17951475925122698,6.027001619338989,0.1876993477344513,0.05686601623892784,0.04690159112215042,0.14127732813358307,0.8962656855583191,0.5689152479171753,"{5: 0.2029801324503311, 10: 0.28956953642384103, 20: 0.39850993377483446}","{5: 0.13668589307772402, 10: 0.16465232798595303, 20: 0.19225702854181756}",0.1414236207671513
57,5.411822134256363,0.17937952041005095,6.006281852722168,0.18736743927001953,0.056536681950092316,0.04690159112215042,0.14121440052986145,0.8968369364738464,0.5715430378913879,"{5: 0.20513245033112582, 10: 0.2933774834437086, 20: 0.40397350993377484}","{5: 0.13798862482538288, 10: 0.1663415870919133, 20: 0.19420645000129347}",0.1423533357531819
58,5.410375809669494,0.17913062463824947,6.0136096477508545,0.18715107440948486,0.05620240047574043,0.04690159112215042,0.1401611864566803,0.8973401188850403,0.5751485228538513,"{5: 0.20827814569536424, 10: 0.29321192052980133, 20: 0.40066225165562913}","{5: 0.1405542689443424, 10: 0.16772170919456228, 20: 0.19479983500297496}",0.14413823513005744
59,5.411603736877441,0.17892421142508586,6.002769231796265,0.1872604563832283,0.056352682411670685,0.04690159112215042,0.14080242812633514,0.8952468037605286,0.5761951208114624,"{5: 0.20513245033112582, 10: 0.2947019867549669, 20: 0.40298013245033115}","{5: 0.13900005517416442, 10: 0.16778842344978787, 20: 0.1951551879478606}",0.14383767740615946
60,5.409325640400251,0.17879842752590774,5.999890327453613,0.18692152202129364,0.055967871099710464,0.04690159112215042,0.13973528146743774,0.8975358605384827,0.5787407159805298,"{5: 0.2077814569536424, 10: 0.2933774834437086, 20: 0.39966887417218544}","{5: 0.14067398980753312, 10: 0.16828194927695572, 20: 0.19523099684557377}",0.14490765704224443
61,5.41069362560908,0.17864464406544964,6.011891603469849,0.18674741685390472,0.05579152703285217,0.04690159112215042,0.13958556950092316,0.8980646133422852,0.5809223055839539,"{5: 0.20612582781456953, 10: 0.29172185430463576, 20: 0.4018211920529801}","{5: 0.13846961015107617, 10: 0.16601910117446192, 20: 0.19374764549811155}",0.14242473880186776
62,5.409457253416379,0.17845680297662814,6.020536184310913,0.18665136396884918,0.055725276470184326,0.04690159112215042,0.1394716501235962,0.896789014339447,0.583528459072113,"{5: 0.21009933774834438, 10: 0.29619205298013246, 20: 0.40480132450331124}","{5: 0.14130148982370136, 10: 0.16886853855966732, 20: 0.19630791872542425}",0.14472896752768005
63,5.409529239932696,0.17832558030883472,6.025423288345337,0.18660279363393784,0.05557588115334511,0.04690159112215042,0.13983017206192017,0.899018406867981,0.5807214379310608,"{5: 0.20596026490066224, 10: 0.2935430463576159, 20: 0.39867549668874175}","{5: 0.1397063451097501, 10: 0.16787248826184809, 20: 0.1945315278918538}",0.14432042102940035
64,5.410001396139463,0.17824870916083455,6.007613182067871,0.1864015981554985,0.05541419982910156,0.04690159112215042,0.13954061269760132,0.8995709419250488,0.5842248201370239,"{5: 0.20629139072847683, 10: 0.2912251655629139, 20: 0.40049668874172184}","{5: 0.13944995198028767, 10: 0.16672712919727856, 20: 0.19430518750323364}",0.14358412382618482
65,5.409309446811676,0.17808238056798775,6.005779266357422,0.18588387221097946,0.0548819899559021,0.04690159112215042,0.1385679990053177,0.9003408551216125,0.5870973467826843,"{5: 0.20827814569536424, 10: 0.2980132450331126, 20: 0.4051324503311258}","{5: 0.14007280362362892, 10: 0.16903214612543976, 20: 0.1960757779759287}",0.14427768631486704
66,5.408694379528364,0.1779195879896482,6.01570200920105,0.18588301539421082,0.054877158254384995,0.04690159112215042,0.13889126479625702,0.8993092775344849,0.5886965990066528,"{5: 0.20049668874172186, 10: 0.28874172185430463, 20: 0.4009933774834437}","{5: 0.13637183486231116, 10: 0.16491540567764384, 20: 0.19328747679855648}",0.14222134217521212
67,5.407851001620292,0.1776741943632563,6.013551473617554,0.1856377124786377,0.05464094877243042,0.04690159112215042,0.13881196081638336,0.9012920260429382,0.5884354114532471,"{5: 0.2029801324503311, 10: 0.2889072847682119, 20: 0.398841059602649}","{5: 0.13714414684977752, 10: 0.16473658479602132, 20: 0.19251415429525817}",0.14185936024646886
68,5.4080322553714115,0.17763687409460543,6.019675970077515,0.1854926198720932,0.05447807535529137,0.04690159112215042,0.13866382837295532,0.8964986205101013,0.5904334187507629,"{5: 0.20860927152317882, 10: 0.29238410596026493, 20: 0.39867549668874175}","{5: 0.13967615089669133, 10: 0.16667231376597424, 20: 0.19345780934719062}",0.1430302095728994
69,5.40793184141318,0.17744798129424452,6.0154664516448975,0.18569312244653702,0.05468123406171799,0.04690159112215042,0.1372535228729248,0.901860237121582,0.5932891368865967,"{5: 0.20645695364238412, 10: 0.29072847682119207, 20: 0.39834437086092717}","{5: 0.13756376860157543, 10: 0.16463446206604407, 20: 0.1918061313250207}",0.14098444553400508
70,5.407787354787191,0.17747848130141694,5.999005079269409,0.18572255223989487,0.05469299852848053,0.04690159112215042,0.13859987258911133,0.8989666104316711,0.5923248529434204,"{5: 0.20844370860927153, 10: 0.29718543046357615, 20: 0.4059602649006622}","{5: 0.1398698970971518, 10: 0.16821661942841992, 20: 0.1957040294116696}",0.14368994504410698
71,5.408262920379639,0.17730291116361815,6.009739398956299,0.18553167581558228,0.054546549916267395,0.04690159112215042,0.138053759932518,0.8998777866363525,0.5909521579742432,"{5: 0.20463576158940397, 10: 0.29205298013245035, 20: 0.4008278145695364}","{5: 0.13860764661372102, 10: 0.16665591814660077, 20: 0.19412280960588266}",0.14324981992607874
72,5.407608061035474,0.17714721616357565,6.017024278640747,0.18543118983507156,0.05431124567985535,0.04690159112215042,0.13792288303375244,0.9031236171722412,0.5930373668670654,"{5: 0.20579470198675498, 10: 0.29221854304635764, 20: 0.4008278145695364}","{5: 0.13783694639900662, 10: 0.1658008600702349, 20: 0.19318499028287975}",0.14194275811808
73,5.408130016922951,0.17698773661007483,6.030583381652832,0.18531565368175507,0.05425204336643219,0.04690159112215042,0.13770321011543274,0.9009692668914795,0.5962033271789551,"{5: 0.20513245033112582, 10: 0.2894039735099338, 20: 0.39983443708609273}","{5: 0.1377943632618481, 10: 0.16491574925302668, 20: 0.19288691337534924}",0.14191808637404285
74,5.406446060538292,0.17686613028248152,6.0239036083221436,0.18524941056966782,0.05419516563415527,0.04690159112215042,0.13708630204200745,0.9043140411376953,0.5954292416572571,"{5: 0.20413907284768212, 10: 0.2899006622516556, 20: 0.40033112582781455}","{5: 0.13729753304790976, 10: 0.16486135318579262, 20: 0.1927128166552411}",0.14161757917593645
75,5.407927620410919,0.17674466287717222,6.013656854629517,0.18506017327308655,0.05399676412343979,0.04690159112215042,0.13759341835975647,0.9028069376945496,0.5976137518882751,"{5: 0.20496688741721855, 10: 0.2890728476821192, 20: 0.401158940397351}","{5: 0.138198963695804, 10: 0.16521076935016557, 20: 0.19343174814388453}",0.14234520615331384
76,5.407843630512556,0.17668993454426526,6.018667697906494,0.1847357377409935,0.05367128923535347,0.04690159112215042,0.13644680380821228,0.9042888879776001,0.6001051664352417,"{5: 0.19983443708609272, 10: 0.29205298013245035, 20: 0.401158940397351}","{5: 0.13538772886162562, 10: 0.16496196014202194, 20: 0.19247507259545737}",0.1411678086842922
77,5.406784811615944,0.17655644978707036,6.023127794265747,0.18453194946050644,0.05342990532517433,0.04690159112215042,0.1369916796684265,0.9012296795845032,0.5995965003967285,"{5: 0.20397350993377483, 10: 0.2913907284768212, 20: 0.40049668874172184}","{5: 0.13935351845444433, 10: 0.16759894667871741, 20: 0.19514875601459022}",0.1447586514302437
78,5.4062668492396675,0.1764238128128151,6.0143141746521,0.1844334378838539,0.05335346609354019,0.04690159112215042,0.13606007397174835,0.9043600559234619,0.6001816391944885,"{5: 0.20264900662251656, 10: 0.2937086092715232, 20: 0.402317880794702}","{5: 0.13795121047670478, 10: 0.16711560685113566, 20: 0.1944461645669495}",0.14335898089882554
79,5.406839028994242,0.1763213342987001,6.015577554702759,0.18453280627727509,0.053377099335193634,0.04690159112215042,0.13595715165138245,0.9030643701553345,0.6025117635726929,"{5: 0.20811258278145695, 10: 0.29288079470198675, 20: 0.4009933774834437}","{5: 0.13996035342184912, 10: 0.1671998181879915, 20: 0.19445041883860203}",0.14365252564284975
80,5.405856581528981,0.1763243685166041,6.015841245651245,0.18436551839113235,0.053277432918548584,0.04690159112215042,0.136076882481575,0.9066702723503113,0.6012682914733887,"{5: 0.20496688741721855, 10: 0.29321192052980133, 20: 0.4008278145695364}","{5: 0.1383997531916132, 10: 0.1666771288739135, 20: 0.1938908355914994}",0.14287693453150868
81,5.407159056266149,0.1761498677544296,6.0182204246521,0.18439902365207672,0.05330815538764,0.04690159112215042,0.13629771769046783,0.9029857516288757,0.6033461689949036,"{5: 0.20579470198675498, 10: 0.2956953642384106, 20: 0.4019867549668874}","{5: 0.13833682837075745, 10: 0.16718839935909044, 20: 0.1939993750970095}",0.142737796606607
82,5.405820836623509,0.17610729144265255,6.007682800292969,0.18411125987768173,0.05299206078052521,0.04690159112215042,0.13560548424720764,0.9035922884941101,0.605322539806366,"{5: 0.20711920529801325, 10: 0.295364238410596, 20: 0.41026490066225163}","{5: 0.13986956362692726, 10: 0.16828616312797495, 20: 0.19725321586558361}",0.1443608669255743
83,5.4052292734384535,0.1759982740196089,6.021377801895142,0.18392712622880936,0.05285339429974556,0.04690159112215042,0.1359156370162964,0.9037502408027649,0.6041312217712402,"{5: 0.20364238410596028, 10: 0.29254966887417216, 20: 0.39983443708609273}","{5: 0.13710879900597578, 10: 0.16561464221272248, 20: 0.19266723733864083}",0.1417279931883149
84,5.40609821776549,0.17592657649268706,6.009778261184692,0.18364901095628738,0.05250157415866852,0.04690159112215042,0.13596543669700623,0.9039337038993835,0.6040734052658081,"{5: 0.20678807947019867, 10: 0.2912251655629139, 20: 0.40298013245033115}","{5: 0.13960039757734893, 10: 0.16685129633012985, 20: 0.19502383099486495}",0.14373690371481787
85,5.404210726420085,0.17577746408060194,6.00711727142334,0.18408583849668503,0.05301384627819061,0.04690159112215042,0.13577872514724731,0.9035000801086426,0.6076351404190063,"{5: 0.20695364238410596, 10: 0.2933774834437086, 20: 0.40364238410596026}","{5: 0.13914108781625104, 10: 0.16699820006920013, 20: 0.19480038068152422}",0.14320345240712956
86,5.405078959465027,0.17574873780831696,6.014296531677246,0.1839795634150505,0.0529228113591671,0.04690159112215042,0.13583947718143463,0.9055588841438293,0.604660153388977,"{5: 0.20612582781456953, 10: 0.29188741721854305, 20: 0.4}","{5: 0.1379913582707083, 10: 0.16556595050735978, 20: 0.19286412119075952}",0.14189992235196347
87,5.405530894796054,0.1756978861987591,6.005687952041626,0.1835487335920334,0.052382659167051315,0.04690159112215042,0.1351255476474762,0.9051650166511536,0.60886150598526,"{5: 0.20645695364238412, 10: 0.2950331125827815, 20: 0.4059602649006622}","{5: 0.13939791041494207, 10: 0.1679076036870085, 20: 0.19589180851614238}",0.1439499861357228
88,5.403579906622569,0.17562021752819418,6.032363653182983,0.183648981153965,0.0525265596807003,0.04690159112215042,0.13524922728538513,0.9043278098106384,0.6094728708267212,"{5: 0.20596026490066224, 10: 0.28807947019867547, 20: 0.4051324503311258}","{5: 0.1396518025177204, 10: 0.16603682562215438, 20: 0.19562888745440551}",0.1440456314592172
89,5.404910272359848,0.17551552215591074,6.001041412353516,0.18337120115756989,0.0522322952747345,0.04690159112215042,0.13558609783649445,0.9031612277030945,0.609390914440155,"{5: 0.2052980132450331, 10: 0.2897350993377483, 20: 0.40496688741721854}","{5: 0.1389121352442053, 10: 0.1661564959595535, 20: 0.19530779604880225}",0.14358067796719784
90,5.403519786397616,0.17552181603387,6.042487621307373,0.18390557169914246,0.052807509899139404,0.04690159112215042,0.13460314273834229,0.9076070785522461,0.6093534231185913,"{5: 0.20430463576158941, 10: 0.2890728476821192, 20: 0.39917218543046357}","{5: 0.13792888818197693, 10: 0.16518792158720508, 20: 0.19289953977066948}",0.14224827747471286
91,5.403686161835989,0.1753849771494667,6.018169164657593,0.18327094614505768,0.0521559864282608,0.04690159112215042,0.13563059270381927,0.9037104249000549,0.6094109416007996,"{5: 0.20264900662251656, 10: 0.29387417218543044, 20: 0.4009933774834437}","{5: 0.13784597030538598, 10: 0.16722018008200537, 20: 0.19421545369735616}",0.14338717429053704
92,5.405041310191154,0.17526597768689195,6.014805316925049,0.18345903605222702,0.05228555202484131,0.04690159112215042,0.13419421017169952,0.9047167301177979,0.6135299205780029,"{5: 0.20629139072847683, 10: 0.2956953642384106, 20: 0.4054635761589404}","{5: 0.13922204023954884, 10: 0.16782519612091268, 20: 0.19544976847061257}",0.1436268888561931
93,5.404452590147654,0.17522404845803977,6.01980447769165,0.1831960827112198,0.052027538418769836,0.04690159112215042,0.1347450613975525,0.9057325124740601,0.6121841073036194,"{5: 0.20513245033112582, 10: 0.2915562913907285, 20: 0.40480132450331124}","{5: 0.1401314438573572, 10: 0.16798757085737015, 20: 0.19653129830265675}",0.14532718279503828
94,5.403443285822869,0.17517521732176344,6.031516075134277,0.18311136960983276,0.051882751286029816,0.04690159112215042,0.134541317820549,0.9050963521003723,0.6134032607078552,"{5: 0.201158940397351, 10: 0.2902317880794702, 20: 0.39834437086092717}","{5: 0.1367030263736548, 10: 0.16535849665963887, 20: 0.19258166180541184}",0.14218626211810587
95,5.403957764307658,0.1750796421741446,6.009230375289917,0.18310293555259705,0.051917631179094315,0.04690159112215042,0.13434761762619019,0.9058828949928284,0.6136015057563782,"{5: 0.20943708609271522, 10: 0.29205298013245035, 20: 0.40397350993377484}","{5: 0.13984400768153715, 10: 0.16630072183166908, 20: 0.19452536374527887}",0.14279839724104926
96,5.403402302662531,0.17504521344477933,6.026695489883423,0.18304108083248138,0.05191517248749733,0.04690159112215042,0.13388627767562866,0.9069161415100098,0.6140074729919434,"{5: 0.203476821192053, 10: 0.2900662251655629, 20: 0.4013245033112583}","{5: 0.13729996839106479, 10: 0.16516704938269608, 20: 0.19313014958867963}",0.14192394736586816
97,5.403139333923658,0.17494845086087782,6.003819465637207,0.1827770322561264,0.051586609333753586,0.04690159112215042,0.13535481691360474,0.9018294811248779,0.613294780254364,"{5: 0.20612582781456953, 10: 0.2915562913907285, 20: 0.4043046357615894}","{5: 0.13925319949522713, 10: 0.1668327786275093, 20: 0.1952909103292503}",0.14378091167929946
98,5.4026111950476965,0.17483296565090617,6.026360034942627,0.18278402090072632,0.0515935942530632,0.04690159112215042,0.1342100352048874,0.9085215330123901,0.6124082207679749,"{5: 0.20463576158940397, 10: 0.2889072847682119, 20: 0.40298013245033115}","{5: 0.13783493041992187, 10: 0.16487707681213784, 20: 0.19362711116967612}",0.14208438696450745
99,5.401525363326073,0.174767945955197,6.022136449813843,0.1828594133257866,0.05171702802181244,0.04690159112215042,0.13372476398944855,0.9085376858711243,0.61591637134552,"{5: 0.2054635761589404, 10: 0.28807947019867547, 20: 0.40066225165562913}","{5: 0.1382129189194433, 10: 0.16487473746798686, 20: 0.19326239074302826}",0.14225286016401076
100,5.4035768469174705,0.17476391323531668,6.004663705825806,0.18252205848693848,0.05136299133300781,0.04690159112215042,0.13431739807128906,0.9050959944725037,0.6155554056167603,"{5: 0.20496688741721855, 10: 0.29254966887417216, 20: 0.40496688741721854}","{5: 0.13775988446166185, 10: 0.165968504646756, 20: 0.19427343709579367}",0.14219812052139383
101,5.401000183820725,0.1746811846892039,6.014114141464233,0.1825772225856781,0.05140640214085579,0.04690159112215042,0.1341589093208313,0.9067891836166382,0.6149880886077881,"{5: 0.20860927152317882, 10: 0.2958609271523179, 20: 0.4056291390728477}","{5: 0.14080763557888815, 10: 0.16885995422767489, 20: 0.19651584246300705}",0.1448267298818424
102,5.402366788188616,0.17461344817032418,6.010558128356934,0.182257279753685,0.051088202744722366,0.04690159112215042,0.13379190862178802,0.9082496762275696,0.6149623990058899,"{5: 0.20049668874172186, 10: 0.2910596026490066, 20: 0.4014900662251656}","{5: 0.1373622060611548, 10: 0.1665069832707083, 20: 0.1943029340529284}",0.14349012564349647
103,5.4022453407446545,0.17459345770378906,6.010944604873657,0.1825173869729042,0.05139835923910141,0.04690159112215042,0.13359595835208893,0.9058883786201477,0.6197488307952881,"{5: 0.2052980132450331, 10: 0.29072847682119207, 20: 0.40447019867549666}","{5: 0.13882904052734374, 10: 0.1663479533416546, 20: 0.19507185575977856}",0.1434626951912381
104,5.4019669820865,0.17448597342396777,6.006951332092285,0.18215667456388474,0.05093793570995331,0.04690159112215042,0.13344524800777435,0.9073760509490967,0.618759274482727,"{5: 0.20579470198675498, 10: 0.2935430463576159, 20: 0.40281456953642386}","{5: 0.13827291324438637, 10: 0.16639604884267642, 20: 0.19393575302022972}",0.1424980011996844
105,5.402984852592151,0.1744567796898385,6.0209059715271,0.18207299709320068,0.05091908574104309,0.04690159112215042,0.1339278668165207,0.9056648015975952,0.6165618300437927,"{5: 0.20380794701986754, 10: 0.2903973509933775, 20: 0.40049668874172184}","{5: 0.13782076804053706, 10: 0.1657307454292348, 20: 0.19353571001267592}",0.14268112687875104
106,5.401953322688739,0.17438413572187225,6.016226053237915,0.1820889636874199,0.05091630294919014,0.04690159112215042,0.13352015614509583,0.9072328209877014,0.6169708967208862,"{5: 0.20463576158940397, 10: 0.2935430463576159, 20: 0.4019867549668874}","{5: 0.13832907771432637, 10: 0.16699273317854926, 20: 0.1943608416626785}",0.1431872841538183
107,5.400949264566104,0.17427215722079079,6.011712074279785,0.18207892030477524,0.05087393522262573,0.04690159112215042,0.1328669786453247,0.9108335971832275,0.6187868118286133,"{5: 0.20678807947019867, 10: 0.2915562913907285, 20: 0.4014900662251656}","{5: 0.13893941917166805, 10: 0.16618079381273282, 20: 0.19396367357266658}",0.1428318604728244
108,5.401766887307167,0.17422500687340894,6.030642986297607,0.1822570115327835,0.05113719403743744,0.04690159112215042,0.13371890783309937,0.9098402261734009,0.617500364780426,"{5: 0.20364238410596028, 10: 0.2889072847682119, 20: 0.40033112582781455}","{5: 0.13680582614923945, 10: 0.1642251576808904, 20: 0.19230088998150352}",0.1411319656877328
109,5.401739103595416,0.1742059759485225,6.0081627368927,0.18183109909296036,0.050679903477430344,0.04690159112215042,0.13318046927452087,0.9077268242835999,0.6208446621894836,"{5: 0.2077814569536424, 10: 0.29205298013245035, 20: 0.40447019867549666}","{5: 0.13786566525895075, 10: 0.1648528901157, 20: 0.1931477477218931}",0.1409115620796254
110,5.400924385587374,0.17412289002289374,6.005017518997192,0.18176966160535812,0.05055417865514755,0.04690159112215042,0.1331540048122406,0.9093178510665894,0.618770182132721,"{5: 0.20612582781456953, 10: 0.2913907284768212, 20: 0.4016556291390728}","{5: 0.13891884506932947, 10: 0.166379400594345, 20: 0.19428882725191432}",0.14324332736185844
111,5.4025711715221405,0.17406552232181033,6.036153316497803,0.181718647480011,0.050566501915454865,0.04690159112215042,0.13257558643817902,0.9098347425460815,0.6209368109703064,"{5: 0.1986754966887417, 10: 0.2889072847682119, 20: 0.3975165562913907}","{5: 0.13357462093530112, 10: 0.16257784003453538, 20: 0.1898202403491696}",0.13891585899504605
112,5.401070324579875,0.1739645683206618,6.005970001220703,0.18167264759540558,0.05051739886403084,0.04690159112215042,0.1326005458831787,0.9109703898429871,0.6204107403755188,"{5: 0.20413907284768212, 10: 0.2935430463576159, 20: 0.40347682119205297}","{5: 0.13786877764771316, 10: 0.16676058737647453, 20: 0.19456080758808464}",0.1430448165792503
113,5.400823764999708,0.1739524122948448,6.01567006111145,0.1815689280629158,0.05036409571766853,0.04690159112215042,0.1333548128604889,0.9062439799308777,0.6209427714347839,"{5: 0.2031456953642384, 10: 0.29288079470198675, 20: 0.4}","{5: 0.1368800182216215, 10: 0.16574772714779076, 20: 0.19261148212761278}",0.14165582214759675
114,5.4006155321995415,0.17393282741929095,6.018035173416138,0.1819177344441414,0.050743356347084045,0.04690159112215042,0.1336590051651001,0.9054982662200928,0.6210819482803345,"{5: 0.20364238410596028, 10: 0.2912251655629139, 20: 0.4024834437086093}","{5: 0.13760572016633899, 10: 0.16578476255303187, 20: 0.19375810433697227}",0.14245051200816172
115,5.401106982429822,0.17389724552631378,6.033823251724243,0.181739941239357,0.050613127648830414,0.04690159112215042,0.13228581845760345,0.9113457202911377,0.6210617423057556,"{5: 0.2009933774834437, 10: 0.2905629139072848, 20: 0.4}","{5: 0.13560295862867341, 10: 0.16445515613682224, 20: 0.19192495788170014}",0.14081615927993066
116,5.399524127443631,0.1738608266847829,6.019569396972656,0.18156716972589493,0.05039753392338753,0.04690159112215042,0.13309387862682343,0.9058868885040283,0.6220572590827942,"{5: 0.2076158940397351, 10: 0.29172185430463576, 20: 0.40049668874172184}","{5: 0.13873481497859325, 10: 0.1656637330718388, 20: 0.19305206703034458}",0.14200962395068037
117,5.399113570650418,0.1737986120705803,6.01475977897644,0.1817188709974289,0.05060673505067825,0.04690159112215042,0.13222059607505798,0.90931236743927,0.6220550537109375,"{5: 0.20877483443708608, 10: 0.2937086092715232, 20: 0.39983443708609273}","{5: 0.14049179380303187, 10: 0.16777974817137056, 20: 0.19448840918130433}",0.14395925761848097
118,5.400266868869464,0.1738087086006999,6.010080575942993,0.18154118955135345,0.05030911788344383,0.04690159112215042,0.1324653923511505,0.909121036529541,0.6221848130226135,"{5: 0.20579470198675498, 10: 0.29387417218543044, 20: 0.40033112582781455}","{5: 0.13860743440539633, 10: 0.16706685451482306, 20: 0.19388441881596646}",0.14304108272325125
119,5.400043762723604,0.17373335131754478,6.027468681335449,0.18156486004590988,0.05042913928627968,0.04690159112215042,0.13135206699371338,0.912219762802124,0.6241943836212158,"{5: 0.20579470198675498, 10: 0.2913907284768212, 20: 0.39983443708609273}","{5: 0.1374079925335006, 10: 0.16480419841033733, 20: 0.19212965807377896}",0.14099118062202504
120,5.39978643655777,0.173668460889409,6.021228551864624,0.18132318556308746,0.0500943548977375,0.04690159112215042,0.13232280313968658,0.9109575748443604,0.6224324107170105,"{5: 0.20397350993377483, 10: 0.2913907284768212, 20: 0.4}","{5: 0.13693689005264384, 10: 0.16514015450382863, 20: 0.19263951383679118}",0.14154330626228787
121,5.399186912178993,0.17361673920725781,6.025847434997559,0.18140782415866852,0.05024471506476402,0.04690159112215042,0.13157406449317932,0.9120556712150574,0.6253652572631836,"{5: 0.2021523178807947, 10: 0.29321192052980133, 20: 0.4019867549668874}","{5: 0.13636034024472268, 10: 0.16568506000847216, 20: 0.19301654234627225}",0.14157506172230702
122,5.3997659385204315,0.17360213057448468,6.026105642318726,0.18168368190526962,0.050525419414043427,0.04690159112215042,0.13238194584846497,0.9112223982810974,0.6225425601005554,"{5: 0.2029801324503311, 10: 0.2900662251655629, 20: 0.3980132450331126}","{5: 0.13585423854802617, 10: 0.16380231743616774, 20: 0.19101798960704677}",0.14020005788234685
123,5.400622715552648,0.17362481464321414,6.022013425827026,0.18129920214414597,0.05019063875079155,0.04690159112215042,0.1317475289106369,0.9114995002746582,0.625453531742096,"{5: 0.20149006622516558, 10: 0.2905629139072848, 20: 0.39834437086092717}","{5: 0.13678731349919807, 10: 0.16539080285078642, 20: 0.19246829203422497}",0.14204354191457988
124,5.400614140431086,0.17350917647903163,6.0281383991241455,0.18115731328725815,0.050008151680231094,0.04690159112215042,0.13224197924137115,0.905137300491333,0.6248447299003601,"{5: 0.20728476821192052, 10: 0.29288079470198675, 20: 0.4009933774834437}","{5: 0.14131007920827296, 10: 0.1687941949099105, 20: 0.1960061786980029}",0.14565351877780938
125,5.39957005182902,0.17343466927607853,6.017082214355469,0.18115507811307907,0.04996354877948761,0.04690159112215042,0.13244761526584625,0.9123592376708984,0.6225499510765076,"{5: 0.2077814569536424, 10: 0.29321192052980133, 20: 0.4009933774834437}","{5: 0.14042930350398386, 10: 0.16791806252586922, 20: 0.19513474016000104}",0.1445095744354046
126,5.399424693981806,0.1734306045807898,6.008322715759277,0.18113166838884354,0.04996234178543091,0.04690159112215042,0.13177314400672913,0.9097626209259033,0.6248891949653625,"{5: 0.21026490066225165, 10: 0.297682119205298, 20: 0.406953642384106}","{5: 0.14101558963194588, 10: 0.16902133865861704, 20: 0.19646775706714353}",0.14441625329832367
127,5.399172893166542,0.17337745369101565,6.003350496292114,0.18084528297185898,0.04963088035583496,0.04690159112215042,0.1316031962633133,0.9100074172019958,0.6252753734588623,"{5: 0.20430463576158941, 10: 0.2948675496688742, 20: 0.4016556291390728}","{5: 0.13838393861884313, 10: 0.16750673205647248, 20: 0.19448622141452815}",0.1434386196515418
128,5.399656567970911,0.17331675585980216,6.01832127571106,0.18084056675434113,0.04966088756918907,0.04690159112215042,0.13172124326229095,0.9102041125297546,0.625329852104187,"{5: 0.20364238410596028, 10: 0.2950331125827815, 20: 0.40066225165562913}","{5: 0.13917193886460058, 10: 0.16852104742795426, 20: 0.19517240208505796}",0.14471790237932017
129,5.39905514617761,0.1732581593717138,6.012552261352539,0.1807783842086792,0.04958263412117958,0.04690159112215042,0.1314171999692917,0.9086039066314697,0.6274802088737488,"{5: 0.20645695364238412, 10: 0.2943708609271523, 20: 0.40281456953642386}","{5: 0.13894513363869773, 10: 0.16713046143386537, 20: 0.1945498232809913}",0.14319401924183828
130,5.399863948424657,0.17325968748579423,6.021182537078857,0.1808294877409935,0.04964567720890045,0.04690159112215042,0.1314588189125061,0.9109910726547241,0.6264305114746094,"{5: 0.20264900662251656, 10: 0.2945364238410596, 20: 0.40281456953642386}","{5: 0.1370928581187267, 10: 0.16666752897350992, 20: 0.1938867025817467}",0.14240087041791702
131,5.398426608244578,0.1731811319788297,6.013105630874634,0.18077772110700607,0.04959651827812195,0.04690159112215042,0.1313612312078476,0.9086697697639465,0.6282128095626831,"{5: 0.20678807947019867, 10: 0.29271523178807946, 20: 0.40049668874172184}","{5: 0.13816351985299824, 10: 0.16574568590581024, 20: 0.19294704411992963}",0.1418322784221725
132,5.400074292222659,0.17314664665609597,6.007245302200317,0.18044841289520264,0.0492236465215683,0.04690159112215042,0.13105130195617676,0.9110114574432373,0.6278811097145081,"{5: 0.2029801324503311, 10: 0.28956953642384103, 20: 0.4016556291390728}","{5: 0.13668764632269248, 10: 0.16458450721589146, 20: 0.1927354724201935}",0.14135324339203487
133,5.399429589509964,0.1731147337394456,6.03581690788269,0.18071194738149643,0.049528613686561584,0.04690159112215042,0.13131083548069,0.9096026420593262,0.62755286693573,"{5: 0.20132450331125828, 10: 0.2860927152317881, 20: 0.396523178807947}","{5: 0.13642247181065034, 10: 0.16382054208919702, 20: 0.19164832412012364}",0.1415080897855443
134,5.400337808330854,0.17311889883130788,6.012044906616211,0.18091333657503128,0.049823909997940063,0.04690159112215042,0.13121524453163147,0.9080864787101746,0.6297026872634888,"{5: 0.2056291390728477, 10: 0.2935430463576159, 20: 0.4018211920529801}","{5: 0.13913256916778766, 10: 0.1674305492679015, 20: 0.19476219834081385}",0.14380320365855237
135,5.398950719833374,0.17310847273717325,6.022921562194824,0.18059415370225906,0.04940682277083397,0.04690159112215042,0.13116607069969177,0.9113746881484985,0.6286547183990479,"{5: 0.20397350993377483, 10: 0.2894039735099338, 20: 0.39933774834437086}","{5: 0.13674455857434809, 10: 0.1641832515893393, 20: 0.1919028831633511}",0.14091940368248138
136,5.399519353111585,0.17303024269640446,6.0264129638671875,0.18076806515455246,0.04960766062140465,0.04690159112215042,0.13152912259101868,0.912297248840332,0.6266154646873474,"{5: 0.20612582781456953, 10: 0.2900662251655629, 20: 0.3990066225165563}","{5: 0.13850344727370914, 10: 0.16537507922444122, 20: 0.19272913648592715}",0.1421427139383278
137,5.399066336949667,0.1730051591992378,6.015076398849487,0.18060453981161118,0.04944086819887161,0.04690159112215042,0.1305801123380661,0.9134175777435303,0.6286097764968872,"{5: 0.2021523178807947, 10: 0.29387417218543044, 20: 0.39950331125827815}","{5: 0.13579413811892074, 10: 0.16535165546745653, 20: 0.19190192317331073}",0.14085154754436569
138,5.397872768839201,0.1729435870113472,6.003602981567383,0.18056179583072662,0.04944920912384987,0.04690159112215042,0.13043655455112457,0.9134737849235535,0.627837061882019,"{5: 0.20596026490066224, 10: 0.2933774834437086, 20: 0.4}","{5: 0.1380624884801195, 10: 0.16626218581041752, 20: 0.193168458243869}",0.14222647559563845
139,5.399134053786596,0.17285922781253854,6.029979467391968,0.18037185072898865,0.049164824187755585,0.04690159112215042,0.13015124201774597,0.9147803783416748,0.6295560002326965,"{5: 0.20430463576158941, 10: 0.2910596026490066, 20: 0.39867549668874175}","{5: 0.13787668998667735, 10: 0.16564351770262056, 20: 0.19261913173246067}",0.14217449466124277
140,5.398317249615987,0.1728595778035621,6.021980047225952,0.18052542209625244,0.04932950437068939,0.04690159112215042,0.1304709017276764,0.9103561043739319,0.6304407119750977,"{5: 0.2052980132450331, 10: 0.294205298013245, 20: 0.401158940397351}","{5: 0.13743799980113047, 10: 0.16600741961144452, 20: 0.19294659949296358}",0.14162037325221183
141,5.39802476366361,0.17295241489385565,6.020586013793945,0.1801263466477394,0.04887153208255768,0.04690159112215042,0.13001161813735962,0.9125420451164246,0.6322486996650696,"{5: 0.20496688741721855, 10: 0.2933774834437086, 20: 0.4024834437086093}","{5: 0.13831555701249482, 10: 0.16670980390333973, 20: 0.19415959238216576}",0.14292334247109117
142,5.399431393543879,0.1727952436854442,6.01953649520874,0.18041688948869705,0.04921894147992134,0.04690159112215042,0.13052262365818024,0.911614179611206,0.6315100193023682,"{5: 0.20645695364238412, 10: 0.294205298013245, 20: 0.4021523178807947}","{5: 0.1377267092268988, 10: 0.16597168777162666, 20: 0.19317952844480804}",0.1415977073821011
143,5.398409706354141,0.17280348027125,6.003385066986084,0.18047108501195908,0.049301765859127045,0.04690159112215042,0.1308179646730423,0.9078225493431091,0.631457507610321,"{5: 0.20811258278145695, 10: 0.29735099337748344, 20: 0.4024834437086093}","{5: 0.14032259303212954, 10: 0.16899229138102753, 20: 0.19546090940765987}",0.1444336796438457
144,5.398444330692291,0.1727470275014639,6.023196458816528,0.1801287680864334,0.048931218683719635,0.04690159112215042,0.12991997599601746,0.9098609089851379,0.6335829496383667,"{5: 0.20480132450331126, 10: 0.29089403973509936, 20: 0.3990066225165563}","{5: 0.13727786840981995, 10: 0.16490950426518522, 20: 0.19218230594862376}",0.14135987742847164
145,5.3980608205000555,0.1727006037409107,6.002112627029419,0.18021386116743088,0.04901625216007233,0.04690159112215042,0.1313759982585907,0.9092772603034973,0.6306758522987366,"{5: 0.20430463576158941, 10: 0.29718543046357615, 20: 0.40016556291390726}","{5: 0.13818428090076573, 10: 0.16801974568145955, 20: 0.19398530871662872}",0.14326295157931498
146,5.399378064274788,0.1726283040208121,6.020411729812622,0.18009041994810104,0.04889283701777458,0.04690159112215042,0.13015931844711304,0.9123832583427429,0.6328165531158447,"{5: 0.20513245033112582, 10: 0.2947019867549669, 20: 0.4021523178807947}","{5: 0.1374146518328332, 10: 0.16618997434906613, 20: 0.1932365265903094}",0.14169990590076573
147,5.398191539446513,0.1726382886680464,6.022719144821167,0.1801803857088089,0.048997022211551666,0.04690159112215042,0.13095127046108246,0.9094840884208679,0.6317383646965027,"{5: 0.20182119205298013, 10: 0.29221854304635764, 20: 0.40049668874172184}","{5: 0.13695002170588008, 10: 0.16601418501493947, 20: 0.19329610660376137}",0.14241300166047963
148,5.396984800696373,0.17258037691935896,6.002732992172241,0.17982550710439682,0.048563823103904724,0.04690159112215042,0.1298818439245224,0.9117447137832642,0.6326327323913574,"{5: 0.2076158940397351, 10: 0.2948675496688742, 20: 0.4033112582781457}","{5: 0.1399222165543512, 10: 0.16795764443100683, 20: 0.19531600648993688}",0.14407424421499895
149,5.398159827788671,0.17256158447513978,6.024003505706787,0.18010976910591125,0.04896514117717743,0.04690159112215042,0.1300850808620453,0.911753237247467,0.6309052109718323,"{5: 0.20447019867549668, 10: 0.2933774834437086, 20: 0.4024834437086093}","{5: 0.13824298176544392, 10: 0.16674378249818916, 20: 0.19421867219028094}",0.14285472339352234
150,5.398401373624802,0.17254296472917,6.022409915924072,0.18001817166805267,0.04886874556541443,0.04690159112215042,0.12928631901741028,0.9138641953468323,0.6335122585296631,"{5: 0.20248344370860927, 10: 0.2890728476821192, 20: 0.3981788079470199}","{5: 0.13730187826598717, 10: 0.16518119155176428, 20: 0.192642323070804}",0.14226891220800134
151,5.39757500688235,0.17254045518736044,6.009289264678955,0.18009445071220398,0.04894315078854561,0.04690159112215042,0.13041238486766815,0.9119226932525635,0.6309992074966431,"{5: 0.20612582781456953, 10: 0.29254966887417216, 20: 0.40281456953642386}","{5: 0.13833545406922598, 10: 0.16617711048252534, 20: 0.19402665902447228}",0.14253903824762004
152,5.3972583721081415,0.17246186959867676,6.0066022872924805,0.17993523925542831,0.04867906495928764,0.04690159112215042,0.130356565117836,0.9117726683616638,0.6314724683761597,"{5: 0.20695364238410596, 10: 0.297682119205298, 20: 0.4019867549668874}","{5: 0.13961494900532906, 10: 0.16878568131402627, 20: 0.19507633739749328}",0.14403282822362634
153,5.397439761956533,0.1724715496102969,6.042380094528198,0.18004924058914185,0.04886716231703758,0.04690159112215042,0.13028819859027863,0.9130584597587585,0.6321204900741577,"{5: 0.20380794701986754, 10: 0.2903973509933775, 20: 0.3973509933774834}","{5: 0.1382367670930774, 10: 0.16599685466842146, 20: 0.19295243016931396}",0.14289381014590233
154,5.397908965746562,0.1724310095111529,6.021709442138672,0.17987628281116486,0.048682719469070435,0.04690159112215042,0.12982836365699768,0.9118512272834778,0.6333010196685791,"{5: 0.2021523178807947, 10: 0.2897350993377483, 20: 0.3963576158940397}","{5: 0.13821445490350787, 10: 0.16651831620576366, 20: 0.19338836669921874}",0.1437578618131726
155,5.3965423484643305,0.1723812086818119,6.008063077926636,0.17974840849637985,0.04861338064074516,0.04690159112215042,0.12962202727794647,0.9142153263092041,0.6323904395103455,"{5: 0.20513245033112582, 10: 0.294205298013245, 20: 0.40016556291390726}","{5: 0.13910607344267384, 10: 0.16779842755652422, 20: 0.19457910297722217}",0.1440306606671668
156,5.39745293656985,0.17237510771180192,6.030657768249512,0.17981722205877304,0.0486673079431057,0.04690159112215042,0.12988212704658508,0.9113990664482117,0.6336312890052795,"{5: 0.20447019867549668, 10: 0.29221854304635764, 20: 0.40033112582781455}","{5: 0.13789171635709851, 10: 0.16611972834100786, 20: 0.19330904120641038}",0.14240148177999534
157,5.396953264872233,0.17231103725110491,6.016976833343506,0.1798933520913124,0.04871533438563347,0.04690159112215042,0.12978219985961914,0.9107856154441833,0.636048436164856,"{5: 0.2054635761589404, 10: 0.29304635761589404, 20: 0.4013245033112583}","{5: 0.138823482690268, 10: 0.16714838293214507, 20: 0.19448164377780938}",0.14351550980119515
158,5.397721306482951,0.1722916933397452,6.012655973434448,0.17964577674865723,0.04844405874609947,0.04690159112215042,0.12960611283779144,0.9105574488639832,0.6359634399414062,"{5: 0.2076158940397351, 10: 0.29701986754966886, 20: 0.4054635761589404}","{5: 0.14018331868759054, 10: 0.1688816398974286, 20: 0.1961118230756545}",0.14442690413519246
159,5.397942270835241,0.17232575407251716,6.026785135269165,0.1799023076891899,0.0487319752573967,0.04690159112215042,0.12884503602981567,0.9165640473365784,0.6333222389221191,"{5: 0.2033112582781457, 10: 0.29205298013245035, 20: 0.4009933774834437}","{5: 0.1388173033859556, 10: 0.16731950368312812, 20: 0.1947524721259313}",0.14410841986043563
160,5.396817274888357,0.17219650335609912,6.014486789703369,0.17967256903648376,0.048500530421733856,0.04690159112215042,0.12953032553195953,0.9098657369613647,0.6362597942352295,"{5: 0.20695364238410596, 10: 0.29271523178807946, 20: 0.40281456953642386}","{5: 0.14012215721686155, 10: 0.16765940078836403, 20: 0.19532211000556188}",0.14431760674280836
161,5.396687472860019,0.17218989714359242,6.018569469451904,0.17963238060474396,0.048455964773893356,0.04690159112215042,0.1293272227048874,0.9100289344787598,0.636872410774231,"{5: 0.20579470198675498, 10: 0.2947019867549669, 20: 0.4064569536423841}","{5: 0.1385064636634675, 10: 0.16707201825072435, 20: 0.19520717898741463}",0.14303155861153508
162,5.3956894993782045,0.17220298759639263,6.0331854820251465,0.17971361428499222,0.0485280342400074,0.04690159112215042,0.12901626527309418,0.913292646408081,0.6365074515342712,"{5: 0.20596026490066224, 10: 0.29172185430463576, 20: 0.4021523178807947}","{5: 0.13850689818527526, 10: 0.16596507394550652, 20: 0.19357272015502122}",0.14230474004682325
163,5.396023457249005,0.17216757573187352,6.018263578414917,0.17942515015602112,0.048201315104961395,0.04690159112215042,0.1291874498128891,0.9121935367584229,0.6366398334503174,"{5: 0.20463576158940397, 10: 0.29238410596026493, 20: 0.39983443708609273}","{5: 0.1370944547337412, 10: 0.1653360126823779, 20: 0.19238341880949916}",0.14133079478282803
164,5.396348563830058,0.17210448669890563,6.019459247589111,0.17975334078073502,0.048641137778759,0.04690159112215042,0.12957163155078888,0.9106366634368896,0.6355098485946655,"{5: 0.2054635761589404, 10: 0.2937086092715232, 20: 0.4018211920529801}","{5: 0.13936953007780165, 10: 0.1677752816913933, 20: 0.1950413078661786}",0.14413816944652835
165,5.395993274450302,0.1720696692665418,6.018815517425537,0.17951416224241257,0.04835626482963562,0.04690159112215042,0.1296706199645996,0.9111632108688354,0.6352972984313965,"{5: 0.20463576158940397, 10: 0.29304635761589404, 20: 0.3990066225165563}","{5: 0.13763297377832678, 10: 0.16603012590218855, 20: 0.1927884840807378}",0.14210554716602855
166,5.396985448400179,0.17199009259541828,6.0264341831207275,0.1795779913663864,0.04843290150165558,0.04690159112215042,0.1298334300518036,0.9121960401535034,0.6352661848068237,"{5: 0.20612582781456953, 10: 0.29519867549668877, 20: 0.40281456953642386}","{5: 0.13836163653443193, 10: 0.1670435368620007, 20: 0.19410026499767177}",0.1425972389069614
167,5.397157583634058,0.17205157916372021,6.01942253112793,0.17949939519166946,0.04832350090146065,0.04690159112215042,0.12932555377483368,0.9096233248710632,0.636699378490448,"{5: 0.20380794701986754, 10: 0.2915562913907285, 20: 0.3990066225165563}","{5: 0.13877319942247, 10: 0.16707304392429376, 20: 0.19411836838880123}",0.14390627627341163
168,5.395623952150345,0.17199953477829694,6.00748085975647,0.1793903261423111,0.04823422059416771,0.04690159112215042,0.12954306602478027,0.9128870964050293,0.6355497241020203,"{5: 0.20662251655629138, 10: 0.2950331125827815, 20: 0.40281456953642386}","{5: 0.1386088036543486, 10: 0.16699240981348304, 20: 0.19409671303452244}",0.14253836120201263
169,5.39647171596686,0.1719459343701601,6.011040687561035,0.17957793176174164,0.04838818684220314,0.04690159112215042,0.12957601249217987,0.9131484627723694,0.6355583071708679,"{5: 0.2033112582781457, 10: 0.29304635761589404, 20: 0.4043046357615894}","{5: 0.13820732066173427, 10: 0.16716953302850787, 20: 0.19528459965787975}",0.14374434111134107
170,5.396517643332482,0.17194582000374795,6.01787543296814,0.17942549288272858,0.048233501613140106,0.04690159112215042,0.12885768711566925,0.9116246700286865,0.637260913848877,"{5: 0.21009933774834438, 10: 0.294205298013245, 20: 0.39983443708609273}","{5: 0.14200196929325332, 10: 0.1690103038257321, 20: 0.19567775094745965}",0.14547927048032647
171,5.396656513214111,0.17192767964055142,6.0084099769592285,0.17928141355514526,0.04815008491277695,0.04690159112215042,0.1282293051481247,0.9147063493728638,0.6376892924308777,"{5: 0.20612582781456953, 10: 0.2948675496688742, 20: 0.40016556291390726}","{5: 0.13950429752173013, 10: 0.16791569791882244, 20: 0.19440443026308982}",0.14382478827672288
172,5.395557643969854,0.17190244663506746,6.012877464294434,0.17909406125545502,0.04793436825275421,0.04690159112215042,0.1289149820804596,0.9117841720581055,0.6367617249488831,"{5: 0.20463576158940397, 10: 0.2947019867549669, 20: 0.39983443708609273}","{5: 0.13691857950576883, 10: 0.1658251377130976, 20: 0.19230543225016816}",0.14115723363611082
173,5.395932101209959,0.17185273033877213,6.012383222579956,0.1791224107146263,0.04791425168514252,0.04690159112215042,0.12905199825763702,0.9156500101089478,0.6358583569526672,"{5: 0.2009933774834437, 10: 0.29652317880794704, 20: 0.40380794701986755}","{5: 0.1371729111829341, 10: 0.16802085219629553, 20: 0.19502466972300547}",0.1435257160110979
174,5.395772553483645,0.17184661623711386,6.0173280239105225,0.17927023023366928,0.04812733829021454,0.04690159112215042,0.12841828167438507,0.914580762386322,0.637637197971344,"{5: 0.20612582781456953, 10: 0.29172185430463576, 20: 0.401158940397351}","{5: 0.13809022713970664, 10: 0.16561870448636692, 20: 0.19321519460109685}",0.14198564946256725
175,5.396199078361193,0.17180710720519224,6.015662431716919,0.17916768044233322,0.04797320440411568,0.04690159112215042,0.12891583144664764,0.9099286794662476,0.6387743949890137,"{5: 0.21009933774834438, 10: 0.29701986754966886, 20: 0.4009933774834437}","{5: 0.14195047340645695, 10: 0.16994068069963267, 20: 0.19621736640172288}",0.14579841159037407
176,5.395377560456594,0.1717749364984532,6.002374887466431,0.17911330610513687,0.047979552298784256,0.04690159112215042,0.12854625284671783,0.9123663306236267,0.6381958723068237,"{5: 0.20645695364238412, 10: 0.2993377483443709, 20: 0.40049668874172184}","{5: 0.14018467783138452, 10: 0.17001717674811154, 20: 0.19557884165782802}",0.14514937242924772
177,5.3958996564149855,0.17179496452833215,6.004631042480469,0.17905832082033157,0.0478503480553627,0.04690159112215042,0.12925000488758087,0.9105830788612366,0.6388071775436401,"{5: 0.20711920529801325, 10: 0.29387417218543044, 20: 0.40447019867549666}","{5: 0.14134019763264435, 10: 0.16929141922502328, 20: 0.1972178781269402}",0.14617949226834126
178,5.395443627238274,0.17170488126575947,5.99750280380249,0.17902183532714844,0.04779762774705887,0.04690159112215042,0.12840116024017334,0.9142976999282837,0.6384250521659851,"{5: 0.20612582781456953, 10: 0.29950331125827817, 20: 0.40480132450331124}","{5: 0.14058587282698676, 10: 0.1706472283167555, 20: 0.1971358191888064}",0.14592869739658784
179,5.396106974283854,0.17171570003653566,6.018499135971069,0.1790531948208809,0.047809142619371414,0.04690159112215042,0.12895886600017548,0.9122750163078308,0.6385478973388672,"{5: 0.20447019867549668, 10: 0.2915562913907285, 20: 0.40066225165562913}","{5: 0.13835369387999275, 10: 0.1664949126590956, 20: 0.1939050737595716}",0.14314717678044805
180,5.395907310644786,0.1716779996951421,6.010356187820435,0.17885423451662064,0.04764202609658241,0.04690159112215042,0.12846508622169495,0.9130012392997742,0.6396903991699219,"{5: 0.2074503311258278, 10: 0.29619205298013246, 20: 0.4033112582781457}","{5: 0.1410755789043098, 10: 0.16960414861211714, 20: 0.1965918383061491}",0.14570845547101355
181,5.395402663946152,0.1716899289128681,6.024893522262573,0.17902619391679764,0.04784707725048065,0.04690159112215042,0.12848623096942902,0.9119937419891357,0.64037024974823,"{5: 0.20612582781456953, 10: 0.2933774834437086, 20: 0.398841059602649}","{5: 0.13912727406482822, 10: 0.1672250103476821, 20: 0.1938444529148127}",0.14341461484795376
182,5.395480135083199,0.1716384269297123,6.005822420120239,0.1787370964884758,0.0475151501595974,0.04690159112215042,0.12821316719055176,0.9113873243331909,0.6404970288276672,"{5: 0.2052980132450331, 10: 0.29304635761589404, 20: 0.4021523178807947}","{5: 0.13839977845450901, 10: 0.16668247955524368, 20: 0.19418816976989342}",0.1429354585559163
183,5.3958873103062315,0.17160872311020892,6.015406370162964,0.1788608655333519,0.0476716049015522,0.04690159112215042,0.12848135828971863,0.9125080704689026,0.6396143436431885,"{5: 0.20496688741721855, 10: 0.2945364238410596, 20: 0.3990066225165563}","{5: 0.13871757052592093, 10: 0.16762265338013504, 20: 0.19397794205621377}",0.14358836799267902
184,5.396147523323695,0.17163241893673936,6.00632905960083,0.17906850576400757,0.047885846346616745,0.04690159112215042,0.12807875871658325,0.9112783074378967,0.6418898701667786,"{5: 0.20877483443708608, 10: 0.2912251655629139, 20: 0.405794701986755}","{5: 0.1411506703357823, 10: 0.1677604119509261, 20: 0.19659988706475062}",0.14505285806213783
185,5.393899267911911,0.1715744205750525,6.020155906677246,0.17880669236183167,0.04753243923187256,0.04690159112215042,0.12810446321964264,0.9116825461387634,0.6421863436698914,"{5: 0.20811258278145695, 10: 0.29205298013245035, 20: 0.39834437086092717}","{5: 0.14075355782414115, 10: 0.16775903764939465, 20: 0.19456206062771628}",0.14459959118571503
186,5.395818884174029,0.17156163624798257,6.024872541427612,0.1788642704486847,0.04764602705836296,0.04690159112215042,0.12781620025634766,0.9164026975631714,0.6397295594215393,"{5: 0.20380794701986754, 10: 0.2902317880794702, 20: 0.4}","{5: 0.13698299483747672, 10: 0.16471035685760296, 20: 0.19231591635192466}",0.141305653148929
187,5.395786836743355,0.17152302100633582,6.003054618835449,0.17895812541246414,0.04783446341753006,0.04690159112215042,0.12765145301818848,0.913845419883728,0.6419525742530823,"{5: 0.20662251655629138, 10: 0.2935430463576159, 20: 0.39966887417218544}","{5: 0.1391474944866256, 10: 0.1670670717757269, 20: 0.19386967538997826}",0.14326987866534302
188,5.395198317368825,0.17154798479750752,6.007371664047241,0.1789790391921997,0.047810763120651245,0.04690159112215042,0.1278136521577835,0.9131618142127991,0.6410312652587891,"{5: 0.20645695364238412, 10: 0.29668874172185433, 20: 0.40264900662251657}","{5: 0.1402154480384675, 10: 0.16921299814388452, 20: 0.195892333984375}",0.14498640654102857
189,5.394584912061691,0.17149242482458552,6.011118650436401,0.17896662652492523,0.04781492054462433,0.04690159112215042,0.1284775733947754,0.9123290181159973,0.6399231553077698,"{5: 0.20480132450331126, 10: 0.29238410596026493, 20: 0.40298013245033115}","{5: 0.13800294383472164, 10: 0.16621426209708712, 20: 0.19408059025442365}",0.14262573040084334
190,5.39534512758255,0.17145192570363482,6.015901565551758,0.17860741913318634,0.04742952436208725,0.04690159112215042,0.12760016322135925,0.9118508100509644,0.6427119970321655,"{5: 0.2054635761589404, 10: 0.29619205298013246, 20: 0.40281456953642386}","{5: 0.13937856914191846, 10: 0.16856614674953435, 20: 0.19534078433813637}",0.14425056912251655
191,5.395457624395688,0.1714789937560757,6.012729167938232,0.1788792461156845,0.047707244753837585,0.04690159112215042,0.12756985425949097,0.9138759970664978,0.6429816484451294,"{5: 0.20629139072847683, 10: 0.295364238410596, 20: 0.4}","{5: 0.14067220119451054, 10: 0.16937947052204055, 20: 0.19576211891426945}",0.14558827987569847
192,5.3957091748714445,0.17146599600091578,6.027472257614136,0.1789335086941719,0.047792091965675354,0.04690159112215042,0.1285167932510376,0.9119645357131958,0.6404186487197876,"{5: 0.20447019867549668, 10: 0.29238410596026493, 20: 0.39950331125827815}","{5: 0.1372231691878363, 10: 0.16540422755361392, 20: 0.19242517837625467}",0.141463364354822
193,5.394589908917745,0.17142166225239636,6.030351877212524,0.178633451461792,0.04743451252579689,0.04690159112215042,0.1282360553741455,0.9111071825027466,0.6415500640869141,"{5: 0.20397350993377483, 10: 0.29254966887417216, 20: 0.39917218543046357}","{5: 0.13672178154749587, 10: 0.16527867601407284, 20: 0.19213656494949038}",0.14115178190319744
194,5.395699515938759,0.17139952750876547,5.999307155609131,0.1787434071302414,0.047565262764692307,0.04690159112215042,0.12786154448986053,0.9145053029060364,0.641696035861969,"{5: 0.20860927152317882, 10: 0.2935430463576159, 20: 0.40298013245033115}","{5: 0.1410759426900093, 10: 0.16840781912898387, 20: 0.19602618691147558}",0.14509118187506467
195,5.395649045705795,0.17137287777538102,5.994486331939697,0.17853575944900513,0.04729269817471504,0.04690159112215042,0.12849588692188263,0.9112443923950195,0.6415493488311768,"{5: 0.21109271523178808, 10: 0.2955298013245033, 20: 0.4033112582781457}","{5: 0.14220729095256882, 10: 0.16939210196993998, 20: 0.19661424649472267}",0.14562861966771007
196,5.3955333173275,0.17131218854337932,6.004899501800537,0.17853812128305435,0.047341279685497284,0.04690159112215042,0.127284437417984,0.9132299423217773,0.6432220339775085,"{5: 0.20662251655629138, 10: 0.2955298013245033, 20: 0.4016556291390728}","{5: 0.13838010876384002, 10: 0.16713626179474078, 20: 0.19382294913790873}",0.14255656564472527
197,5.395765785376231,0.17129140822216868,6.005537748336792,0.17857182770967484,0.047395430505275726,0.04690159112215042,0.12788215279579163,0.913867175579071,0.6433762311935425,"{5: 0.20496688741721855, 10: 0.2956953642384106, 20: 0.40281456953642386}","{5: 0.13977644459301272, 10: 0.16903109518897455, 20: 0.19600000949884883}",0.14517848033778716
198,5.3937505652507145,0.17126470394432544,6.01748514175415,0.17857857048511505,0.04737772047519684,0.04690159112215042,0.12756671011447906,0.9169963002204895,0.6418547630310059,"{5: 0.2056291390728477, 10: 0.29089403973509936, 20: 0.39917218543046357}","{5: 0.13799716368416287, 10: 0.16535777919339817, 20: 0.19258039360804274}",0.14181790383446297
199,5.394174630443255,0.17125999986504514,6.021276235580444,0.1785803884267807,0.04741549491882324,0.04690159112215042,0.12769098579883575,0.912002444267273,0.6426252126693726,"{5: 0.2052980132450331, 10: 0.294205298013245, 20: 0.4013245033112583}","{5: 0.137699960872827, 10: 0.16627346821968128, 20: 0.19328951298795788}",0.1419885951162174
200,5.394928028186162,0.17125992691144348,6.00921368598938,0.17838504165410995,0.04714907333254814,0.04690159112215042,0.12741000950336456,0.913517951965332,0.6448134779930115,"{5: 0.20612582781456953, 10: 0.29387417218543044, 20: 0.4008278145695364}","{5: 0.13968500806795842, 10: 0.16796136312926843, 20: 0.19490728315138658}",0.14422088016737375
201,5.394480659564336,0.1712485239841044,5.999067306518555,0.17839133739471436,0.04713815078139305,0.04690159112215042,0.12743449211120605,0.9142829179763794,0.644845187664032,"{5: 0.2074503311258278, 10: 0.29718543046357615, 20: 0.40447019867549666}","{5: 0.1406695940636641, 10: 0.16950712898709128, 20: 0.19659328839636797}",0.14531691090160648
202,5.39545003871123,0.17121245314677555,6.0043275356292725,0.17824379354715347,0.04703804850578308,0.04690159112215042,0.1271190047264099,0.9136781096458435,0.644079864025116,"{5: 0.2052980132450331, 10: 0.29321192052980133, 20: 0.4018211920529801}","{5: 0.13928440422411786, 10: 0.16755780352661942, 20: 0.19492928208104823}",0.14406760512598302
203,5.394552462299665,0.17116058065245549,6.018059730529785,0.17841792851686478,0.04722972959280014,0.04690159112215042,0.12669594585895538,0.9151645302772522,0.6452094316482544,"{5: 0.20596026490066224, 10: 0.29685430463576157, 20: 0.4031456953642384}","{5: 0.13922692103101716, 10: 0.16854130827038494, 20: 0.1953208670710886}",0.14399320589785544
204,5.3942234774430595,0.1711523705162108,6.018605709075928,0.17847494035959244,0.04730495437979698,0.04690159112215042,0.12779580056667328,0.9118310809135437,0.6429364085197449,"{5: 0.20678807947019867, 10: 0.29172185430463576, 20: 0.39983443708609273}","{5: 0.13962807560598614, 10: 0.16702866712153353, 20: 0.19431123038790873}",0.14378298323675498
205,5.394120831290881,0.17110911666726072,6.022234201431274,0.1783081814646721,0.04713476449251175,0.04690159112215042,0.1275964230298996,0.9129212498664856,0.6420082449913025,"{5: 0.20612582781456953, 10: 0.29321192052980133, 20: 0.40016556291390726}","{5: 0.13903771204664217, 10: 0.16714866587657803, 20: 0.19417371939349648}",0.1434893071256726
206,5.394329903523127,0.17111406025166312,6.008625745773315,0.1783682182431221,0.04714757576584816,0.04690159112215042,0.12763451039791107,0.9125198125839233,0.6444811820983887,"{5: 0.21009933774834438, 10: 0.2955298013245033, 20: 0.4031456953642384}","{5: 0.1417775337269764, 10: 0.16916383654865996, 20: 0.19620624062241307}",0.14525439533966267
207,5.3935090353091555,0.17109540589153766,6.005271673202515,0.17821834236383438,0.04700252786278725,0.04690159112215042,0.12724320590496063,0.9146163463592529,0.6438874006271362,"{5: 0.20794701986754968, 10: 0.2956953642384106, 20: 0.401158940397351}","{5: 0.14093393490014486, 10: 0.16910061867821297, 20: 0.19571760569187188}",0.14513497257864238
208,5.393367079893748,0.17105447395394247,5.997653245925903,0.178145170211792,0.04693324491381645,0.04690159112215042,0.1268167346715927,0.9175815582275391,0.644271969795227,"{5: 0.20711920529801325, 10: 0.297682119205298, 20: 0.4056291390728477}","{5: 0.14065312265560326, 10: 0.16986326508174668, 20: 0.19697509159315502}",0.14544504936167735
209,5.394255018234253,0.17102867082382242,6.001814365386963,0.17814252525568008,0.04691816866397858,0.04690159112215042,0.12689727544784546,0.9123660326004028,0.6455405354499817,"{5: 0.20910596026490066, 10: 0.2980132450331126, 20: 0.40413907284768213}","{5: 0.14097531552346337, 10: 0.16954512438237274, 20: 0.19620869112330558}",0.14491448307668925
210,5.394810780882835,0.17103297219922145,6.022490978240967,0.17818837612867355,0.046948712319135666,0.04690159112215042,0.12663844227790833,0.9183222055435181,0.6433988809585571,"{5: 0.20413907284768212, 10: 0.29321192052980133, 20: 0.4024834437086093}","{5: 0.13825177325318191, 10: 0.1669336634755924, 20: 0.19442792475618273}",0.1431706055900119
211,5.393182198206584,0.17098235124722122,6.006028413772583,0.1781441792845726,0.04695708677172661,0.04690159112215042,0.12688389420509338,0.915686309337616,0.6457327604293823,"{5: 0.20811258278145695, 10: 0.294205298013245, 20: 0.4033112582781457}","{5: 0.1405796480494619, 10: 0.16832740733165616, 20: 0.1958803391614497}",0.14474982962703073
212,5.39449078142643,0.17092988602817058,6.019643306732178,0.17830105125904083,0.04712768271565437,0.04690159112215042,0.12696519494056702,0.9127678275108337,0.6463972926139832,"{5: 0.20397350993377483, 10: 0.2935430463576159, 20: 0.39834437086092717}","{5: 0.13688065989917478, 10: 0.16568670714927825, 20: 0.19209862513257966}",0.14135265224027319
213,5.393825619419416,0.1709352784169217,6.007314920425415,0.1779261901974678,0.04666278883814812,0.04690159112215042,0.12668590247631073,0.9201648235321045,0.6438080668449402,"{5: 0.2074503311258278, 10: 0.2945364238410596, 20: 0.40397350993377484}","{5: 0.13906628943436983, 10: 0.16720046997070312, 20: 0.19470502840762108}",0.14304797444122516
214,5.393463057279587,0.1708937502776583,6.015278339385986,0.17782015353441238,0.046614713966846466,0.04690159112215042,0.12699148058891296,0.9153426885604858,0.6459963321685791,"{5: 0.2077814569536424, 10: 0.2943708609271523, 20: 0.40463576158940395}","{5: 0.1402742246918331, 10: 0.1682154775455298, 20: 0.19599143527201468}",0.1444465687732823
215,5.394060764710108,0.1708370189803342,6.009336709976196,0.17822526395320892,0.047023069113492966,0.04690159112215042,0.1273781657218933,0.9140550494194031,0.64438796043396,"{5: 0.20910596026490066, 10: 0.29668874172185433, 20: 0.401158940397351}","{5: 0.14110494449438638, 10: 0.16932925799035078, 20: 0.1956991334624638}",0.14505689002030733
216,5.393793961405754,0.1708549592954417,6.013106107711792,0.17811096459627151,0.04688572511076927,0.04690159112215042,0.1269519031047821,0.9144754409790039,0.6468402743339539,"{5: 0.20860927152317882, 10: 0.2950331125827815, 20: 0.40281456953642386}","{5: 0.13983482714520384, 10: 0.16768807922767487, 20: 0.1947993903760089}",0.14346968290821607
217,5.392699959874153,0.17087422041222453,6.0222227573394775,0.17790497094392776,0.04664544761180878,0.04690159112215042,0.12696495652198792,0.9163435101509094,0.6449254751205444,"{5: 0.20711920529801325, 10: 0.2905629139072848, 20: 0.40033112582781455}","{5: 0.13942052575926117, 10: 0.16634647798853994, 20: 0.1940655992520566}",0.14331617544818398
218,5.394594320654869,0.1708660786661009,6.013682842254639,0.17807523906230927,0.046923283487558365,0.04690159112215042,0.12698201835155487,0.9148330688476562,0.6451522707939148,"{5: 0.20728476821192052, 10: 0.29635761589403975, 20: 0.40413907284768213}","{5: 0.13959137872354874, 10: 0.16812696646380898, 20: 0.19523151726122723}",0.14371193892118947
219,5.394230542580287,0.1708350757136941,6.013710260391235,0.1780398264527321,0.04684780538082123,0.04690159112215042,0.12679703533649445,0.916886568069458,0.6454225778579712,"{5: 0.20496688741721855, 10: 0.29072847682119207, 20: 0.4024834437086093}","{5: 0.13772910414942052, 10: 0.16546184211377277, 20: 0.19363357847100063}",0.1420507115244076
220,5.394025126099587,0.1707967628724873,6.023090839385986,0.17792028188705444,0.046669136732816696,0.04690159112215042,0.1266353577375412,0.9149173498153687,0.6477361917495728,"{5: 0.20496688741721855, 10: 0.2897350993377483, 20: 0.40033112582781455}","{5: 0.1382940987088033, 10: 0.16559042014823055, 20: 0.1935227501471311}",0.1427114474062888
221,5.392961355050405,0.17075486481189728,6.005781412124634,0.17802316695451736,0.046856969594955444,0.04690159112215042,0.12640176713466644,0.9149178266525269,0.6465396285057068,"{5: 0.20794701986754968, 10: 0.294205298013245, 20: 0.4014900662251656}","{5: 0.1399945795930774, 10: 0.16782461002173013, 20: 0.19490550464352235}",0.14398357568197692
222,5.393908590078354,0.17077779692287245,6.026873588562012,0.17792744934558868,0.04667402058839798,0.04690159112215042,0.1269705891609192,0.9125769734382629,0.6468446254730225,"{5: 0.2097682119205298, 10: 0.294205298013245, 20: 0.4014900662251656}","{5: 0.13987278211985202, 10: 0.1670520302475683, 20: 0.19409156445635864}",0.1429228725812293
223,5.3929779460032785,0.17072399314492942,6.003337621688843,0.17777086049318314,0.04656672850251198,0.04690159112215042,0.1268789917230606,0.9116605520248413,0.6472182273864746,"{5: 0.20198675496688742, 10: 0.2915562913907285, 20: 0.40033112582781455}","{5: 0.13695817151606476, 10: 0.16579624201288287, 20: 0.19322513807688327}",0.1423799123195623
224,5.393612027168274,0.17071055515358846,6.002540588378906,0.17768224328756332,0.046472594141960144,0.04690159112215042,0.12665867805480957,0.9136239886283875,0.6482676863670349,"{5: 0.2074503311258278, 10: 0.2956953642384106, 20: 0.4024834437086093}","{5: 0.140326907934732, 10: 0.1686833160602494, 20: 0.1955659980016039}",0.144570432751384
225,5.393986315528552,0.17072513677800696,6.013713359832764,0.17782605439424515,0.046600982546806335,0.04690159112215042,0.12577639520168304,0.9176095128059387,0.6475825309753418,"{5: 0.20728476821192052, 10: 0.29635761589403975, 20: 0.4021523178807947}","{5: 0.13932192972953747, 10: 0.1679462811804765, 20: 0.19464732795361653}",0.14345855712890626
226,5.3940095941225685,0.17065228434900442,6.014508247375488,0.17772210389375687,0.046481795608997345,0.04690159112215042,0.12635205686092377,0.9157019853591919,0.646990180015564,"{5: 0.20910596026490066, 10: 0.2955298013245033, 20: 0.4021523178807947}","{5: 0.14055235401684085, 10: 0.1682670542735927, 20: 0.19514856401658215}",0.14412937795879036
227,5.394461630781492,0.1706686455756426,6.012012720108032,0.17778818309307098,0.046626921743154526,0.04690159112215042,0.1268344223499298,0.9139150381088257,0.6462376117706299,"{5: 0.2074503311258278, 10: 0.29172185430463576, 20: 0.4014900662251656}","{5: 0.13957656961403145, 10: 0.16670975843012728, 20: 0.1943387770494878}",0.14337691755484272
228,5.3930560121933615,0.1706390608722965,6.021826505661011,0.1777411848306656,0.04653465002775192,0.04690159112215042,0.1269480288028717,0.9126696586608887,0.6465281844139099,"{5: 0.20198675496688742, 10: 0.294205298013245, 20: 0.401158940397351}","{5: 0.13682063020617757, 10: 0.16654942998822952, 20: 0.1934394735374198}",0.1423251170985746
229,5.393639505902926,0.17062649565438429,6.014910697937012,0.1779322475194931,0.046738509088754654,0.04690159112215042,0.12655115127563477,0.9161682724952698,0.6469495892524719,"{5: 0.20579470198675498, 10: 0.29718543046357615, 20: 0.4019867549668874}","{5: 0.13923555083622205, 10: 0.1686598417774731, 20: 0.19504837137184397}",0.1440753456772558
230,5.39289301832517,0.17057085111737252,6.008758306503296,0.17762061208486557,0.04640795290470123,0.04690159112215042,0.12601853907108307,0.9131609797477722,0.6500770449638367,"{5: 0.20629139072847683, 10: 0.2935430463576159, 20: 0.40380794701986755}","{5: 0.13930635768056707, 10: 0.16743903254831075, 20: 0.1952261110015263}",0.14380526511084954
231,5.393064466118813,0.17053222050890326,6.0135297775268555,0.17743289470672607,0.04619203880429268,0.04690159112215042,0.12582091987133026,0.9180975556373596,0.6487545967102051,"{5: 0.20231788079470198, 10: 0.29172185430463576, 20: 0.40298013245033115}","{5: 0.13655885607990997, 10: 0.1654709822294728, 20: 0.19348347644932223}",0.14185070517836817
232,5.393169947465261,0.17056440946956475,6.013130187988281,0.17775573581457138,0.04649139568209648,0.04690159112215042,0.12631908059120178,0.913569986820221,0.6494942903518677,"{5: 0.2056291390728477, 10: 0.2912251655629139, 20: 0.402317880794702}","{5: 0.13855434695616464, 10: 0.16623215833247101, 20: 0.1943568854931964}",0.14304042588796048
233,5.39367971320947,0.17057888250177106,6.014275789260864,0.17756184935569763,0.04629103094339371,0.04690159112215042,0.12676791846752167,0.9133284687995911,0.6490782499313354,"{5: 0.20943708609271522, 10: 0.294205298013245, 20: 0.4033112582781457}","{5: 0.14130232349926272, 10: 0.1686278791617084, 20: 0.19615461336855858}",0.1450818447087774
234,5.3935380210479105,0.17045794362202288,6.013492584228516,0.17763208597898483,0.046472784131765366,0.04690159112215042,0.1262192577123642,0.9160484075546265,0.6470633745193481,"{5: 0.20728476821192052, 10: 0.2937086092715232, 20: 0.39983443708609273}","{5: 0.1406020057122439, 10: 0.16841169950977855, 20: 0.19518021337243896}",0.14493412245188328
235,5.3934494137763975,0.1704358534576992,6.024992227554321,0.17757552862167358,0.04636237397789955,0.04690159112215042,0.12549053132534027,0.9150126576423645,0.6506232619285583,"{5: 0.2052980132450331, 10: 0.2948675496688742, 20: 0.4031456953642384}","{5: 0.13763418639732514, 10: 0.1665225906877328, 20: 0.19371695613229512}",0.14201756155254036
236,5.3924250394105915,0.17038461559762558,6.021556377410889,0.17767418920993805,0.04642703756690025,0.04690159112215042,0.12612098455429077,0.9161216020584106,0.6483274102210999,"{5: 0.20463576158940397, 10: 0.29304635761589404, 20: 0.39917218543046357}","{5: 0.13859268087424978, 10: 0.16706259519059136, 20: 0.1938570742575538}",0.14340880943449918
237,5.392847534020742,0.17044492308050394,6.007530450820923,0.17756035178899765,0.046330131590366364,0.04690159112215042,0.12615454196929932,0.9170395135879517,0.6482886075973511,"{5: 0.20579470198675498, 10: 0.29519867549668877, 20: 0.40364238410596026}","{5: 0.13919917226627174, 10: 0.1679811692395747, 20: 0.19522890002522247}",0.1438759254303989
238,5.393288361032804,0.17045687170078358,6.017193555831909,0.17755509167909622,0.04633747786283493,0.04690159112215042,0.1259271502494812,0.9156849384307861,0.6488322019577026,"{5: 0.20844370860927153, 10: 0.29271523178807946, 20: 0.4008278145695364}","{5: 0.1391700896206281, 10: 0.1661425558936517, 20: 0.19332517914424668}",0.14225125344383796
239,5.393496285875639,0.17036447658513984,6.030217409133911,0.1774563565850258,0.0462171770632267,0.04690159112215042,0.12684312462806702,0.9123649597167969,0.6483840942382812,"{5: 0.2054635761589404, 10: 0.2902317880794702, 20: 0.40066225165562913}","{5: 0.13854316559848406, 10: 0.16584967809007659, 20: 0.1936772226497827}",0.142749528695416
240,5.393632977207502,0.17040600947414836,6.018148899078369,0.17761791497468948,0.04644833877682686,0.04690159112215042,0.12627609074115753,0.9159066677093506,0.6485382914543152,"{5: 0.2056291390728477, 10: 0.29321192052980133, 20: 0.398841059602649}","{5: 0.1379720927863721, 10: 0.16618491671732719, 20: 0.19282612579547806}",0.14210394044585575
241,5.393748553593953,0.1703804942468802,6.021996974945068,0.1774400919675827,0.04622787609696388,0.04690159112215042,0.12585105001926422,0.9132612943649292,0.6498939990997314,"{5: 0.20811258278145695, 10: 0.29254966887417216, 20: 0.4}","{5: 0.13999801534690604, 10: 0.16719032944432946, 20: 0.19423346108948158}",0.14364521961338472
242,5.39247897863388,0.1703844173811376,5.998390436172485,0.17754174023866653,0.04636313021183014,0.04690159112215042,0.12653842568397522,0.914905309677124,0.6482380628585815,"{5: 0.20844370860927153, 10: 0.2958609271523179, 20: 0.40347682119205297}","{5: 0.1399679322905888, 10: 0.16803281670374587, 20: 0.19513633677501552}",0.14373214418524938
243,5.3931459774573645,0.17031349356596667,6.015831708908081,0.1775200441479683,0.04627789184451103,0.04690159112215042,0.12584595382213593,0.9174560904502869,0.6485708951950073,"{5: 0.2052980132450331, 10: 0.2945364238410596, 20: 0.4043046357615894}","{5: 0.1387448797162795, 10: 0.16747772519951626, 20: 0.19510419731898024}",0.14357599927889592
244,5.393115958571434,0.1703340356859068,6.001037120819092,0.17735321074724197,0.04618663340806961,0.04690159112215042,0.12587223947048187,0.91523677110672,0.6503652930259705,"{5: 0.20579470198675498, 10: 0.3001655629139073, 20: 0.40447019867549666}","{5: 0.13935912681731166, 10: 0.1696751474544702, 20: 0.19594905929060172}",0.1444567244573934
245,5.393215707937876,0.1702796914925178,5.989886522293091,0.17724356800317764,0.04605367034673691,0.04690159112215042,0.12560996413230896,0.9154797196388245,0.6509437561035156,"{5: 0.20711920529801325, 10: 0.29701986754966886, 20: 0.4031456953642384}","{5: 0.14004528727752483, 10: 0.1688843885004915, 20: 0.19565432719047496}",0.1444797692709411
246,5.39310904443264,0.1702783458555738,6.016900062561035,0.17724032700061798,0.04604693502187729,0.04690159112215042,0.1261436641216278,0.9144706130027771,0.6495671272277832,"{5: 0.20695364238410596, 10: 0.29519867549668877, 20: 0.39917218543046357}","{5: 0.139193740743675, 10: 0.16747190968090336, 20: 0.19377371680657596}",0.14326230484918254
247,5.393584338823954,0.17022627517580985,6.025664806365967,0.1772928386926651,0.04606574773788452,0.04690159112215042,0.1260307878255844,0.9142373204231262,0.6499140858650208,"{5: 0.21059602649006623, 10: 0.294205298013245, 20: 0.402317880794702}","{5: 0.14069549863701625, 10: 0.16748981602144558, 20: 0.19466264232104977}",0.14344226761369516
248,5.393311823407809,0.17021075723071893,6.0221076011657715,0.17735911905765533,0.046166036278009415,0.04690159112215042,0.1251446157693863,0.9167804718017578,0.6526354551315308,"{5: 0.20711920529801325, 10: 0.29519867549668877, 20: 0.402317880794702}","{5: 0.13880701633478632, 10: 0.16722968903598406, 20: 0.1942112802669702}",0.14281625810837903
249,5.39220155775547,0.17022315474847952,6.009880542755127,0.17720533907413483,0.04596734046936035,0.04690159112215042,0.12554094195365906,0.9178347587585449,0.6509358882904053,"{5: 0.2076158940397351, 10: 0.29834437086092713, 20: 0.4021523178807947}","{5: 0.1408288766216758, 10: 0.17008067756299153, 20: 0.19621969058813638}",0.14549144214352236
250,5.3926777124404905,0.17019873034829894,6.00209379196167,0.17718962579965591,0.045937635004520416,0.04690159112215042,0.1256466507911682,0.9147286415100098,0.6499557495117188,"{5: 0.20877483443708608, 10: 0.29701986754966886, 20: 0.40380794701986755}","{5: 0.1402532261728451, 10: 0.1686086642031638, 20: 0.19550957585012677}",0.14405793448947124
251,5.393739475806554,0.17016401675840218,6.01104998588562,0.177198588848114,0.04600773751735687,0.04690159112215042,0.1253037452697754,0.9165092706680298,0.6505432724952698,"{5: 0.20579470198675498, 10: 0.2955298013245033, 20: 0.4033112582781457}","{5: 0.13802430613940914, 10: 0.16692972751642696, 20: 0.19409024068061878}",0.1423592422182197
252,5.39233065545559,0.17017725569506487,6.024384260177612,0.17728248238563538,0.04609239846467972,0.04690159112215042,0.12587663531303406,0.913247287273407,0.6511404514312744,"{5: 0.20447019867549668, 10: 0.29271523178807946, 20: 0.40066225165562913}","{5: 0.1379658376933723, 10: 0.16633314423213733, 20: 0.19356102343426634}",0.14268312264751914
253,5.392598142226537,0.1701689921009044,6.01449179649353,0.17693936079740524,0.04568749666213989,0.04690159112215042,0.12567171454429626,0.9149781465530396,0.6516463756561279,"{5: 0.2074503311258278, 10: 0.2955298013245033, 20: 0.40413907284768213}","{5: 0.1404266357421875, 10: 0.16871933084450022, 20: 0.19591435817693242}",0.14458018422916236
254,5.392883683244388,0.17016178844496607,6.014497756958008,0.1771627962589264,0.045894555747509,0.04690159112215042,0.12558619678020477,0.9167972803115845,0.6510059237480164,"{5: 0.20695364238410596, 10: 0.29072847682119207, 20: 0.401158940397351}","{5: 0.1397780462606064, 10: 0.16681543312325384, 20: 0.19464667111832573}",0.14388047780422186
255,5.392323483030001,0.17017705316344897,6.004231691360474,0.1770576685667038,0.04580229893326759,0.04690159112215042,0.12586212158203125,0.9164332151412964,0.6510499715805054,"{5: 0.20447019867549668, 10: 0.29635761589403975, 20: 0.40298013245033115}","{5: 0.13896097852694278, 10: 0.16857395803691536, 20: 0.19553617262682377}",0.14440729002289424
256,5.392052936553955,0.17013091385985415,6.001042127609253,0.17711561918258667,0.045873455703258514,0.04690159112215042,0.1257983297109604,0.9168425798416138,0.6498115658760071,"{5: 0.20695364238410596, 10: 0.29652317880794704, 20: 0.39933774834437086}","{5: 0.1406382731254527, 10: 0.16965364367756622, 20: 0.19563610759002484}",0.14555191646348561
257,5.392564646402994,0.17006542837868135,6.004241466522217,0.17699288576841354,0.045783914625644684,0.04690159112215042,0.12550246715545654,0.9168623089790344,0.6498028039932251,"{5: 0.20596026490066224, 10: 0.2937086092715232, 20: 0.40496688741721854}","{5: 0.13945522687293047, 10: 0.1678728116269143, 20: 0.19591407017992032}",0.1442833553086843
258,5.392770661910375,0.17006400379662712,6.017470598220825,0.177229642868042,0.04602302610874176,0.04690159112215042,0.1254444271326065,0.9138336777687073,0.6512966156005859,"{5: 0.20579470198675498, 10: 0.29387417218543044, 20: 0.40264900662251657}","{5: 0.1388853868901335, 10: 0.16724993977325642, 20: 0.1946583829968181}",0.14338109603780785
259,5.392737804849943,0.17004443819945056,6.014894723892212,0.17707005143165588,0.0458490364253521,0.04690159112215042,0.12546280026435852,0.9147568941116333,0.6521302461624146,"{5: 0.20413907284768212, 10: 0.29519867549668877, 20: 0.4019867549668874}","{5: 0.13874010502897352, 10: 0.16806379911915356, 20: 0.19497998976549566}",0.14407065688379553
260,5.392916749914487,0.1700534771196544,6.009928226470947,0.17714685201644897,0.04589156433939934,0.04690159112215042,0.12598013877868652,0.9137790203094482,0.6515852212905884,"{5: 0.20662251655629138, 10: 0.29288079470198675, 20: 0.4031456953642384}","{5: 0.13843017982331332, 10: 0.16622431672961507, 20: 0.194042463492084}",0.1424665792098898
261,5.393727186322212,0.17004804375271002,6.018295526504517,0.17694011330604553,0.045673176646232605,0.04690159112215042,0.12555597722530365,0.9161118865013123,0.6509355902671814,"{5: 0.2054635761589404, 10: 0.2933774834437086, 20: 0.402317880794702}","{5: 0.13916040887895798, 10: 0.16741815023864343, 20: 0.19493530475540666}",0.1438527290394764
262,5.392296691735585,0.17001124282057087,6.008054494857788,0.17693649977445602,0.045688822865486145,0.04690159112215042,0.12529170513153076,0.9181111454963684,0.6504980325698853,"{5: 0.20496688741721855, 10: 0.294205298013245, 20: 0.40347682119205297}","{5: 0.13840591733818813, 10: 0.1672225244787355, 20: 0.19477328875206953}",0.14328774458525195
263,5.3928644607464475,0.16997476927936078,6.012166738510132,0.17700908333063126,0.0458061508834362,0.04690159112215042,0.12478007376194,0.9155124425888062,0.6535902619361877,"{5: 0.20662251655629138, 10: 0.2958609271523179, 20: 0.40066225165562913}","{5: 0.13890323765230495, 10: 0.16758444577652887, 20: 0.1940258758747025}",0.1430851311083661
264,5.393229194482168,0.16993465255945922,6.0058863162994385,0.17675286531448364,0.045517414808273315,0.04690159112215042,0.12543992698192596,0.9165724515914917,0.6510319709777832,"{5: 0.2052980132450331, 10: 0.29652317880794704, 20: 0.4018211920529801}","{5: 0.13837790583932635, 10: 0.1678072847277913, 20: 0.19438831253557015}",0.14318354524524007
265,5.39295334815979,0.16990740646918615,6.0055625438690186,0.17699364572763443,0.04585191234946251,0.04690159112215042,0.1252228319644928,0.9132142066955566,0.6524897217750549,"{5: 0.2097682119205298, 10: 0.29519867549668877, 20: 0.40496688741721854}","{5: 0.14133196698119307, 10: 0.16873159850670014, 20: 0.196307373046875}",0.144832282666339
266,5.392593887448311,0.16992944832891227,6.006318807601929,0.17703069001436234,0.04580329358577728,0.04690159112215042,0.12533432245254517,0.917025089263916,0.6515078544616699,"{5: 0.20281456953642385, 10: 0.29321192052980133, 20: 0.40281456953642386}","{5: 0.13753714150940347, 10: 0.16674313071547756, 20: 0.19436387826275353}",0.14305008136673478
267,5.392782637476921,0.1699200254244109,6.008159160614014,0.17687232792377472,0.04563493654131889,0.04690159112215042,0.12568527460098267,0.913062572479248,0.6506674885749817,"{5: 0.21092715231788078, 10: 0.2933774834437086, 20: 0.40447019867549666}","{5: 0.14158617234387935, 10: 0.16828102970754863, 20: 0.19634770778630742}",0.14491483675723044
268,5.392031293114027,0.1698926988368233,6.008119583129883,0.17682209610939026,0.045629531145095825,0.04690159112215042,0.12492228299379349,0.9178236722946167,0.6513745784759521,"{5: 0.2076158940397351, 10: 0.2958609271523179, 20: 0.40347682119205297}","{5: 0.13961374143890987, 10: 0.16804214376487478, 20: 0.19514425416655887}",0.14369820601103322
269,5.39142519334952,0.16986583263302843,6.012858629226685,0.17680953443050385,0.04557699337601662,0.04690159112215042,0.12486667931079865,0.9147635698318481,0.6541128754615784,"{5: 0.20629139072847683, 10: 0.29701986754966886, 20: 0.40298013245033115}","{5: 0.13965334860694328, 10: 0.16885800898469835, 20: 0.19553157983236755}",0.1444032782750414
270,5.392286222179731,0.16986435623839496,6.029975175857544,0.1768772006034851,0.04567204788327217,0.04690159112215042,0.12540054321289062,0.9138543605804443,0.6533291935920715,"{5: 0.20513245033112582, 10: 0.29288079470198675, 20: 0.4031456953642384}","{5: 0.13839479155887832, 10: 0.16672227872128517, 20: 0.19450188440992341}",0.14309536258116462
271,5.392036138971647,0.16980746028323968,6.020223617553711,0.17670757323503494,0.0454893633723259,0.04690159112215042,0.1251891404390335,0.9143700003623962,0.651469349861145,"{5: 0.20612582781456953, 10: 0.29288079470198675, 20: 0.40066225165562913}","{5: 0.13796733830938276, 10: 0.16590504425250932, 20: 0.19315592279497362}",0.14201443905861963
272,5.391358080506325,0.16979283075779678,6.0070250034332275,0.17671212553977966,0.04546321555972099,0.04690159112215042,0.12477204203605652,0.9164032340049744,0.6531068682670593,"{5: 0.20496688741721855, 10: 0.294205298013245, 20: 0.401158940397351}","{5: 0.13827195830692518, 10: 0.1671311991104227, 20: 0.19413525410835317}",0.1431240864936879
273,5.392269060015678,0.16981387849276264,6.0011444091796875,0.17657470703125,0.04532301053404808,0.04690159112215042,0.12485894560813904,0.9167132377624512,0.6533137559890747,"{5: 0.2056291390728477, 10: 0.29387417218543044, 20: 0.40281456953642386}","{5: 0.13955743044417426, 10: 0.1681276435094164, 20: 0.1956179637782621}",0.1445930026224907
274,5.390998057524363,0.1697416067433854,6.0052690505981445,0.17671683430671692,0.04547334834933281,0.04690159112215042,0.12522080540657043,0.9141817092895508,0.6539550423622131,"{5: 0.2076158940397351, 10: 0.29205298013245035, 20: 0.4019867549668874}","{5: 0.1402342234226252, 10: 0.16732749686335885, 20: 0.19508559877509313}",0.14415340297269505
275,5.39208899140358,0.16977809919044376,6.014966011047363,0.17667724937200546,0.04540201276540756,0.04690159112215042,0.1254565417766571,0.9145910143852234,0.6527871489524841,"{5: 0.20364238410596028, 10: 0.2900662251655629, 20: 0.39867549668874175}","{5: 0.1375248788997827, 10: 0.16554128886848096, 20: 0.19310452795976046}",0.14263008572407906
276,5.391910266876221,0.1697935978261133,6.015264511108398,0.17664983868598938,0.045444779098033905,0.04690159112215042,0.12499454617500305,0.9162836670875549,0.6521036624908447,"{5: 0.20711920529801325, 10: 0.2935430463576159, 20: 0.402317880794702}","{5: 0.13821695593019195, 10: 0.16602523500556188, 20: 0.19347049132088162}",0.1418535800959101
277,5.391870943705241,0.16968151476855078,6.002501487731934,0.17659339308738708,0.04529504477977753,0.04690159112215042,0.12500245869159698,0.9159291982650757,0.6527287364006042,"{5: 0.20927152317880796, 10: 0.29619205298013246, 20: 0.40264900662251657}","{5: 0.140092286368869, 10: 0.1680620610319226, 20: 0.1949002246983004}",0.14359640159354303
278,5.392530103524526,0.16970918557296197,6.012315273284912,0.17666152864694595,0.04540395364165306,0.04690159112215042,0.12497144937515259,0.9178739786148071,0.6527293920516968,"{5: 0.20579470198675498, 10: 0.2950331125827815, 20: 0.40413907284768213}","{5: 0.13950496446217922, 10: 0.1683118403352649, 20: 0.1958882161323598}",0.14452803655965438
279,5.3926977783441545,0.16970556707431872,6.017551422119141,0.17674585431814194,0.04552567005157471,0.04690159112215042,0.1253499537706375,0.9160758852958679,0.6514229774475098,"{5: 0.20612582781456953, 10: 0.2958609271523179, 20: 0.40413907284768213}","{5: 0.13912621807578385, 10: 0.16798507993584438, 20: 0.19528436723923842}",0.1437093368429222
280,5.39135489265124,0.16964061064645647,6.002140760421753,0.17656586319208145,0.045293331146240234,0.04690159112215042,0.12515889108181,0.9161863327026367,0.653937041759491,"{5: 0.2076158940397351, 10: 0.2935430463576159, 20: 0.4074503311258278}","{5: 0.13899454281030113, 10: 0.1666223488106633, 20: 0.1952143283869257}",0.14276648515107615
281,5.391064211726189,0.16963781487817567,6.013091325759888,0.17663469165563583,0.045337043702602386,0.04690159112215042,0.12523528933525085,0.9156134724617004,0.6523922085762024,"{5: 0.21009933774834438, 10: 0.2945364238410596, 20: 0.40364238410596026}","{5: 0.1408417354356374, 10: 0.16791379814905835, 20: 0.19549155330026385}",0.1440429182242084
282,5.39339129726092,0.16962812213848036,6.005918264389038,0.17651628702878952,0.045260414481163025,0.04690159112215042,0.12443064898252487,0.9195750951766968,0.6536847949028015,"{5: 0.20894039735099337, 10: 0.2955298013245033, 20: 0.4014900662251656}","{5: 0.13989628671810328, 10: 0.16766199781405217, 20: 0.1944633079680386}",0.1433294485736367
283,5.392076508204142,0.16962541043758392,6.009332895278931,0.17648832499980927,0.045235857367515564,0.04690159112215042,0.12531718611717224,0.9164721965789795,0.6514630913734436,"{5: 0.2076158940397351, 10: 0.2937086092715232, 20: 0.4021523178807947}","{5: 0.13901644068837957, 10: 0.1667449597491334, 20: 0.19411587746727546}",0.14279162678497517
284,5.390989744663239,0.16960412816454967,6.003801584243774,0.1764749065041542,0.04525052383542061,0.04690159112215042,0.12529514729976654,0.9132065773010254,0.6537938714027405,"{5: 0.20629139072847683, 10: 0.29619205298013246, 20: 0.40397350993377484}","{5: 0.1391476258536838, 10: 0.1680800178982564, 20: 0.19528978360409768}",0.14377117030667944
285,5.3917437344789505,0.1695980650683244,6.008007049560547,0.17644856125116348,0.04512106999754906,0.04690159112215042,0.12544451653957367,0.9184151887893677,0.6507313847541809,"{5: 0.20513245033112582, 10: 0.29221854304635764, 20: 0.4018211920529801}","{5: 0.1387765139143988, 10: 0.166865468814673, 20: 0.19462798668059292}",0.14356199352946503
286,5.391572672128677,0.1696055781406661,6.009531736373901,0.17658301442861557,0.045306988060474396,0.04690159112215042,0.12511831521987915,0.9191184043884277,0.6511397361755371,"{5: 0.20711920529801325, 10: 0.29238410596026493, 20: 0.40364238410596026}","{5: 0.13920513936225942, 10: 0.1667790292904077, 20: 0.19483996258666184}",0.14324208442738515
287,5.39154040714105,0.1695396777552863,6.020507574081421,0.17659922689199448,0.045377280563116074,0.04690159112215042,0.12454506754875183,0.9197403788566589,0.6522014737129211,"{5: 0.20413907284768212, 10: 0.297682119205298, 20: 0.40066225165562913}","{5: 0.13656845598031353, 10: 0.1667270988818036, 20: 0.19258067149989652}",0.14122075466130743
288,5.391626551747322,0.16953269209091862,6.003561973571777,0.17628434300422668,0.04496138542890549,0.04690159112215042,0.12436643242835999,0.9176062345504761,0.6548940539360046,"{5: 0.20894039735099337, 10: 0.29817880794701984, 20: 0.4033112582781457}","{5: 0.14077612264266867, 10: 0.1695110801039942, 20: 0.1960172034257295}",0.1447808777259675
289,5.39062089920044,0.16950258240103722,6.00646448135376,0.17639270424842834,0.04511236026883125,0.04690159112215042,0.12448958307504654,0.9168127179145813,0.6542580723762512,"{5: 0.2099337748344371, 10: 0.29685430463576157, 20: 0.4064569536423841}","{5: 0.14119268253149575, 10: 0.16910732850333712, 20: 0.1967850438806395}",0.14487797313968076
290,5.389816376566887,0.16948218066245319,6.017350912094116,0.1765156164765358,0.0452568344771862,0.04690159112215042,0.12499714642763138,0.9161211252212524,0.6536681056022644,"{5: 0.20430463576158941, 10: 0.2945364238410596, 20: 0.40033112582781455}","{5: 0.13846520430204884, 10: 0.1675770336429015, 20: 0.1941835517125414}",0.14352627179480545
291,5.392086257537206,0.16950806990886727,6.0172834396362305,0.17635872215032578,0.04505051299929619,0.04690159112215042,0.12457004934549332,0.9161515235900879,0.6558255553245544,"{5: 0.20894039735099337, 10: 0.29602649006622517, 20: 0.40496688741721854}","{5: 0.14086687201695727, 10: 0.16883468122671771, 20: 0.1961999198458842}",0.1446217720082264
292,5.391647908091545,0.16945391666765014,6.005370855331421,0.17622970044612885,0.04497579112648964,0.04690159112215042,0.12508416175842285,0.9138768911361694,0.6531103253364563,"{5: 0.20612582781456953, 10: 0.29221854304635764, 20: 0.4013245033112583}","{5: 0.13882437194420014, 10: 0.16651260679131313, 20: 0.1940275331206669}",0.1430152539385865
293,5.390827960769335,0.16946697784587741,6.020820617675781,0.17625201493501663,0.04500225931406021,0.04690159112215042,0.12464514374732971,0.9168455004692078,0.6532602310180664,"{5: 0.2029801324503311, 10: 0.2948675496688742, 20: 0.40347682119205297}","{5: 0.1376330849350683, 10: 0.16721173216965024, 20: 0.19451831539735098}",0.14299336616566638
294,5.391015735268593,0.16944996618355315,6.006641864776611,0.17629949003458023,0.04504448175430298,0.04690159112215042,0.12455028295516968,0.9159854650497437,0.6549418568611145,"{5: 0.20894039735099337, 10: 0.29519867549668877, 20: 0.40496688741721854}","{5: 0.13969024253996792, 10: 0.16744596468691794, 20: 0.19501471614206073}",0.14309579205039322
295,5.391329873601595,0.16945400231828292,6.011310577392578,0.17628838121891022,0.04497670382261276,0.04690159112215042,0.12499691545963287,0.9155737161636353,0.6539628505706787,"{5: 0.20728476821192052, 10: 0.2937086092715232, 20: 0.4066225165562914}","{5: 0.1403112348341784, 10: 0.1681054121611134, 20: 0.19656886422870964}",0.14462856267461713
296,5.391484918196996,0.16937976013869047,6.018187999725342,0.17621762305498123,0.04497293755412102,0.04690159112215042,0.12481243163347244,0.916890561580658,0.6531940698623657,"{5: 0.20413907284768212, 10: 0.2937086092715232, 20: 0.4014900662251656}","{5: 0.13741037735086403, 10: 0.16625622881958815, 20: 0.1934085770158578}",0.14217702095082263
297,5.390503540635109,0.1694004117200772,6.021946430206299,0.17624052613973618,0.04500281810760498,0.04690159112215042,0.12472830712795258,0.9147508144378662,0.6541306972503662,"{5: 0.20480132450331126, 10: 0.29288079470198675, 20: 0.40364238410596026}","{5: 0.13800399477118688, 10: 0.16648653548284872, 20: 0.19441255481037872}",0.14271597956979512
298,5.390818765759468,0.16937542082741858,6.0269012451171875,0.17639745026826859,0.04517827183008194,0.04690159112215042,0.12479390949010849,0.9147382378578186,0.6549274325370789,"{5: 0.20281456953642385, 10: 0.28725165562913907, 20: 0.40016556291390726}","{5: 0.13658966670762623, 10: 0.16386198334346544, 20: 0.1924161292069795}",0.14128561461998138
299,5.390370299418767,0.16938360913967093,6.013023376464844,0.17628289759159088,0.04500766471028328,0.04690159112215042,0.124751977622509,0.9185425043106079,0.6541309356689453,"{5: 0.20513245033112582, 10: 0.2948675496688742, 20: 0.40264900662251657}","{5: 0.1381400304124845, 10: 0.16714343645714766, 20: 0.19428777126286992}",0.14277698441057016
300,5.38970589141051,0.16940453924859564,6.009853839874268,0.17621499300003052,0.04494504630565643,0.04690159112215042,0.12476523965597153,0.9166416525840759,0.6534246802330017,"{5: 0.20794701986754968, 10: 0.29271523178807946, 20: 0.4051324503311258}","{5: 0.13853115561782128, 10: 0.16581426961532492, 20: 0.19408400074535648}",0.14190247895701832
