user_id,top_concept_names,top_concept_acts,overlap,new_items,popular_before,popular_after
6040,popularity|Drama|Documentary,+0.463|+0.254|+0.235,4,16,10,7
6039,classic|Documentary|War,+0.522|+0.377|+0.333,9,11,14,19
6038,Comedy|popularity|Musical,+0.636|+0.449|+0.275,14,6,19,15
6037,Sci-Fi|popularity|Fantasy,+0.764|+0.334|+0.281,10,10,10,9
6036,Sci-Fi|contemporary|Fantasy,+0.531|+0.340|+0.334,7,13,3,13
6035,Comedy|Documentary|Fantasy,+0.569|+0.304|+0.244,17,3,0,0
6034,Fantasy|Crime|Mystery,+0.415|+0.395|+0.358,17,3,4,5
6033,Action|popularity|Adventure,+0.824|+0.470|+0.243,5,15,17,8
6032,Animation|Musical|classic,+0.682|+0.442|+0.348,17,3,3,4
6031,popularity|Sci-Fi|Fantasy,+0.735|+0.296|+0.199,5,15,20,17
6030,Fantasy|Adventure|Animation,+0.914|+0.380|+0.346,5,15,0,14
6029,Musical|Documentary|popularity,+0.184|+0.182|+0.181,14,6,10,8
6028,Action|popularity|Crime,+0.826|+0.454|+0.253,3,17,18,13
6026,popularity|Documentary|classic,+0.417|+0.363|+0.360,11,9,19,19
6027,Comedy|popularity|modern,+0.627|+0.564|+0.325,11,9,18,18
6025,Comedy|modern|popularity,+0.810|+0.359|+0.261,6,14,7,8
6024,Romance|popularity|Action,+0.613|+0.500|+0.252,6,14,15,9
6023,Crime|Mystery|Thriller,+0.871|+0.324|+0.311,13,7,1,4
6022,popularity|Sci-Fi|Action,+0.655|+0.509|+0.375,11,9,20,19
6021,Sci-Fi|popularity|Fantasy,+0.790|+0.458|+0.319,8,12,17,11
6020,Action|popularity|War,+0.758|+0.411|+0.257,9,11,14,8
6019,Adventure|Action|modern,+0.746|+0.379|+0.322,12,8,1,3
6018,Sci-Fi|Fantasy|Adventure,+0.739|+0.325|+0.316,16,4,1,1
6017,popularity|classic|Action,+0.245|+0.191|+0.187,13,7,20,17
6016,Action|popularity|Adventure,+0.704|+0.331|+0.220,12,8,7,4
6015,Comedy|popularity|Musical,+0.819|+0.385|+0.233,7,13,20,15
6014,popularity|Drama|Western,+0.601|+0.492|+0.232,7,13,12,6
6013,Comedy|popularity|Documentary,+0.689|+0.380|+0.270,12,8,19,17
6012,modern|niche|Documentary,+0.265|+0.215|+0.210,15,5,8,9
6011,popularity|Western|Animation,+0.739|+0.162|+0.134,1,19,17,12
6010,Crime|popularity|Mystery,+0.919|+0.390|+0.304,6,14,4,5
6009,Action|modern|Thriller,+0.624|+0.452|+0.416,9,11,10,16
6007,Action|Adventure|Sci-Fi,+0.882|+0.303|+0.288,10,10,0,1
6008,Action|popularity|Sci-Fi,+0.791|+0.529|+0.270,3,17,20,13
6006,popularity|classic|Romance,+0.415|+0.321|+0.268,9,11,14,16
6005,Horror|Sci-Fi|contemporary,+0.846|+0.225|+0.222,12,8,0,0
6004,Animation|popularity|Thriller,+0.568|+0.463|+0.405,12,8,15,15
6003,popularity|Comedy|Drama,+0.442|+0.411|+0.205,2,18,16,5
6002,classic|War|Musical,+0.514|+0.385|+0.228,13,7,4,9
6001,Thriller|Mystery|Action,+0.868|+0.264|+0.201,12,8,2,4
6000,contemporary|popularity|Animation,+0.847|+0.351|+0.300,13,7,6,6
5999,Fantasy|classic|Mystery,+0.393|+0.356|+0.342,17,3,4,6
5998,Drama|modern|popularity,+0.770|+0.531|+0.174,5,15,1,3
5997,Sci-Fi|popularity|Fantasy,+0.799|+0.386|+0.276,7,13,12,9
5996,Romance|popularity|Musical,+0.550|+0.400|+0.197,10,10,5,1
5995,contemporary|popularity|Animation,+0.798|+0.411|+0.351,14,6,7,6
5994,Action|popularity|Sci-Fi,+0.813|+0.443|+0.289,4,16,14,10
5993,Musical|popularity|Animation,+0.849|+0.451|+0.423,12,8,8,4
5992,Romance|popularity|Musical,+0.719|+0.497|+0.245,8,12,11,4
5991,popularity|modern|Horror,+0.522|+0.474|+0.433,5,15,14,10
5990,popularity|Romance|Musical,+0.340|+0.254|+0.235,14,6,8,6
5989,modern|Fantasy|contemporary,+0.415|+0.278|+0.259,13,7,3,8
5988,Comedy|modern|popularity,+0.804|+0.359|+0.287,8,12,6,7
5987,popularity|contemporary|Musical,+0.588|+0.260|+0.255,13,7,18,17
5986,Romance|popularity|Musical,+0.891|+0.357|+0.279,8,12,11,7
5984,Sci-Fi|popularity|Fantasy,+0.710|+0.421|+0.280,4,16,17,9
5983,Sci-Fi|popularity|Fantasy,+0.752|+0.463|+0.301,4,16,18,10
5982,popularity|Comedy|Romance,+0.723|+0.378|+0.333,8,12,20,15
5981,popularity|Comedy|retro,+0.172|+0.171|+0.153,14,6,5,7
5979,popularity|retro|Musical,+0.198|+0.168|+0.162,11,9,6,2
5980,popularity|classic|retro,+0.388|+0.220|+0.200,3,17,8,2
5978,popularity|Crime|Action,+0.509|+0.493|+0.457,10,10,12,8
5977,retro|War|Western,+0.344|+0.193|+0.191,17,3,2,2
5976,retro|popularity|Fantasy,+0.709|+0.406|+0.180,6,14,16,11
5975,Adventure|popularity|Action,+0.733|+0.496|+0.366,9,11,17,13
5974,Drama|modern|War,+0.731|+0.371|+0.153,10,10,0,1
5973,Sci-Fi|popularity|Fantasy,+0.748|+0.407|+0.275,4,16,16,9
5972,contemporary|popularity|Crime,+0.736|+0.480|+0.257,8,12,7,11
5971,Adventure|Fantasy|popularity,+0.897|+0.372|+0.356,12,8,2,2
5970,Sci-Fi|Action|Adventure,+0.813|+0.304|+0.293,11,9,4,1
5969,Comedy|popularity|contemporary,+0.784|+0.398|+0.261,5,15,15,9
5968,Action|popularity|War,+0.657|+0.389|+0.254,9,11,15,14
5967,modern|Documentary|Fantasy,+0.234|+0.189|+0.175,12,8,7,9
5966,modern|popularity|Drama,+0.525|+0.444|+0.282,5,15,15,17
5965,popularity|Animation|contemporary,+0.289|+0.263|+0.259,18,2,6,6
5964,modern|Animation|Sci-Fi,+0.437|+0.141|+0.127,14,6,2,2
5963,Action|popularity|Crime,+0.824|+0.550|+0.262,1,19,18,10
5962,popularity|Documentary|retro,+0.544|+0.324|+0.283,6,14,20,19
5961,Thriller|modern|Mystery,+0.724|+0.348|+0.250,10,10,0,1
5960,contemporary|popularity|Mystery,+0.357|+0.257|+0.223,17,3,7,7
5959,Comedy|modern|popularity,+0.721|+0.454|+0.284,6,14,7,8
5958,popularity|Comedy|retro,+0.353|+0.307|+0.291,14,6,9,7
5957,Comedy|popularity|Animation,+0.837|+0.403|+0.261,7,13,12,5
5956,contemporary|popularity|modern,+0.670|+0.372|+0.299,11,9,4,9
5955,retro|popularity|Musical,+0.186|+0.172|+0.148,11,9,6,5
5954,Musical|classic|Western,+0.933|+0.487|+0.379,11,9,1,2
5953,classic|popularity|Documentary,+0.498|+0.339|+0.313,11,9,13,17
5952,Action|popularity|War,+0.620|+0.408|+0.278,11,9,16,13
5951,popularity|Animation|retro,+0.776|+0.245|+0.177,5,15,20,18
5950,contemporary|popularity|Sci-Fi,+0.830|+0.449|+0.251,14,6,9,9
5948,Comedy|popularity|Documentary,+0.692|+0.351|+0.232,13,7,15,10
5947,Horror|Sci-Fi|classic,+0.896|+0.304|+0.255,5,15,2,1
5946,War|popularity|retro,+0.547|+0.475|+0.209,15,5,12,12
5945,Drama|retro|War,+0.397|+0.285|+0.200,17,3,3,3
5944,Romance|popularity|War,+0.796|+0.328|+0.245,6,14,9,6
5943,popularity|Crime|classic,+0.597|+0.274|+0.248,7,13,15,14
5942,Thriller|Mystery|popularity,+0.849|+0.272|+0.222,12,8,3,4
5941,classic|niche|Documentary,+0.467|+0.391|+0.258,11,9,10,17
5940,popularity|Musical|contemporary,+0.281|+0.266|+0.261,18,2,6,6
5939,contemporary|popularity|Drama,+0.617|+0.554|+0.199,12,8,11,13
5938,Documentary|Crime|popularity,+0.882|+0.307|+0.289,10,10,0,10
5937,popularity|classic|Documentary,+0.517|+0.491|+0.303,10,10,16,17
5949,contemporary|popularity|Crime,+0.925|+0.376|+0.231,6,14,3,6
5936,popularity|retro|Animation,+0.697|+0.264|+0.260,8,12,20,18
5935,Comedy|popularity|modern,+0.735|+0.484|+0.331,8,12,12,11
5934,popularity|Documentary|classic,+0.556|+0.267|+0.248,9,11,19,20
5933,popularity|Western|contemporary,+0.394|+0.390|+0.343,17,3,7,6
5932,Action|popularity|modern,+0.745|+0.455|+0.320,9,11,18,18
5931,Action|popularity|Sci-Fi,+0.732|+0.558|+0.233,5,15,18,11
5930,Thriller|Mystery|popularity,+0.915|+0.353|+0.310,8,12,5,3
5929,Horror|contemporary|Sci-Fi,+0.777|+0.285|+0.256,11,9,0,0
5928,Western|classic|Musical,+0.666|+0.478|+0.262,10,10,1,10
5927,contemporary|popularity|Documentary,+0.839|+0.340|+0.257,9,11,4,10
5926,Action|popularity|Adventure,+0.902|+0.381|+0.308,7,13,13,6
5925,popularity|Mystery|classic,+0.525|+0.258|+0.258,13,7,18,17
5924,popularity|Comedy|Animation,+0.438|+0.401|+0.257,16,4,20,17
5923,popularity|Romance|contemporary,+0.753|+0.339|+0.316,5,15,20,16
5922,Documentary|Drama|niche,+0.448|+0.400|+0.375,13,7,13,15
5921,Western|popularity|War,+0.773|+0.560|+0.286,17,3,5,6
5920,contemporary|popularity|Drama,+0.571|+0.557|+0.187,13,7,13,14
5919,popularity|Animation|Western,+0.383|+0.316|+0.307,16,4,9,6
5918,popularity|retro|Animation,+0.761|+0.309|+0.229,8,12,20,20
5917,Comedy|popularity|Musical,+0.802|+0.398|+0.257,11,9,16,9
5916,Thriller|Mystery|Crime,+0.875|+0.315|+0.238,10,10,3,3
5915,Comedy|popularity|Fantasy,+0.714|+0.338|+0.213,13,7,4,6
5914,Crime|popularity|Mystery,+0.856|+0.472|+0.255,5,15,10,8
5913,modern|popularity|Drama,+0.568|+0.516|+0.190,4,16,18,16
5912,popularity|Comedy|Animation,+0.574|+0.180|+0.180,2,18,15,11
5911,Comedy|modern|popularity,+0.572|+0.432|+0.389,13,7,14,19
5910,Drama|modern|popularity,+0.743|+0.468|+0.272,5,15,2,7
5909,Horror|popularity|retro,+0.808|+0.380|+0.285,9,11,8,8
5908,Comedy|popularity|Musical,+0.738|+0.520|+0.202,9,11,18,16
5907,popularity|Documentary|classic,+0.376|+0.370|+0.350,11,9,19,17
5906,popularity|War|modern,+0.675|+0.477|+0.214,15,5,16,19
5905,Sci-Fi|Fantasy|Horror,+0.843|+0.311|+0.281,12,8,13,9
5904,popularity|Fantasy|Western,+0.290|+0.170|+0.163,16,4,7,6
5903,popularity|Mystery|Fantasy,+0.487|+0.441|+0.337,16,4,12,11
5902,Thriller|popularity|classic,+0.627|+0.324|+0.312,12,8,5,8
5901,popularity|modern|Thriller,+0.631|+0.359|+0.304,6,14,15,13
5900,Drama|popularity|modern,+0.766|+0.207|+0.206,8,12,2,2
5899,popularity|Western|Comedy,+0.255|+0.188|+0.185,13,7,11,5
5898,popularity|Western|contemporary,+0.490|+0.349|+0.319,15,5,13,9
5897,Fantasy|Musical|retro,+0.191|+0.179|+0.167,12,8,8,8
5896,Comedy|modern|Documentary,+0.658|+0.322|+0.203,15,5,0,0
5895,Crime|Mystery|Fantasy,+0.896|+0.334|+0.259,15,5,3,4
5894,popularity|Drama|classic,+0.346|+0.342|+0.316,13,7,17,18
5893,Comedy|popularity|Documentary,+0.866|+0.218|+0.193,10,10,5,5
5892,Sci-Fi|modern|popularity,+0.771|+0.354|+0.327,11,9,12,10
5891,popularity|contemporary|Animation,+0.359|+0.339|+0.310,17,3,8,7
5890,contemporary|popularity|War,+0.721|+0.431|+0.420,11,9,11,13
5889,Comedy|popularity|Musical,+0.791|+0.337|+0.237,8,12,17,10
5888,Comedy|Documentary|Fantasy,+0.422|+0.351|+0.277,18,2,0,0
5887,Animation|Musical|Fantasy,+0.577|+0.438|+0.360,14,6,4,8
5886,contemporary|popularity|Animation,+0.926|+0.394|+0.230,11,9,5,4
5885,popularity|Crime|Documentary,+0.513|+0.507|+0.273,11,9,19,18
5884,Sci-Fi|popularity|Fantasy,+0.771|+0.404|+0.286,5,15,17,10
5883,popularity|Western|contemporary,+0.389|+0.382|+0.341,18,2,10,9
5881,modern|Drama|popularity,+0.517|+0.289|+0.196,13,7,0,0
5882,Sci-Fi|popularity|Fantasy,+0.748|+0.460|+0.286,5,15,15,10
5880,contemporary|popularity|Crime,+0.887|+0.306|+0.251,4,16,2,8
5879,Action|popularity|Sci-Fi,+0.801|+0.446|+0.248,6,14,18,9
5878,retro|popularity|Fantasy,+0.744|+0.253|+0.189,8,12,9,3
5877,Animation|popularity|Western,+0.421|+0.394|+0.320,15,5,8,8
5876,Action|popularity|War,+0.640|+0.550|+0.254,9,11,17,15
5875,popularity|Fantasy|Animation,+0.529|+0.444|+0.334,7,13,1,3
5874,contemporary|popularity|Mystery,+0.856|+0.419|+0.240,8,12,6,8
5873,Action|popularity|Sci-Fi,+0.783|+0.564|+0.283,2,18,20,11
5872,Comedy|popularity|retro,+0.458|+0.448|+0.279,14,6,1,0
5871,contemporary|popularity|Documentary,+0.623|+0.474|+0.272,14,6,11,15
5870,popularity|Sci-Fi|retro,+0.660|+0.547|+0.388,9,11,17,10
5869,popularity|modern|Romance,+0.603|+0.349|+0.345,4,16,9,4
5868,Comedy|popularity|Musical,+0.744|+0.400|+0.251,7,13,19,13
5867,popularity|contemporary|Musical,+0.325|+0.301|+0.232,17,3,6,4
5866,popularity|Animation|Documentary,+0.684|+0.254|+0.242,6,14,20,19
5865,Drama|popularity|War,+0.529|+0.378|+0.230,8,12,16,11
5864,popularity|Fantasy|Sci-Fi,+0.640|+0.351|+0.223,13,7,20,20
5863,Animation|popularity|Musical,+0.275|+0.259|+0.245,14,6,9,8
5862,Comedy|popularity|Musical,+0.850|+0.410|+0.191,4,16,11,8
5861,Comedy|popularity|Musical,+0.821|+0.332|+0.239,8,12,17,13
5860,Comedy|popularity|Musical,+0.869|+0.359|+0.191,6,14,10,8
5859,Drama|popularity|War,+0.574|+0.531|+0.224,7,13,14,10
5858,popularity|retro|Drama,+0.452|+0.167|+0.166,4,16,14,7
5857,popularity|Comedy|Western,+0.439|+0.223|+0.132,12,8,10,9
5856,popularity|Romance|Mystery,+0.386|+0.328|+0.293,15,5,6,2
5855,Western|popularity|Animation,+0.350|+0.333|+0.284,15,5,8,6
5854,Horror|retro|contemporary,+0.774|+0.243|+0.196,14,6,0,0
5853,popularity|Animation|Action,+0.353|+0.272|+0.224,18,2,6,6
5852,Thriller|popularity|Mystery,+0.812|+0.392|+0.353,7,13,10,2
5851,Documentary|popularity|Animation,+0.735|+0.385|+0.272,7,13,3,15
5850,Horror|classic|retro,+0.780|+0.328|+0.303,12,8,5,9
5849,Comedy|popularity|Animation,+0.670|+0.454|+0.260,3,17,19,4
5848,Western|War|classic,+0.916|+0.369|+0.352,16,4,3,6
5847,Fantasy|Animation|Adventure,+0.508|+0.424|+0.313,15,5,1,1
5846,popularity|Documentary|classic,+0.437|+0.310|+0.299,11,9,18,20
5845,Documentary|popularity|classic,+0.357|+0.356|+0.312,10,10,18,17
5844,popularity|Animation|contemporary,+0.317|+0.277|+0.271,18,2,7,8
5843,popularity|modern|Crime,+0.389|+0.389|+0.267,2,18,18,2
5842,Action|popularity|Sci-Fi,+0.820|+0.456|+0.263,5,15,15,8
5841,Comedy|retro|popularity,+0.593|+0.390|+0.267,14,6,15,10
5840,contemporary|popularity|Horror,+0.552|+0.528|+0.421,9,11,15,14
5839,popularity|Western|classic,+0.598|+0.520|+0.391,5,15,9,12
5838,Comedy|modern|popularity,+0.630|+0.402|+0.402,13,7,16,15
5837,contemporary|popularity|Animation,+0.795|+0.437|+0.224,14,6,8,9
5836,popularity|Fantasy|contemporary,+0.456|+0.290|+0.276,12,8,11,10
5835,Drama|popularity|War,+0.669|+0.343|+0.210,9,11,15,14
5834,Romance|popularity|classic,+0.679|+0.413|+0.267,10,10,11,10
5833,Western|contemporary|popularity,+0.406|+0.322|+0.314,17,3,7,6
5832,retro|Sci-Fi|popularity,+0.600|+0.580|+0.417,14,6,16,14
5831,contemporary|Horror|Mystery,+0.261|+0.208|+0.201,10,10,0,5
5830,Comedy|popularity|Romance,+0.705|+0.357|+0.256,10,10,15,13
5828,contemporary|popularity|Documentary,+0.302|+0.261|+0.247,16,4,10,7
5829,Action|popularity|War,+0.664|+0.429|+0.247,12,8,17,16
5827,Romance|popularity|modern,+0.787|+0.432|+0.334,10,10,11,8
5826,Animation|popularity|Musical,+0.863|+0.417|+0.399,9,11,4,1
5825,contemporary|popularity|modern,+0.581|+0.342|+0.222,12,8,9,10
5824,Comedy|Documentary|Fantasy,+0.587|+0.385|+0.243,16,4,0,0
5823,Animation|popularity|Musical,+0.646|+0.501|+0.405,6,14,10,13
5822,classic|Drama|War,+0.502|+0.313|+0.267,7,13,1,0
5821,contemporary|popularity|Animation,+0.738|+0.508|+0.420,12,8,9,11
5820,popularity|Comedy|Western,+0.696|+0.218|+0.199,11,9,20,17
5819,Action|popularity|modern,+0.713|+0.537|+0.244,7,13,19,19
5818,Mystery|popularity|Fantasy,+0.425|+0.408|+0.374,15,5,9,5
5817,Animation|popularity|contemporary,+0.274|+0.268|+0.254,18,2,6,6
5816,Mystery|popularity|Crime,+0.943|+0.337|+0.308,15,5,2,2
5815,popularity|Fantasy|Sci-Fi,+0.512|+0.318|+0.312,5,15,20,6
5814,popularity|Documentary|Animation,+0.681|+0.284|+0.268,11,9,20,20
5813,popularity|Comedy|Action,+0.664|+0.425|+0.370,7,13,17,11
5812,Romance|modern|popularity,+0.814|+0.436|+0.253,4,16,5,0
5811,contemporary|popularity|Drama,+0.662|+0.495|+0.222,8,12,14,8
5810,popularity|modern|contemporary,+0.472|+0.232|+0.229,17,3,12,10
5809,Comedy|popularity|modern,+0.750|+0.410|+0.330,11,9,13,10
5808,Comedy|popularity|Musical,+0.718|+0.478|+0.245,9,11,19,18
5807,modern|Drama|popularity,+0.473|+0.417|+0.382,10,10,15,18
5806,Drama|popularity|War,+0.792|+0.237|+0.182,4,16,4,0
5805,contemporary|popularity|Documentary,+0.519|+0.458|+0.212,10,10,13,17
5804,popularity|War|Romance,+0.459|+0.447|+0.384,14,6,11,12
5803,Comedy|popularity|modern,+0.711|+0.515|+0.342,9,11,18,18
5802,Documentary|contemporary|popularity,+0.716|+0.512|+0.276,9,11,4,14
5801,Sci-Fi|popularity|Adventure,+0.658|+0.323|+0.313,19,1,1,1
5800,Western|popularity|Animation,+0.384|+0.349|+0.316,16,4,7,6
5799,Thriller|popularity|Crime,+0.608|+0.446|+0.317,8,12,16,14
5798,popularity|Action|Crime,+0.508|+0.467|+0.355,13,7,18,17
5797,popularity|Sci-Fi|Adventure,+0.417|+0.338|+0.260,13,7,12,7
5796,Comedy|popularity|Documentary,+0.314|+0.209|+0.204,10,10,11,7
5795,Thriller|popularity|Mystery,+0.374|+0.336|+0.334,15,5,7,4
5794,Comedy|Documentary|Fantasy,+0.698|+0.255|+0.216,13,7,0,0
5793,War|classic|Western,+0.576|+0.530|+0.274,13,7,8,9
5792,popularity|contemporary|Western,+0.441|+0.380|+0.379,16,4,11,9
5791,Romance|popularity|Musical,+0.929|+0.372|+0.291,6,14,12,8
5790,popularity|Animation|retro,+0.626|+0.186|+0.185,3,17,19,16
5789,popularity|retro|classic,+0.197|+0.195|+0.182,11,9,4,2
5788,contemporary|Horror|popularity,+0.312|+0.297|+0.250,9,11,2,0
5787,Comedy|popularity|Documentary,+0.835|+0.330|+0.194,7,13,11,8
5786,contemporary|popularity|Sci-Fi,+0.552|+0.496|+0.225,16,4,12,15
5785,popularity|retro|Fantasy,+0.605|+0.593|+0.159,9,11,20,19
5784,popularity|Romance|contemporary,+0.376|+0.304|+0.272,17,3,7,5
5783,Romance|modern|Musical,+0.823|+0.372|+0.289,11,9,5,4
5782,popularity|modern|Crime,+0.673|+0.351|+0.234,2,18,16,14
5781,popularity|retro|Thriller,+0.201|+0.192|+0.164,12,8,6,2
5780,Thriller|popularity|Mystery,+0.550|+0.342|+0.329,10,10,6,2
5779,contemporary|popularity|Romance,+0.627|+0.512|+0.205,11,9,11,10
5778,Sci-Fi|popularity|Fantasy,+0.780|+0.328|+0.273,8,12,13,9
5777,Drama|popularity|classic,+0.515|+0.454|+0.280,13,7,20,19
5776,popularity|modern|War,+0.674|+0.448|+0.276,5,15,19,18
5775,classic|War|popularity,+0.430|+0.419|+0.372,7,13,12,14
5774,Fantasy|popularity|Adventure,+0.849|+0.421|+0.369,7,13,1,13
5773,popularity|modern|contemporary,+0.411|+0.367|+0.305,11,9,17,14
5772,contemporary|popularity|Adventure,+0.882|+0.298|+0.226,10,10,1,4
5771,classic|Adventure|popularity,+0.561|+0.318|+0.282,8,12,4,11
5770,Drama|popularity|War,+0.827|+0.257|+0.160,4,16,2,1
5769,popularity|contemporary|Fantasy,+0.261|+0.260|+0.242,12,8,14,10
5768,Romance|Musical|War,+0.912|+0.377|+0.326,6,14,7,5
5767,contemporary|popularity|Thriller,+0.590|+0.457|+0.368,12,8,12,14
5766,contemporary|popularity|modern,+0.621|+0.496|+0.297,10,10,12,11
5765,popularity|Animation|Documentary,+0.646|+0.271|+0.238,10,10,19,20
5764,Romance|popularity|Musical,+0.903|+0.370|+0.310,6,14,12,6
5763,Horror|Sci-Fi|popularity,+0.920|+0.330|+0.264,8,12,5,2
5762,Comedy|Fantasy|Musical,+0.857|+0.213|+0.207,9,11,1,3
5761,Comedy|popularity|contemporary,+0.453|+0.442|+0.255,15,5,20,20
5760,Comedy|popularity|modern,+0.739|+0.426|+0.390,7,13,14,11
5759,Comedy|modern|popularity,+0.808|+0.370|+0.261,10,10,9,8
5758,Thriller|popularity|classic,+0.723|+0.301|+0.283,12,8,3,4
5757,Action|popularity|War,+0.607|+0.468|+0.255,13,7,18,16
5756,popularity|Musical|classic,+0.616|+0.597|+0.345,13,7,10,12
5755,modern|Thriller|Horror,+0.255|+0.177|+0.133,8,12,1,2
5754,contemporary|popularity|Animation,+0.756|+0.479|+0.330,9,11,5,5
5753,popularity|contemporary|Thriller,+0.389|+0.304|+0.268,16,4,10,7
5752,modern|popularity|Drama,+0.572|+0.533|+0.232,5,15,16,9
5751,Animation|Fantasy|modern,+0.548|+0.419|+0.413,14,6,0,0
5750,classic|Documentary|popularity,+0.370|+0.351|+0.325,8,12,14,17
5749,Crime|popularity|Action,+0.652|+0.286|+0.234,12,8,9,12
5748,popularity|Action|Horror,+0.626|+0.321|+0.278,10,10,20,17
5747,retro|popularity|Fantasy,+0.643|+0.424|+0.264,7,13,15,13
5746,Drama|popularity|War,+0.654|+0.542|+0.180,10,10,13,17
5745,Fantasy|popularity|Adventure,+0.923|+0.395|+0.344,13,7,7,8
5744,Animation|Musical|retro,+0.331|+0.328|+0.292,17,3,0,0
5743,popularity|War|Drama,+0.561|+0.288|+0.244,7,13,12,12
5742,Musical|classic|Animation,+0.802|+0.449|+0.432,12,8,5,9
5741,Sci-Fi|retro|Fantasy,+0.530|+0.381|+0.348,9,11,6,2
5740,Adventure|retro|Fantasy,+0.683|+0.510|+0.386,10,10,1,11
5739,Horror|popularity|Sci-Fi,+0.834|+0.375|+0.283,14,6,6,4
5738,Western|popularity|Animation,+0.369|+0.336|+0.315,16,4,8,5
5737,contemporary|popularity|Drama,+0.585|+0.493|+0.276,9,11,6,9
5736,popularity|Comedy|contemporary,+0.514|+0.339|+0.284,13,7,15,8
5735,popularity|Drama|classic,+0.419|+0.389|+0.297,13,7,19,20
5734,popularity|Drama|Documentary,+0.577|+0.253|+0.197,6,14,16,15
5733,contemporary|popularity|Action,+0.655|+0.549|+0.232,11,9,12,9
5732,Romance|popularity|Mystery,+0.795|+0.372|+0.251,7,13,15,9
5731,Action|popularity|Sci-Fi,+0.776|+0.437|+0.252,3,17,20,11
5730,Crime|popularity|Thriller,+0.722|+0.608|+0.325,10,10,11,15
5729,Horror|Sci-Fi|contemporary,+0.919|+0.302|+0.275,8,12,0,0
5728,Comedy|Documentary|Fantasy,+0.456|+0.374|+0.296,17,3,0,0
5727,contemporary|popularity|Western,+0.351|+0.346|+0.337,17,3,7,6
5726,Fantasy|popularity|Crime,+0.878|+0.503|+0.313,12,8,12,10
5725,contemporary|popularity|Documentary,+0.362|+0.282|+0.243,15,5,11,10
5724,contemporary|popularity|Mystery,+0.676|+0.521|+0.231,16,4,12,12
5723,contemporary|popularity|Animation,+0.680|+0.543|+0.272,13,7,11,13
5722,popularity|Documentary|Drama,+0.379|+0.260|+0.260,7,13,12,9
5721,popularity|Documentary|classic,+0.383|+0.361|+0.335,11,9,19,19
5720,Fantasy|Adventure|Animation,+0.900|+0.375|+0.356,19,1,3,3
5719,contemporary|popularity|classic,+0.263|+0.243|+0.230,12,8,4,0
5718,modern|popularity|Drama,+0.640|+0.380|+0.244,2,18,11,12
5717,contemporary|popularity|Documentary,+0.631|+0.456|+0.241,13,7,11,13
5716,Documentary|popularity|Fantasy,+0.887|+0.353|+0.317,14,6,1,4
5715,Action|popularity|Sci-Fi,+0.748|+0.425|+0.298,2,18,16,6
5714,Fantasy|Documentary|Animation,+0.235|+0.189|+0.188,14,6,10,8
5713,Comedy|popularity|modern,+0.757|+0.382|+0.373,8,12,15,12
5712,Action|popularity|Sci-Fi,+0.821|+0.355|+0.267,6,14,19,10
5711,Thriller|modern|Mystery,+0.701|+0.300|+0.294,9,11,0,2
5710,Thriller|popularity|Mystery,+0.675|+0.514|+0.391,9,11,13,10
5709,popularity|Comedy|Romance,+0.599|+0.389|+0.220,12,8,20,18
5708,Sci-Fi|popularity|Fantasy,+0.842|+0.450|+0.330,9,11,14,11
5707,modern|popularity|Animation,+0.525|+0.431|+0.201,5,15,15,15
5706,Comedy|popularity|modern,+0.734|+0.419|+0.354,10,10,10,12
5705,popularity|Fantasy|Animation,+0.678|+0.285|+0.284,7,13,18,19
5704,Comedy|Musical|popularity,+0.732|+0.331|+0.284,14,6,5,1
5703,Horror|popularity|Sci-Fi,+0.852|+0.313|+0.297,10,10,5,4
5702,Animation|Musical|popularity,+0.872|+0.499|+0.291,15,5,1,0
5701,Action|popularity|War,+0.627|+0.505|+0.243,13,7,18,18
5700,popularity|modern|Animation,+0.628|+0.452|+0.167,2,18,17,16
5699,Thriller|popularity|Mystery,+0.847|+0.329|+0.296,7,13,9,5
5698,Sci-Fi|popularity|Adventure,+0.801|+0.434|+0.373,12,8,17,11
5697,popularity|retro|Fantasy,+0.244|+0.199|+0.151,12,8,8,5
5696,Sci-Fi|popularity|Fantasy,+0.727|+0.453|+0.308,7,13,17,13
5695,Sci-Fi|popularity|Fantasy,+0.814|+0.399|+0.314,10,10,14,10
5694,popularity|Musical|Animation,+0.415|+0.314|+0.299,16,4,13,10
5693,Drama|popularity|Documentary,+0.639|+0.235|+0.199,7,13,9,8
5692,modern|popularity|Drama,+0.537|+0.427|+0.283,8,12,16,17
5691,Comedy|popularity|Musical,+0.858|+0.333|+0.202,7,13,9,7
5690,popularity|Drama|Mystery,+0.572|+0.562|+0.244,8,12,16,20
5689,popularity|contemporary|Documentary,+0.464|+0.389|+0.327,12,8,12,15
5688,popularity|Animation|Thriller,+0.635|+0.232|+0.197,1,19,19,12
5687,Adventure|Fantasy|Action,+0.819|+0.378|+0.334,12,8,1,5
5686,Animation|Musical|classic,+0.753|+0.399|+0.366,12,8,4,8
5685,popularity|contemporary|Western,+0.414|+0.360|+0.350,16,4,10,10
5684,Comedy|popularity|Documentary,+0.837|+0.294|+0.195,9,11,6,7
5683,popularity|modern|Comedy,+0.566|+0.410|+0.239,12,8,18,19
5682,popularity|Drama|modern,+0.539|+0.286|+0.213,1,19,12,5
5681,popularity|contemporary|Documentary,+0.395|+0.336|+0.275,11,9,18,14
5680,Mystery|Crime|Thriller,+0.939|+0.313|+0.274,18,2,0,1
5679,Action|Adventure|Sci-Fi,+0.883|+0.267|+0.263,11,9,4,8
5678,War|popularity|Documentary,+0.542|+0.417|+0.235,12,8,10,10
5676,Comedy|modern|Romance,+0.772|+0.360|+0.144,10,10,1,2
5675,contemporary|popularity|Sci-Fi,+0.659|+0.267|+0.248,10,10,5,5
5674,Drama|modern|popularity,+0.523|+0.482|+0.327,8,12,14,15
5673,Horror|retro|popularity,+0.485|+0.417|+0.348,7,13,12,14
5672,modern|contemporary|Documentary,+0.328|+0.296|+0.226,11,9,6,11
5671,Romance|popularity|War,+0.684|+0.602|+0.262,4,16,14,6
5670,Action|contemporary|popularity,+0.663|+0.583|+0.561,11,9,12,10
5669,Comedy|popularity|Musical,+0.902|+0.306|+0.236,4,16,7,10
5668,Horror|popularity|Musical,+0.525|+0.499|+0.333,11,9,9,7
5667,classic|contemporary|Western,+0.363|+0.297|+0.261,13,7,9,9
5666,popularity|modern|Documentary,+0.540|+0.461|+0.223,7,13,18,18
5665,popularity|Thriller|Mystery,+0.611|+0.308|+0.240,2,18,18,12
5664,popularity|modern|contemporary,+0.650|+0.398|+0.232,13,7,20,20
5663,popularity|retro|Thriller,+0.575|+0.316|+0.182,3,17,17,15
5662,Comedy|popularity|modern,+0.727|+0.430|+0.342,8,12,14,12
5661,Animation|Musical|popularity,+0.867|+0.425|+0.387,14,6,3,3
5660,Sci-Fi|retro|popularity,+0.686|+0.550|+0.397,10,10,13,7
5659,modern|popularity|Thriller,+0.577|+0.201|+0.200,7,13,5,2
5658,Crime|Mystery|Action,+0.878|+0.317|+0.256,15,5,3,5
5657,modern|popularity|Thriller,+0.609|+0.277|+0.132,7,13,7,10
5656,Drama|popularity|modern,+0.724|+0.308|+0.241,12,8,8,9
5655,contemporary|popularity|Animation,+0.790|+0.468|+0.233,11,9,8,9
5654,popularity|modern|Drama,+0.530|+0.334|+0.235,2,18,14,11
5653,contemporary|popularity|Animation,+0.930|+0.348|+0.218,9,11,3,7
5652,Drama|modern|Romance,+0.553|+0.469|+0.147,9,11,0,1
5651,Crime|popularity|Mystery,+0.840|+0.320|+0.314,15,5,4,3
5650,popularity|Musical|Romance,+0.619|+0.303|+0.269,7,13,18,17
5649,modern|Comedy|Romance,+0.607|+0.178|+0.172,8,12,3,6
5648,popularity|Sci-Fi|modern,+0.667|+0.560|+0.262,10,10,17,17
5647,Crime|popularity|Action,+0.746|+0.561|+0.484,6,14,15,10
5646,classic|Musical|popularity,+0.441|+0.343|+0.325,9,11,4,4
5645,popularity|modern|Animation,+0.539|+0.514|+0.212,1,19,13,10
5644,popularity|modern|Romance,+0.614|+0.470|+0.349,6,14,17,12
5643,retro|popularity|Sci-Fi,+0.343|+0.205|+0.203,14,6,10,7
5642,Animation|Musical|Fantasy,+0.720|+0.445|+0.423,13,7,3,5
5641,Comedy|modern|popularity,+0.731|+0.374|+0.199,9,11,2,2
5677,Thriller|popularity|Mystery,+0.813|+0.348|+0.309,14,6,5,5
5640,contemporary|Animation|Fantasy,+0.293|+0.259|+0.254,13,7,5,8
5639,popularity|Documentary|contemporary,+0.401|+0.394|+0.248,14,6,17,19
5638,Drama|Fantasy|retro,+0.398|+0.293|+0.193,9,11,2,7
5637,contemporary|popularity|Mystery,+0.765|+0.429|+0.240,15,5,7,7
5636,popularity|Drama|classic,+0.283|+0.265|+0.219,11,9,4,5
5635,popularity|Adventure|modern,+0.443|+0.416|+0.321,13,7,15,16
5634,popularity|Musical|Mystery,+0.353|+0.268|+0.268,17,3,6,6
5633,Drama|popularity|classic,+0.448|+0.393|+0.304,13,7,16,19
5632,Drama|popularity|War,+0.587|+0.493|+0.231,10,10,14,10
5631,popularity|Documentary|Drama,+0.457|+0.317|+0.269,10,10,19,17
5630,Crime|popularity|Mystery,+0.670|+0.471|+0.259,7,13,9,6
5629,classic|Drama|Documentary,+0.596|+0.368|+0.303,8,12,6,16
5628,Action|popularity|Sci-Fi,+0.549|+0.472|+0.229,12,8,20,19
5627,Comedy|popularity|modern,+0.754|+0.326|+0.239,11,9,12,13
5626,War|Western|Fantasy,+0.771|+0.406|+0.363,12,8,5,10
5625,Comedy|popularity|Documentary,+0.888|+0.329|+0.199,9,11,10,8
5624,Crime|popularity|Mystery,+0.805|+0.378|+0.243,11,9,13,9
5623,modern|popularity|Animation,+0.550|+0.485|+0.171,4,16,15,15
5622,Mystery|popularity|Comedy,+0.567|+0.394|+0.391,12,8,6,4
5621,popularity|classic|Fantasy,+0.296|+0.178|+0.176,6,14,2,0
5620,contemporary|popularity|Animation,+0.708|+0.548|+0.262,13,7,11,9
5619,Fantasy|Adventure|Animation,+0.939|+0.370|+0.319,6,14,2,15
5618,Adventure|popularity|Action,+0.652|+0.513|+0.396,13,7,17,13
5617,Sci-Fi|popularity|Fantasy,+0.820|+0.384|+0.324,9,11,15,13
5616,War|Western|popularity,+0.960|+0.382|+0.318,10,10,7,4
5615,retro|Drama|popularity,+0.573|+0.344|+0.274,11,9,6,7
5614,Adventure|Fantasy|Animation,+0.712|+0.674|+0.352,8,12,0,4
5613,Comedy|popularity|Musical,+0.854|+0.334|+0.212,5,15,11,9
5612,retro|Action|popularity,+0.282|+0.262|+0.206,19,1,1,1
5611,Action|popularity|War,+0.725|+0.519|+0.262,9,11,17,11
5610,popularity|modern|Drama,+0.574|+0.466|+0.156,7,13,16,16
5609,classic|Sci-Fi|Fantasy,+0.511|+0.396|+0.291,9,11,10,17
5608,Drama|popularity|contemporary,+0.561|+0.549|+0.222,14,6,19,17
5607,Comedy|modern|popularity,+0.828|+0.357|+0.209,6,14,4,5
5606,Romance|popularity|Musical,+0.862|+0.407|+0.244,7,13,14,9
5605,popularity|modern|Drama,+0.343|+0.250|+0.192,14,6,11,11
5604,Comedy|popularity|modern,+0.814|+0.314|+0.255,13,7,7,6
5603,retro|Drama|popularity,+0.620|+0.593|+0.199,10,10,1,1
5602,contemporary|popularity|Documentary,+0.811|+0.462|+0.255,13,7,11,11
5601,Documentary|popularity|Fantasy,+0.883|+0.302|+0.245,14,6,1,2
5600,Comedy|popularity|retro,+0.684|+0.456|+0.384,5,15,14,14
5599,Action|Adventure|popularity,+0.695|+0.320|+0.301,13,7,1,1
5598,contemporary|popularity|Animation,+0.923|+0.415|+0.273,16,4,4,4
5597,Musical|classic|popularity,+0.738|+0.481|+0.369,11,9,6,7
5596,War|popularity|retro,+0.686|+0.548|+0.279,11,9,11,7
5595,Sci-Fi|popularity|Fantasy,+0.557|+0.404|+0.314,15,5,17,18
5594,contemporary|popularity|Documentary,+0.879|+0.320|+0.238,13,7,5,6
5593,contemporary|popularity|Animation,+0.676|+0.517|+0.234,16,4,12,14
5592,popularity|Documentary|retro,+0.500|+0.277|+0.266,7,13,18,16
5591,popularity|contemporary|Documentary,+0.429|+0.324|+0.206,11,9,11,11
5590,Drama|popularity|Crime,+0.600|+0.285|+0.236,6,14,9,5
5589,Mystery|Crime|popularity,+0.940|+0.365|+0.339,12,8,4,3
5588,Drama|popularity|War,+0.600|+0.303|+0.199,6,14,11,9
5587,popularity|modern|Drama,+0.528|+0.495|+0.213,8,12,19,19
5586,modern|popularity|Documentary,+0.471|+0.471|+0.264,13,7,20,20
5585,contemporary|popularity|Documentary,+0.468|+0.387|+0.250,10,10,11,16
5584,Horror|Sci-Fi|Mystery,+0.917|+0.307|+0.222,12,8,1,1
5583,Western|popularity|contemporary,+0.421|+0.357|+0.336,14,6,8,5
5582,classic|popularity|Musical,+0.465|+0.287|+0.285,9,11,5,6
5581,Action|popularity|Crime,+0.808|+0.506|+0.249,1,19,19,12
5580,popularity|retro|War,+0.521|+0.165|+0.137,7,13,16,12
5578,Comedy|popularity|contemporary,+0.646|+0.585|+0.196,9,11,14,13
5579,popularity|Animation|Musical,+0.376|+0.242|+0.213,17,3,8,7
5577,popularity|retro|Romance,+0.274|+0.202|+0.182,15,5,6,2
5576,popularity|Action|Adventure,+0.651|+0.557|+0.205,5,15,20,14
5575,Western|contemporary|popularity,+0.421|+0.351|+0.330,14,6,9,6
5574,popularity|Horror|Animation,+0.469|+0.439|+0.325,4,16,15,3
5573,Romance|popularity|Mystery,+0.748|+0.324|+0.246,8,12,12,4
5572,Drama|popularity|Documentary,+0.486|+0.373|+0.290,11,9,15,16
5571,Horror|popularity|classic,+0.702|+0.331|+0.295,14,6,7,9
5570,popularity|classic|Musical,+0.443|+0.431|+0.352,9,11,7,5
5569,popularity|retro|Fantasy,+0.340|+0.316|+0.208,6,14,14,5
5568,Musical|popularity|Animation,+0.662|+0.509|+0.396,17,3,9,7
5567,Western|classic|War,+0.941|+0.423|+0.377,11,9,4,6
5566,popularity|contemporary|Drama,+0.447|+0.353|+0.266,9,11,10,9
5565,Comedy|modern|popularity,+0.825|+0.372|+0.216,6,14,5,6
5564,Fantasy|Animation|Musical,+0.202|+0.184|+0.184,13,7,4,5
5563,popularity|Drama|Musical,+0.479|+0.417|+0.291,9,11,17,14
5562,popularity|Comedy|modern,+0.691|+0.370|+0.242,4,16,19,17
5561,modern|popularity|Drama,+0.633|+0.335|+0.177,5,15,11,8
5560,Comedy|popularity|Musical,+0.798|+0.463|+0.222,7,13,18,14
5559,Drama|modern|popularity,+0.655|+0.449|+0.402,8,12,9,13
5558,Fantasy|Animation|Musical,+0.825|+0.429|+0.360,13,7,1,5
5557,popularity|contemporary|Horror,+0.625|+0.414|+0.216,9,11,16,14
5556,Documentary|Fantasy|popularity,+0.964|+0.224|+0.218,18,2,1,1
5555,Fantasy|popularity|Drama,+0.625|+0.397|+0.390,14,6,4,8
5554,Horror|popularity|Sci-Fi,+0.881|+0.323|+0.310,7,13,6,3
5553,retro|popularity|Fantasy,+0.746|+0.290|+0.228,9,11,9,5
5552,Musical|retro|classic,+0.164|+0.148|+0.133,14,6,2,2
5551,Horror|Sci-Fi|Mystery,+0.919|+0.313|+0.228,10,10,0,0
5550,Animation|Musical|popularity,+0.895|+0.425|+0.346,12,8,1,0
5549,Crime|popularity|Mystery,+0.947|+0.322|+0.310,7,13,4,5
5548,modern|popularity|Drama,+0.658|+0.389|+0.246,0,20,7,8
5547,Comedy|popularity|Documentary,+0.870|+0.295|+0.169,10,10,5,4
5546,Horror|Sci-Fi|popularity,+0.891|+0.320|+0.261,5,15,5,1
5545,popularity|Comedy|retro,+0.721|+0.362|+0.174,3,17,18,10
5544,popularity|contemporary|Fantasy,+0.316|+0.297|+0.269,13,7,10,10
5543,popularity|Documentary|contemporary,+0.522|+0.316|+0.312,13,7,19,20
5542,classic|Musical|Western,+0.479|+0.289|+0.285,15,5,3,4
5541,popularity|Mystery|Crime,+0.450|+0.344|+0.315,13,7,16,13
5540,War|popularity|classic,+0.733|+0.337|+0.335,15,5,9,6
5539,Mystery|Crime|popularity,+0.291|+0.243|+0.230,17,3,4,3
5538,classic|Musical|Western,+0.694|+0.447|+0.370,9,11,0,1
5537,classic|Documentary|War,+0.491|+0.327|+0.287,6,14,7,15
5536,popularity|classic|contemporary,+0.362|+0.352|+0.320,10,10,9,11
5535,popularity|retro|War,+0.410|+0.408|+0.357,13,7,8,3
5534,Adventure|Fantasy|Action,+0.940|+0.340|+0.339,8,12,1,4
5533,Action|popularity|War,+0.431|+0.370|+0.303,15,5,18,18
5532,Romance|Musical|Adventure,+0.729|+0.326|+0.266,13,7,1,3
5531,Action|Sci-Fi|Adventure,+0.873|+0.302|+0.297,11,9,6,7
5530,Romance|popularity|Musical,+0.897|+0.314|+0.254,7,13,8,3
5529,contemporary|Documentary|popularity,+0.830|+0.369|+0.308,11,9,6,9
5528,Drama|classic|popularity,+0.367|+0.364|+0.342,8,12,5,9
5527,popularity|modern|Mystery,+0.607|+0.497|+0.152,3,17,16,15
5526,Drama|popularity|War,+0.769|+0.285|+0.211,4,16,6,1
5525,popularity|Comedy|modern,+0.597|+0.424|+0.381,6,14,18,14
5524,Comedy|Musical|Fantasy,+0.865|+0.173|+0.151,11,9,2,2
5523,War|popularity|Western,+0.618|+0.462|+0.241,14,6,11,10
5522,contemporary|popularity|Animation,+0.691|+0.485|+0.250,13,7,8,11
5521,contemporary|popularity|Horror,+0.699|+0.598|+0.225,12,8,10,8
5520,Comedy|contemporary|popularity,+0.494|+0.392|+0.327,8,12,3,3
5519,Sci-Fi|contemporary|popularity,+0.511|+0.453|+0.429,10,10,11,11
5518,popularity|contemporary|Sci-Fi,+0.366|+0.294|+0.268,15,5,10,8
5517,popularity|Documentary|Drama,+0.308|+0.288|+0.262,9,11,6,7
5516,Thriller|modern|popularity,+0.593|+0.508|+0.348,8,12,10,7
5515,Action|popularity|Sci-Fi,+0.537|+0.530|+0.235,11,9,20,20
5514,Animation|Fantasy|contemporary,+0.301|+0.275|+0.225,14,6,6,10
5513,Musical|classic|popularity,+0.307|+0.280|+0.271,9,11,6,2
5512,Animation|Fantasy|Adventure,+0.528|+0.523|+0.478,11,9,0,0
5511,classic|Documentary|popularity,+0.374|+0.340|+0.294,10,10,13,15
5510,Comedy|popularity|modern,+0.634|+0.612|+0.214,11,9,19,19
5509,Drama|modern|popularity,+0.835|+0.213|+0.200,3,17,1,1
5508,Fantasy|Adventure|Animation,+0.925|+0.353|+0.336,10,10,5,12
5507,popularity|Animation|Musical,+0.277|+0.257|+0.225,19,1,7,6
5506,Fantasy|Animation|Adventure,+0.818|+0.406|+0.337,14,6,1,6
5505,Action|popularity|Adventure,+0.875|+0.392|+0.278,7,13,14,10
5504,Comedy|Documentary|Fantasy,+0.671|+0.329|+0.239,16,4,0,0
5503,popularity|modern|Drama,+0.544|+0.526|+0.237,6,14,18,19
5502,contemporary|Fantasy|modern,+0.330|+0.242|+0.240,14,6,5,11
5501,Comedy|Documentary|Fantasy,+0.566|+0.365|+0.273,15,5,0,0
5500,modern|Drama|popularity,+0.508|+0.443|+0.272,7,13,8,8
5499,popularity|modern|Romance,+0.562|+0.508|+0.186,4,16,17,11
5498,Comedy|modern|popularity,+0.719|+0.410|+0.381,8,12,14,10
5497,Action|popularity|Adventure,+0.849|+0.395|+0.298,6,14,15,9
5496,popularity|contemporary|Romance,+0.270|+0.251|+0.246,17,3,7,5
5495,popularity|Western|contemporary,+0.405|+0.346|+0.334,15,5,10,8
5494,Comedy|popularity|Musical,+0.564|+0.302|+0.232,12,8,15,11
5493,contemporary|popularity|Documentary,+0.724|+0.417|+0.230,13,7,7,12
5491,contemporary|popularity|Animation,+0.754|+0.568|+0.288,12,8,9,8
5490,Mystery|popularity|Crime,+0.788|+0.373|+0.283,10,10,4,3
5492,popularity|contemporary|Fantasy,+0.352|+0.315|+0.285,16,4,5,3
5489,Comedy|popularity|Musical,+0.729|+0.601|+0.191,1,19,14,13
5488,Fantasy|popularity|Adventure,+0.817|+0.523|+0.271,15,5,12,10
5487,popularity|Romance|Fantasy,+0.734|+0.536|+0.226,4,16,19,13
5486,Crime|popularity|Mystery,+0.924|+0.367|+0.268,6,14,7,8
5485,popularity|Sci-Fi|Action,+0.486|+0.318|+0.300,9,11,11,6
5484,Thriller|popularity|Crime,+0.577|+0.521|+0.305,8,12,16,16
5483,Drama|contemporary|popularity,+0.540|+0.208|+0.187,15,5,0,1
5482,modern|popularity|Animation,+0.546|+0.458|+0.155,4,16,14,10
5481,popularity|Animation|contemporary,+0.244|+0.226|+0.207,13,7,8,6
5480,Musical|Animation|Western,+0.912|+0.443|+0.336,14,6,1,4
5479,modern|popularity|Drama,+0.534|+0.494|+0.316,3,17,8,10
5478,popularity|modern|Romance,+0.672|+0.377|+0.205,5,15,19,15
5477,popularity|Romance|Mystery,+0.597|+0.472|+0.278,7,13,14,11
5476,Mystery|Fantasy|classic,+0.416|+0.368|+0.368,14,6,6,10
5474,Comedy|modern|popularity,+0.582|+0.425|+0.411,15,5,16,19
5475,contemporary|popularity|modern,+0.774|+0.503|+0.220,11,9,7,4
5473,Thriller|Mystery|popularity,+0.865|+0.475|+0.437,7,13,8,6
5472,retro|Comedy|popularity,+0.546|+0.474|+0.268,12,8,0,0
5471,Crime|popularity|modern,+0.777|+0.559|+0.270,5,15,9,7
5470,popularity|retro|Sci-Fi,+0.558|+0.401|+0.368,10,10,19,14
5469,War|Western|popularity,+0.964|+0.355|+0.339,7,13,8,4
5468,contemporary|popularity|Sci-Fi,+0.745|+0.373|+0.298,8,12,4,5
5466,contemporary|popularity|Animation,+0.858|+0.323|+0.237,13,7,6,5
5467,Western|War|classic,+0.944|+0.375|+0.360,14,6,3,6
5465,popularity|Romance|Musical,+0.408|+0.267|+0.265,15,5,9,8
5464,popularity|Drama|retro,+0.456|+0.242|+0.210,2,18,16,7
5463,popularity|retro|Drama,+0.414|+0.280|+0.267,4,16,12,9
5462,contemporary|popularity|Horror,+0.329|+0.307|+0.232,16,4,3,3
5461,Comedy|popularity|Musical,+0.887|+0.334|+0.227,7,13,13,8
5460,popularity|Comedy|Animation,+0.650|+0.261|+0.214,15,5,19,20
5459,popularity|contemporary|Western,+0.399|+0.379|+0.337,12,8,13,9
5458,Comedy|popularity|Documentary,+0.831|+0.392|+0.208,5,15,14,9
5457,popularity|Crime|Mystery,+0.544|+0.212|+0.206,6,14,18,13
5456,Comedy|popularity|Musical,+0.812|+0.403|+0.221,8,12,16,12
5455,Adventure|Action|Fantasy,+0.727|+0.365|+0.341,16,4,2,3
5454,Action|popularity|Adventure,+0.466|+0.389|+0.301,11,9,17,14
5453,popularity|classic|Thriller,+0.353|+0.315|+0.302,15,5,10,9
5452,Drama|modern|popularity,+0.739|+0.500|+0.335,4,16,3,4
5451,Romance|popularity|classic,+0.674|+0.414|+0.253,11,9,13,15
5450,Animation|popularity|Musical,+0.644|+0.446|+0.378,12,8,9,10
5449,Action|popularity|Adventure,+0.861|+0.408|+0.304,9,11,14,11
5448,classic|niche|contemporary,+0.542|+0.382|+0.328,10,10,5,12
5447,Musical|classic|Western,+0.935|+0.398|+0.343,10,10,1,4
5446,popularity|classic|Western,+0.324|+0.301|+0.300,10,10,9,10
5445,Adventure|popularity|Action,+0.815|+0.379|+0.375,9,11,13,10
5444,Western|popularity|contemporary,+0.398|+0.360|+0.338,16,4,7,6
5443,Romance|Musical|Adventure,+0.895|+0.299|+0.273,12,8,1,0
5442,popularity|modern|Drama,+0.546|+0.508|+0.183,3,17,19,16
5441,contemporary|popularity|Documentary,+0.569|+0.568|+0.213,13,7,14,15
5440,Comedy|modern|popularity,+0.753|+0.380|+0.346,11,9,13,14
5439,contemporary|popularity|Documentary,+0.517|+0.221|+0.213,8,12,6,4
5438,retro|Drama|popularity,+0.574|+0.491|+0.212,13,7,0,0
5437,popularity|Thriller|classic,+0.440|+0.374|+0.363,11,9,12,15
5436,Action|popularity|modern,+0.735|+0.451|+0.323,7,13,17,16
5435,Sci-Fi|popularity|modern,+0.695|+0.481|+0.307,12,8,14,14
5434,classic|War|Western,+0.567|+0.290|+0.280,14,6,3,5
5433,contemporary|popularity|Documentary,+0.787|+0.391|+0.243,12,8,5,9
5432,popularity|Drama|retro,+0.388|+0.351|+0.202,4,16,9,4
5431,modern|popularity|Drama,+0.638|+0.326|+0.168,7,13,10,9
5430,Romance|contemporary|Musical,+0.769|+0.613|+0.361,6,14,5,13
5429,Comedy|popularity|Romance,+0.615|+0.503|+0.194,3,17,14,7
5428,contemporary|popularity|Animation,+0.909|+0.387|+0.268,15,5,5,4
5427,popularity|modern|Drama,+0.495|+0.440|+0.307,9,11,14,12
5426,contemporary|popularity|Animation,+0.734|+0.470|+0.265,11,9,8,6
5425,popularity|contemporary|Documentary,+0.465|+0.319|+0.281,11,9,19,18
5424,popularity|Romance|War,+0.568|+0.435|+0.322,10,10,14,15
5423,popularity|classic|Documentary,+0.436|+0.341|+0.279,8,12,13,18
5422,Comedy|Documentary|Musical,+0.821|+0.175|+0.158,11,9,0,1
5421,retro|popularity|Documentary,+0.684|+0.355|+0.183,9,11,14,13
5420,Fantasy|Animation|Adventure,+0.462|+0.444|+0.301,10,10,0,1
5419,popularity|Documentary|Animation,+0.559|+0.240|+0.217,10,10,19,19
5418,Western|War|classic,+0.946|+0.406|+0.347,17,3,3,5
5417,Sci-Fi|popularity|Fantasy,+0.769|+0.304|+0.283,9,11,10,2
5416,popularity|Crime|Documentary,+0.489|+0.338|+0.322,15,5,20,20
5415,contemporary|popularity|Animation,+0.807|+0.457|+0.299,12,8,9,11
5414,Horror|contemporary|Mystery,+0.860|+0.279|+0.239,11,9,0,2
5413,contemporary|popularity|modern,+0.715|+0.394|+0.260,4,16,5,8
5412,Animation|contemporary|popularity,+0.567|+0.461|+0.416,13,7,10,7
5411,classic|niche|Drama,+0.484|+0.272|+0.263,9,11,4,11
5410,contemporary|classic|popularity,+0.271|+0.244|+0.229,16,4,5,3
5409,contemporary|popularity|Fantasy,+0.299|+0.273|+0.233,14,6,9,9
5408,Horror|classic|Fantasy,+0.547|+0.388|+0.368,13,7,12,15
5407,popularity|Crime|Documentary,+0.446|+0.327|+0.322,13,7,19,19
5406,popularity|War|classic,+0.550|+0.304|+0.261,4,16,9,3
5405,classic|Western|popularity,+0.511|+0.291|+0.279,13,7,2,3
5404,popularity|Sci-Fi|Horror,+0.668|+0.503|+0.318,2,18,19,17
5403,Adventure|Fantasy|Action,+0.925|+0.384|+0.323,11,9,2,4
5402,popularity|Action|Western,+0.694|+0.248|+0.234,5,15,20,15
5401,Fantasy|Animation|Adventure,+0.893|+0.378|+0.366,14,6,3,6
5400,contemporary|popularity|Animation,+0.857|+0.339|+0.324,13,7,4,4
5399,Sci-Fi|popularity|Adventure,+0.849|+0.325|+0.293,11,9,14,7
5398,contemporary|Documentary|modern,+0.353|+0.262|+0.236,15,5,10,14
5397,popularity|classic|Documentary,+0.447|+0.341|+0.306,12,8,19,18
5396,Sci-Fi|popularity|Fantasy,+0.785|+0.393|+0.294,7,13,15,8
5395,contemporary|popularity|Mystery,+0.862|+0.413|+0.267,13,7,4,5
5394,Mystery|Crime|modern,+0.747|+0.298|+0.283,9,11,1,7
5393,Drama|Fantasy|retro,+0.425|+0.218|+0.180,14,6,0,0
5392,popularity|Sci-Fi|Fantasy,+0.662|+0.363|+0.263,10,10,20,19
5391,popularity|retro|Musical,+0.242|+0.203|+0.176,12,8,6,3
5390,Comedy|popularity|Musical,+0.776|+0.396|+0.222,10,10,18,16
5389,Western|popularity|contemporary,+0.380|+0.366|+0.338,17,3,7,6
5388,Action|popularity|War,+0.743|+0.570|+0.230,1,19,18,15
5387,Sci-Fi|popularity|Documentary,+0.514|+0.404|+0.243,9,11,12,16
5386,contemporary|popularity|Western,+0.436|+0.435|+0.375,12,8,12,10
5385,Action|popularity|Sci-Fi,+0.762|+0.471|+0.252,6,14,19,13
5384,Musical|Animation|classic,+0.950|+0.518|+0.423,8,12,5,7
5383,Fantasy|popularity|Sci-Fi,+0.467|+0.460|+0.326,15,5,19,20
5382,contemporary|popularity|Action,+0.835|+0.447|+0.296,13,7,4,5
5381,Comedy|popularity|retro,+0.675|+0.510|+0.379,8,12,13,17
5380,popularity|contemporary|modern,+0.330|+0.249|+0.242,16,4,13,13
5379,contemporary|popularity|Animation,+0.605|+0.415|+0.305,7,13,7,7
5378,retro|contemporary|popularity,+0.285|+0.272|+0.244,12,8,5,3
5377,popularity|Crime|Documentary,+0.673|+0.435|+0.288,13,7,19,19
5376,contemporary|popularity|Documentary,+0.735|+0.419|+0.248,13,7,11,8
5375,Comedy|popularity|modern,+0.752|+0.419|+0.357,7,13,17,14
5374,Romance|popularity|Sci-Fi,+0.321|+0.262|+0.248,15,5,5,4
5373,popularity|Comedy|Animation,+0.587|+0.380|+0.282,13,7,20,19
5372,popularity|contemporary|modern,+0.501|+0.432|+0.259,14,6,11,11
5371,popularity|Crime|Drama,+0.543|+0.197|+0.191,6,14,17,12
5370,popularity|Western|contemporary,+0.411|+0.381|+0.335,16,4,8,7
5369,Drama|popularity|War,+0.688|+0.264|+0.196,8,12,9,7
5368,Thriller|Action|Mystery,+0.834|+0.339|+0.289,12,8,4,6
5366,popularity|modern|Animation,+0.520|+0.502|+0.159,5,15,17,16
5367,classic|War|contemporary,+0.410|+0.320|+0.317,10,10,9,13
5365,modern|Thriller|Animation,+0.531|+0.104|+0.090,12,8,0,2
5364,Fantasy|classic|Mystery,+0.395|+0.355|+0.324,17,3,8,10
5363,Action|popularity|Adventure,+0.824|+0.338|+0.276,14,6,8,8
5362,modern|contemporary|popularity,+0.300|+0.288|+0.248,16,4,9,10
5361,Animation|classic|popularity,+0.342|+0.332|+0.327,4,16,4,3
5360,contemporary|popularity|Animation,+0.643|+0.332|+0.297,7,13,3,7
5359,popularity|Fantasy|contemporary,+0.324|+0.291|+0.244,14,6,6,3
5358,Action|popularity|War,+0.636|+0.445|+0.291,11,9,16,12
5357,popularity|modern|contemporary,+0.581|+0.224|+0.209,10,10,12,9
5355,Thriller|popularity|Mystery,+0.651|+0.550|+0.266,4,16,13,6
5356,Horror|Sci-Fi|retro,+0.840|+0.294|+0.260,11,9,7,9
5354,Action|popularity|modern,+0.772|+0.367|+0.303,12,8,13,14
5353,popularity|Western|contemporary,+0.520|+0.371|+0.320,14,6,10,6
5352,popularity|Western|War,+0.612|+0.207|+0.171,6,14,15,9
5985,popularity|Thriller|Horror,+0.543|+0.382|+0.346,11,9,18,14
5351,Adventure|popularity|Action,+0.819|+0.446|+0.403,5,15,14,11
5350,Fantasy|Animation|Adventure,+0.943|+0.347|+0.345,6,14,5,15
5349,popularity|Animation|modern,+0.328|+0.221|+0.213,18,2,9,8
5348,Horror|Sci-Fi|contemporary,+0.856|+0.261|+0.250,15,5,0,0
5347,contemporary|popularity|Action,+0.778|+0.418|+0.313,14,6,8,6
5346,Animation|Musical|Fantasy,+0.964|+0.515|+0.359,10,10,2,2
5345,Comedy|Romance|Musical,+0.827|+0.175|+0.139,7,13,4,2
5344,popularity|modern|Drama,+0.474|+0.367|+0.307,6,14,17,11
5343,Animation|Musical|popularity,+0.788|+0.522|+0.425,12,8,5,2
5342,Romance|modern|popularity,+0.768|+0.442|+0.318,9,11,4,2
5341,retro|Fantasy|Comedy,+0.571|+0.270|+0.234,13,7,0,0
5340,Mystery|popularity|Fantasy,+0.476|+0.361|+0.333,17,3,9,7
5339,popularity|contemporary|Animation,+0.653|+0.257|+0.247,13,7,18,18
5338,Sci-Fi|Horror|Adventure,+0.770|+0.284|+0.272,13,7,3,1
5337,Animation|Musical|Fantasy,+0.936|+0.498|+0.354,14,6,0,0
5336,Action|popularity|Adventure,+0.841|+0.417|+0.267,6,14,16,11
5335,Western|popularity|classic,+0.629|+0.587|+0.261,13,7,5,12
5334,contemporary|Musical|Animation,+0.857|+0.239|+0.212,9,11,2,8
5333,Thriller|popularity|modern,+0.720|+0.341|+0.323,2,18,7,3
5332,Action|popularity|Adventure,+0.903|+0.399|+0.297,8,12,12,9
5331,popularity|War|Action,+0.754|+0.396|+0.234,7,13,20,20
5330,Drama|modern|popularity,+0.653|+0.499|+0.275,8,12,11,10
5329,classic|Documentary|popularity,+0.471|+0.370|+0.308,9,11,14,18
5328,Horror|Sci-Fi|popularity,+0.841|+0.295|+0.276,6,14,7,6
5327,Fantasy|modern|Animation,+0.805|+0.333|+0.333,15,5,1,5
5326,popularity|Crime|Thriller,+0.712|+0.169|+0.150,0,20,18,11
5325,popularity|Documentary|retro,+0.593|+0.454|+0.258,2,18,13,8
5324,contemporary|popularity|Mystery,+0.883|+0.323|+0.227,13,7,2,4
5323,Documentary|Fantasy|Crime,+0.971|+0.258|+0.237,16,4,0,1
5322,Action|popularity|War,+0.456|+0.444|+0.303,12,8,18,18
5321,modern|popularity|Drama,+0.599|+0.303|+0.130,10,10,4,3
5320,Animation|Musical|Fantasy,+0.794|+0.452|+0.358,14,6,2,6
5319,Western|popularity|War,+0.917|+0.358|+0.342,16,4,3,4
5318,Comedy|popularity|Animation,+0.603|+0.560|+0.267,11,9,19,17
5317,popularity|contemporary|Animation,+0.570|+0.356|+0.226,8,12,16,16
5316,Animation|popularity|Musical,+0.560|+0.522|+0.346,9,11,16,15
5315,classic|popularity|Documentary,+0.475|+0.335|+0.316,13,7,15,18
5314,popularity|retro|contemporary,+0.273|+0.223|+0.157,13,7,6,3
5313,retro|Romance|classic,+0.247|+0.240|+0.211,16,4,4,8
5312,popularity|Horror|retro,+0.432|+0.400|+0.295,9,11,11,14
5311,classic|Documentary|War,+0.580|+0.387|+0.326,9,11,13,19
5310,classic|Animation|Mystery,+0.638|+0.319|+0.311,14,6,2,8
5309,popularity|Musical|contemporary,+0.386|+0.250|+0.244,16,4,10,9
5308,contemporary|popularity|Animation,+0.799|+0.403|+0.233,13,7,7,6
5307,Sci-Fi|popularity|Fantasy,+0.587|+0.368|+0.349,16,4,1,1
5306,Adventure|Action|Fantasy,+0.963|+0.360|+0.340,10,10,0,3
5305,contemporary|popularity|Animation,+0.870|+0.344|+0.230,14,6,2,2
5304,contemporary|popularity|Mystery,+0.843|+0.396|+0.253,14,6,6,6
5303,Drama|modern|popularity,+0.525|+0.450|+0.400,9,11,13,15
5302,popularity|Animation|modern,+0.649|+0.352|+0.268,10,10,20,19
5301,popularity|Action|Animation,+0.598|+0.419|+0.251,7,13,15,8
5300,War|classic|Documentary,+0.458|+0.375|+0.330,11,9,12,15
5299,popularity|Crime|classic,+0.436|+0.364|+0.331,10,10,19,18
5298,Sci-Fi|popularity|Adventure,+0.802|+0.341|+0.312,11,9,14,7
5297,Thriller|modern|popularity,+0.788|+0.380|+0.346,8,12,8,4
5296,popularity|classic|Western,+0.437|+0.352|+0.252,5,15,9,15
5295,popularity|retro|Musical,+0.254|+0.186|+0.165,12,8,8,5
5294,Comedy|popularity|Animation,+0.738|+0.441|+0.244,11,9,14,18
5293,retro|popularity|Documentary,+0.582|+0.464|+0.209,10,10,20,18
5292,popularity|classic|Crime,+0.432|+0.357|+0.299,16,4,9,10
5291,popularity|modern|Documentary,+0.504|+0.487|+0.258,5,15,18,17
5290,retro|Drama|popularity,+0.569|+0.420|+0.331,10,10,8,10
5289,popularity|contemporary|War,+0.315|+0.261|+0.204,11,9,12,7
5288,Comedy|popularity|Romance,+0.345|+0.341|+0.324,5,15,12,4
5287,Comedy|modern|popularity,+0.790|+0.335|+0.251,12,8,4,4
5286,Action|popularity|War,+0.550|+0.388|+0.239,13,7,17,17
5285,popularity|Comedy|Musical,+0.639|+0.550|+0.193,2,18,16,14
5284,Western|popularity|War,+0.898|+0.365|+0.364,15,5,4,5
5283,retro|popularity|Fantasy,+0.733|+0.291|+0.235,10,10,4,1
5282,Comedy|Documentary|Musical,+0.784|+0.168|+0.159,14,6,0,1
5281,popularity|Sci-Fi|War,+0.593|+0.363|+0.212,12,8,20,19
5280,popularity|contemporary|Documentary,+0.311|+0.280|+0.243,13,7,10,7
5279,contemporary|popularity|Romance,+0.773|+0.519|+0.291,12,8,10,11
5278,classic|popularity|Animation,+0.451|+0.342|+0.324,13,7,20,19
5277,popularity|War|retro,+0.463|+0.305|+0.230,10,10,14,9
5276,Comedy|popularity|modern,+0.811|+0.401|+0.285,10,10,16,13
5275,Documentary|popularity|modern,+0.821|+0.259|+0.245,15,5,1,2
5274,Drama|popularity|retro,+0.534|+0.518|+0.278,10,10,15,14
5273,Drama|classic|retro,+0.658|+0.224|+0.210,9,11,6,6
5272,popularity|retro|Fantasy,+0.414|+0.381|+0.218,12,8,16,14
5271,contemporary|popularity|Mystery,+0.863|+0.325|+0.239,7,13,2,9
5270,Horror|Sci-Fi|retro,+0.821|+0.515|+0.360,9,11,3,9
5269,popularity|Documentary|Drama,+0.495|+0.326|+0.249,12,8,20,18
5268,Romance|modern|Musical,+0.728|+0.351|+0.276,12,8,0,0
5267,popularity|contemporary|Musical,+0.371|+0.287|+0.275,14,6,14,11
5266,Mystery|popularity|Crime,+0.768|+0.434|+0.392,15,5,6,5
5265,popularity|contemporary|Drama,+0.403|+0.280|+0.278,7,13,12,11
5264,popularity|Thriller|Animation,+0.529|+0.378|+0.261,6,14,9,5
5263,Action|popularity|War,+0.839|+0.398|+0.271,3,17,15,7
5262,Musical|Animation|Documentary,+0.226|+0.218|+0.185,14,6,9,9
5261,Drama|popularity|War,+0.619|+0.332|+0.208,9,11,11,6
5260,Western|War|classic,+0.952|+0.351|+0.350,16,4,3,4
5259,Drama|popularity|War,+0.537|+0.448|+0.228,8,12,13,10
5258,Action|modern|popularity,+0.643|+0.353|+0.342,15,5,17,14
5257,Sci-Fi|popularity|Fantasy,+0.775|+0.371|+0.260,4,16,18,9
5256,retro|popularity|Sci-Fi,+0.565|+0.452|+0.434,14,6,17,17
5255,classic|War|Documentary,+0.456|+0.410|+0.314,11,9,11,15
5254,modern|popularity|Action,+0.518|+0.444|+0.210,12,8,18,17
5253,Adventure|popularity|Action,+0.738|+0.396|+0.366,8,12,14,9
5252,popularity|classic|Documentary,+0.357|+0.337|+0.320,13,7,11,14
5251,popularity|contemporary|Musical,+0.476|+0.372|+0.303,10,10,19,15
5250,popularity|modern|contemporary,+0.588|+0.449|+0.285,6,14,18,16
5249,contemporary|popularity|Sci-Fi,+0.858|+0.363|+0.233,15,5,4,3
5248,Comedy|popularity|Musical,+0.879|+0.269|+0.206,6,14,7,8
5247,popularity|Horror|Action,+0.471|+0.446|+0.315,12,8,14,13
5246,Comedy|modern|popularity,+0.761|+0.394|+0.370,10,10,10,10
5245,popularity|Musical|retro,+0.197|+0.182|+0.178,11,9,5,4
5244,Adventure|modern|Fantasy,+0.832|+0.343|+0.298,13,7,6,10
5243,Sci-Fi|popularity|Adventure,+0.833|+0.419|+0.315,11,9,18,9
5242,Sci-Fi|popularity|Action,+0.849|+0.413|+0.335,1,19,15,9
5241,Sci-Fi|popularity|modern,+0.727|+0.416|+0.322,13,7,12,13
5240,Comedy|modern|popularity,+0.735|+0.403|+0.402,11,9,13,12
5239,contemporary|popularity|Animation,+0.644|+0.536|+0.256,17,3,12,11
5238,Musical|classic|Western,+0.829|+0.580|+0.375,14,6,2,3
5237,Action|popularity|Sci-Fi,+0.732|+0.550|+0.246,5,15,18,7
5236,popularity|retro|contemporary,+0.674|+0.344|+0.215,8,12,19,19
5235,popularity|Sci-Fi|Fantasy,+0.535|+0.485|+0.337,10,10,19,16
5234,contemporary|popularity|Sci-Fi,+0.564|+0.397|+0.288,12,8,8,7
5233,contemporary|popularity|Documentary,+0.565|+0.373|+0.353,9,11,6,11
5232,Mystery|Fantasy|popularity,+0.480|+0.447|+0.375,16,4,10,6
5231,popularity|War|Documentary,+0.524|+0.307|+0.240,16,4,20,20
5230,popularity|War|Action,+0.556|+0.485|+0.458,11,9,19,19
5229,Sci-Fi|popularity|modern,+0.689|+0.405|+0.335,9,11,15,13
5228,popularity|modern|contemporary,+0.684|+0.321|+0.262,8,12,20,18
5227,Thriller|popularity|Mystery,+0.833|+0.405|+0.298,8,12,9,4
5225,Horror|popularity|Sci-Fi,+0.914|+0.334|+0.320,7,13,5,0
5224,Western|popularity|contemporary,+0.418|+0.359|+0.323,13,7,9,7
5223,contemporary|popularity|Documentary,+0.740|+0.464|+0.296,14,6,10,13
5222,Mystery|Musical|classic,+0.723|+0.423|+0.416,14,6,4,6
5221,Mystery|Crime|Thriller,+0.911|+0.352|+0.344,10,10,3,11
5220,retro|Horror|niche,+0.654|+0.358|+0.209,16,4,0,0
5219,Thriller|Crime|Mystery,+0.779|+0.332|+0.332,9,11,4,6
5218,Fantasy|Adventure|Animation,+0.914|+0.387|+0.351,1,19,0,18
5216,popularity|Animation|contemporary,+0.286|+0.254|+0.217,18,2,8,8
5217,popularity|Fantasy|retro,+0.558|+0.528|+0.351,15,5,14,13
5215,popularity|Fantasy|Documentary,+0.372|+0.361|+0.263,16,4,19,19
5214,popularity|classic|Western,+0.554|+0.268|+0.259,13,7,17,15
5213,popularity|Animation|retro,+0.363|+0.237|+0.175,9,11,13,8
5226,Action|popularity|Sci-Fi,+0.798|+0.446|+0.232,5,15,18,7
5212,Documentary|classic|popularity,+0.390|+0.323|+0.266,11,9,17,19
5211,retro|Action|popularity,+0.559|+0.451|+0.422,13,7,17,16
5210,Sci-Fi|popularity|Fantasy,+0.515|+0.467|+0.278,15,5,17,15
5209,Crime|popularity|Mystery,+0.907|+0.418|+0.262,7,13,9,7
5208,contemporary|popularity|modern,+0.735|+0.504|+0.241,12,8,8,9
5207,Romance|retro|popularity,+0.620|+0.570|+0.347,14,6,7,5
5206,Action|popularity|Adventure,+0.657|+0.587|+0.248,5,15,16,5
5205,contemporary|popularity|Horror,+0.961|+0.319|+0.260,9,11,3,7
5204,Horror|popularity|modern,+0.845|+0.349|+0.254,10,10,4,3
5203,War|Western|modern,+0.763|+0.544|+0.333,12,8,5,12
5202,Western|War|classic,+0.922|+0.371|+0.325,14,6,3,6
5201,popularity|Romance|retro,+0.505|+0.271|+0.245,8,12,12,5
5200,Animation|popularity|Adventure,+0.465|+0.429|+0.427,7,13,8,5
5199,popularity|Romance|modern,+0.775|+0.213|+0.202,4,16,17,17
5198,Comedy|popularity|contemporary,+0.789|+0.457|+0.270,6,14,17,8
5197,classic|Fantasy|Mystery,+0.422|+0.412|+0.381,17,3,3,5
5196,Drama|modern|popularity,+0.511|+0.461|+0.306,12,8,14,14
5195,classic|Documentary|popularity,+0.342|+0.301|+0.295,12,8,9,12
5194,popularity|Comedy|retro,+0.530|+0.506|+0.402,10,10,16,17
5193,Sci-Fi|popularity|Fantasy,+0.619|+0.395|+0.269,6,14,15,8
5192,popularity|Western|Animation,+0.423|+0.396|+0.317,16,4,8,8
5191,popularity|Action|retro,+0.518|+0.327|+0.289,15,5,19,18
5190,popularity|Animation|Fantasy,+0.346|+0.326|+0.171,19,1,8,8
5189,Western|War|classic,+0.805|+0.445|+0.376,12,8,5,10
5188,popularity|modern|Animation,+0.532|+0.488|+0.362,8,12,12,11
5187,Sci-Fi|popularity|Fantasy,+0.824|+0.454|+0.319,5,15,16,12
5186,Sci-Fi|popularity|Action,+0.832|+0.347|+0.312,12,8,11,5
5185,retro|Adventure|War,+0.205|+0.175|+0.171,14,6,2,5
5184,contemporary|popularity|Crime,+0.953|+0.323|+0.261,6,14,2,6
5183,contemporary|popularity|Animation,+0.833|+0.455|+0.254,11,9,7,4
5182,popularity|Mystery|Romance,+0.550|+0.510|+0.222,4,16,9,6
5181,War|popularity|Action,+0.500|+0.428|+0.355,9,11,13,4
5180,popularity|Documentary|contemporary,+0.407|+0.308|+0.260,13,7,15,14
5179,Action|popularity|modern,+0.699|+0.455|+0.329,12,8,20,20
5178,Comedy|popularity|Musical,+0.862|+0.204|+0.175,7,13,5,3
5177,Comedy|popularity|modern,+0.735|+0.411|+0.367,9,11,16,14
5176,popularity|Sci-Fi|Action,+0.579|+0.516|+0.310,16,4,20,19
5175,contemporary|popularity|Animation,+0.758|+0.527|+0.316,14,6,8,5
5174,modern|contemporary|Documentary,+0.286|+0.265|+0.245,15,5,9,11
5173,contemporary|popularity|Animation,+0.677|+0.626|+0.247,14,6,10,12
5171,popularity|Action|retro,+0.272|+0.232|+0.213,12,8,4,3
5170,popularity|Documentary|modern,+0.501|+0.357|+0.324,6,14,17,19
5169,retro|popularity|Fantasy,+0.680|+0.469|+0.162,8,12,18,9
5168,Comedy|popularity|modern,+0.653|+0.539|+0.331,12,8,18,15
5167,Sci-Fi|popularity|Fantasy,+0.825|+0.342|+0.334,9,11,14,9
5165,Comedy|popularity|Musical,+0.796|+0.318|+0.226,11,9,18,11
5166,classic|popularity|Western,+0.536|+0.424|+0.295,8,12,6,15
5164,War|Western|popularity,+0.938|+0.319|+0.282,8,12,7,3
5163,War|popularity|classic,+0.771|+0.397|+0.296,13,7,10,6
5162,popularity|contemporary|Animation,+0.771|+0.243|+0.220,6,14,20,18
5161,Comedy|Animation|popularity,+0.676|+0.431|+0.357,6,14,10,3
5160,popularity|modern|Musical,+0.440|+0.430|+0.281,7,13,16,11
5159,contemporary|popularity|Sci-Fi,+0.774|+0.405|+0.286,14,6,2,4
5158,Musical|Animation|modern,+0.826|+0.526|+0.407,14,6,1,3
5156,retro|popularity|Documentary,+0.372|+0.323|+0.202,9,11,10,5
5157,popularity|Romance|classic,+0.402|+0.377|+0.312,8,12,12,11
5155,Action|popularity|modern,+0.724|+0.517|+0.269,8,12,17,19
5154,contemporary|popularity|Animation,+0.478|+0.378|+0.273,10,10,11,9
5153,Romance|Musical|Adventure,+0.810|+0.286|+0.251,12,8,1,0
5152,Animation|popularity|Mystery,+0.278|+0.269|+0.207,13,7,6,6
5151,contemporary|Horror|Animation,+0.891|+0.259|+0.257,14,6,1,3
5150,Romance|popularity|modern,+0.763|+0.423|+0.348,9,11,13,12
5149,contemporary|popularity|retro,+0.576|+0.523|+0.420,12,8,14,11
5148,popularity|modern|contemporary,+0.606|+0.359|+0.262,8,12,17,9
5147,Crime|popularity|Thriller,+0.566|+0.433|+0.389,15,5,16,15
5146,contemporary|retro|niche,+0.260|+0.225|+0.183,12,8,1,3
5145,contemporary|Animation|popularity,+0.313|+0.279|+0.273,13,7,10,10
5144,popularity|Musical|Animation,+0.614|+0.422|+0.303,2,18,16,5
5143,contemporary|Action|popularity,+0.663|+0.478|+0.468,9,11,11,11
5142,popularity|modern|Romance,+0.286|+0.247|+0.230,12,8,20,18
5141,Sci-Fi|popularity|contemporary,+0.707|+0.407|+0.351,18,2,1,1
5140,modern|popularity|Romance,+0.614|+0.358|+0.167,4,16,9,11
5139,contemporary|popularity|Drama,+0.540|+0.503|+0.470,13,7,10,9
5138,popularity|Animation|retro,+0.457|+0.193|+0.191,5,15,15,9
5137,Comedy|popularity|modern,+0.727|+0.420|+0.351,8,12,18,16
5136,Sci-Fi|popularity|Fantasy,+0.818|+0.451|+0.297,7,13,18,13
5135,retro|War|popularity,+0.686|+0.327|+0.313,9,11,4,5
5134,contemporary|popularity|Animation,+0.781|+0.445|+0.273,12,8,7,10
5133,contemporary|popularity|Animation,+0.865|+0.341|+0.284,15,5,4,4
5132,popularity|classic|Documentary,+0.342|+0.329|+0.306,5,15,11,14
5131,retro|popularity|Fantasy,+0.688|+0.302|+0.164,11,9,9,6
5130,classic|Documentary|War,+0.524|+0.342|+0.306,10,10,17,19
5129,Thriller|popularity|Mystery,+0.777|+0.457|+0.299,5,15,13,6
5128,Western|War|classic,+0.960|+0.376|+0.358,13,7,4,7
5127,popularity|modern|Documentary,+0.436|+0.319|+0.277,10,10,17,14
5126,contemporary|popularity|Animation,+0.621|+0.502|+0.269,10,10,10,10
5125,classic|Documentary|Musical,+0.672|+0.316|+0.279,11,9,3,7
5124,classic|retro|Documentary,+0.430|+0.426|+0.368,8,12,10,15
5123,Animation|contemporary|Fantasy,+0.190|+0.187|+0.170,16,4,2,2
5122,Sci-Fi|popularity|modern,+0.633|+0.520|+0.304,8,12,18,16
5121,Action|popularity|Adventure,+0.707|+0.303|+0.303,12,8,1,1
5120,Romance|popularity|Musical,+0.316|+0.284|+0.278,18,2,4,3
5119,Comedy|popularity|Documentary,+0.758|+0.431|+0.235,7,13,19,15
5118,contemporary|popularity|Animation,+0.668|+0.614|+0.454,7,13,11,12
5117,popularity|Animation|Western,+0.424|+0.304|+0.294,15,5,9,5
5116,Comedy|popularity|modern,+0.562|+0.437|+0.427,14,6,15,17
5115,modern|popularity|Documentary,+0.480|+0.381|+0.301,12,8,17,19
5114,Fantasy|Drama|Animation,+0.379|+0.373|+0.286,7,13,3,15
5113,Drama|modern|Crime,+0.633|+0.259|+0.135,14,6,0,0
5112,Adventure|Action|Fantasy,+0.917|+0.340|+0.322,7,13,5,11
5111,popularity|War|modern,+0.214|+0.212|+0.198,10,10,10,6
5110,popularity|Documentary|War,+0.551|+0.292|+0.269,4,16,20,16
5109,Musical|Animation|classic,+0.799|+0.665|+0.438,13,7,6,8
5108,classic|Musical|popularity,+0.428|+0.321|+0.304,14,6,6,9
5107,Drama|modern|popularity,+0.830|+0.270|+0.218,3,17,3,7
5106,Thriller|popularity|modern,+0.598|+0.478|+0.400,6,14,18,13
5105,popularity|War|classic,+0.346|+0.226|+0.182,7,13,10,7
5104,Action|popularity|War,+0.728|+0.432|+0.240,7,13,18,14
5103,retro|popularity|Drama,+0.602|+0.414|+0.348,11,9,12,12
5102,popularity|modern|Animation,+0.577|+0.474|+0.174,2,18,16,13
5100,contemporary|popularity|niche,+0.370|+0.352|+0.273,8,12,14,11
5101,contemporary|Horror|retro,+0.355|+0.254|+0.228,8,12,4,10
5099,Horror|contemporary|popularity,+0.685|+0.284|+0.271,13,7,0,0
5098,retro|Sci-Fi|Horror,+0.343|+0.253|+0.236,14,6,1,0
5097,popularity|retro|War,+0.604|+0.505|+0.212,5,15,17,14
5096,Drama|modern|popularity,+0.618|+0.466|+0.386,10,10,11,14
5095,classic|War|Documentary,+0.589|+0.307|+0.293,8,12,11,18
5094,popularity|Drama|Crime,+0.505|+0.439|+0.431,14,6,17,19
5093,modern|popularity|Drama,+0.519|+0.518|+0.178,4,16,15,14
5092,Mystery|popularity|classic,+0.555|+0.389|+0.384,11,9,5,9
5091,popularity|retro|contemporary,+0.319|+0.295|+0.283,15,5,0,0
5089,Romance|popularity|classic,+0.675|+0.351|+0.236,11,9,12,11
5090,popularity|Crime|modern,+0.491|+0.484|+0.454,8,12,6,7
5088,Sci-Fi|popularity|Fantasy,+0.700|+0.402|+0.323,7,13,16,11
5087,contemporary|popularity|Documentary,+0.666|+0.562|+0.215,14,6,9,12
5086,popularity|Comedy|retro,+0.604|+0.243|+0.227,7,13,20,15
5085,classic|Western|Musical,+0.699|+0.315|+0.308,11,9,1,4
5084,Comedy|popularity|modern,+0.577|+0.457|+0.248,11,9,4,2
5083,Comedy|popularity|modern,+0.761|+0.287|+0.249,12,8,2,1
5082,popularity|classic|niche,+0.298|+0.295|+0.294,3,17,13,2
5081,contemporary|popularity|Animation,+0.610|+0.366|+0.218,9,11,4,4
5080,Animation|contemporary|Musical,+0.210|+0.197|+0.196,12,8,1,2
5079,Drama|popularity|War,+0.653|+0.438|+0.217,7,13,14,9
5078,Comedy|popularity|Musical,+0.809|+0.428|+0.229,8,12,16,12
5077,popularity|retro|contemporary,+0.309|+0.257|+0.237,14,6,8,5
5076,Comedy|retro|popularity,+0.616|+0.487|+0.320,10,10,8,12
5075,Sci-Fi|popularity|Fantasy,+0.786|+0.340|+0.270,7,13,11,5
5074,Drama|modern|niche,+0.628|+0.384|+0.247,9,11,1,4
5073,Mystery|Fantasy|popularity,+0.551|+0.437|+0.369,15,5,8,4
5072,Comedy|popularity|Musical,+0.830|+0.497|+0.213,3,17,13,14
5071,classic|popularity|Documentary,+0.430|+0.351|+0.338,10,10,18,19
5070,retro|popularity|War,+0.347|+0.303|+0.175,12,8,6,4
5068,Drama|retro|popularity,+0.599|+0.598|+0.193,9,11,0,1
5067,classic|Musical|Animation,+0.641|+0.537|+0.311,6,14,5,11
5066,contemporary|popularity|Animation,+0.384|+0.358|+0.261,13,7,11,8
5065,Adventure|Action|Sci-Fi,+0.770|+0.497|+0.322,7,13,14,10
5064,Drama|classic|popularity,+0.515|+0.379|+0.318,8,12,13,13
5063,Romance|popularity|Musical,+0.616|+0.503|+0.281,9,11,8,3
5062,popularity|Musical|classic,+0.342|+0.224|+0.207,10,10,16,13
5061,Sci-Fi|popularity|Fantasy,+0.768|+0.461|+0.445,7,13,16,13
5060,Comedy|popularity|Musical,+0.790|+0.449|+0.242,10,10,20,17
5058,Mystery|Thriller|Crime,+0.959|+0.394|+0.314,14,6,2,2
5059,Thriller|modern|Mystery,+0.634|+0.336|+0.253,10,10,2,3
5057,popularity|contemporary|Documentary,+0.360|+0.299|+0.257,14,6,14,11
5056,Comedy|popularity|Musical,+0.880|+0.249|+0.186,9,11,6,6
5055,Romance|Musical|popularity,+0.937|+0.338|+0.301,12,8,7,5
5054,modern|Romance|Thriller,+0.653|+0.152|+0.143,6,14,3,6
5053,popularity|Comedy|Animation,+0.531|+0.456|+0.310,12,8,18,15
5052,popularity|classic|Documentary,+0.407|+0.406|+0.397,12,8,14,20
5051,Fantasy|contemporary|popularity,+0.284|+0.274|+0.240,14,6,11,6
5050,contemporary|popularity|Animation,+0.923|+0.371|+0.245,14,6,4,4
5049,popularity|Crime|Drama,+0.565|+0.279|+0.255,5,15,12,10
5048,classic|popularity|Western,+0.465|+0.415|+0.312,12,8,7,5
5047,Adventure|modern|Action,+0.704|+0.394|+0.389,14,6,10,12
5046,popularity|Documentary|Drama,+0.347|+0.273|+0.264,10,10,8,7
5045,Comedy|popularity|Documentary,+0.790|+0.389|+0.234,9,11,20,18
5044,Drama|popularity|modern,+0.455|+0.447|+0.436,3,17,9,7
5043,Romance|popularity|Musical,+0.860|+0.334|+0.330,12,8,3,1
5042,Drama|niche|Fantasy,+0.458|+0.306|+0.269,15,5,1,1
5041,Thriller|popularity|Mystery,+0.485|+0.428|+0.294,12,8,16,16
5040,Sci-Fi|Fantasy|Adventure,+0.718|+0.304|+0.292,17,3,1,1
5039,Crime|popularity|Mystery,+0.893|+0.322|+0.238,7,13,8,3
5038,popularity|contemporary|Documentary,+0.458|+0.426|+0.251,9,11,14,15
5037,Romance|popularity|Musical,+0.716|+0.582|+0.258,5,15,15,7
5036,Western|contemporary|popularity,+0.424|+0.340|+0.312,15,5,8,5
5035,Comedy|Documentary|Fantasy,+0.668|+0.260|+0.184,15,5,0,0
5034,popularity|classic|Animation,+0.467|+0.371|+0.293,9,11,19,20
5033,Mystery|classic|Thriller,+0.775|+0.461|+0.351,13,7,2,6
5032,Comedy|popularity|modern,+0.787|+0.430|+0.343,8,12,13,12
5031,modern|popularity|Thriller,+0.463|+0.420|+0.376,10,10,14,17
5030,Documentary|popularity|Animation,+0.698|+0.444|+0.293,5,15,4,17
5029,modern|popularity|Romance,+0.635|+0.323|+0.182,4,16,8,8
5028,Musical|Animation|classic,+0.800|+0.470|+0.376,13,7,6,8
5027,popularity|Animation|Western,+0.399|+0.333|+0.298,17,3,8,7
5026,retro|Animation|Musical,+0.207|+0.196|+0.164,13,7,4,3
5025,popularity|Documentary|retro,+0.498|+0.264|+0.245,5,15,19,13
5069,Mystery|Fantasy|Crime,+0.478|+0.409|+0.402,17,3,5,7
5024,classic|popularity|Musical,+0.331|+0.327|+0.253,8,12,10,12
5023,popularity|Mystery|Adventure,+0.256|+0.202|+0.200,11,9,12,7
5022,Fantasy|popularity|Adventure,+0.708|+0.482|+0.424,8,12,12,13
5021,War|Western|popularity,+0.973|+0.399|+0.302,8,12,6,3
5020,Horror|Sci-Fi|Musical,+0.887|+0.305|+0.244,12,8,0,0
5019,popularity|classic|Documentary,+0.421|+0.420|+0.329,11,9,11,13
5018,modern|popularity|Romance,+0.482|+0.467|+0.434,15,5,16,19
5017,Sci-Fi|popularity|Fantasy,+0.592|+0.355|+0.345,14,6,15,15
5016,Drama|modern|popularity,+0.801|+0.514|+0.187,4,16,1,4
5015,Animation|Musical|popularity,+0.330|+0.233|+0.216,12,8,8,6
5013,classic|Documentary|popularity,+0.648|+0.317|+0.301,11,9,6,11
5014,Sci-Fi|Horror|Adventure,+0.790|+0.278|+0.278,12,8,10,6
5012,Western|War|classic,+0.941|+0.388|+0.380,12,8,3,8
5011,popularity|modern|Adventure,+0.509|+0.385|+0.326,6,14,18,17
5010,War|Western|popularity,+0.957|+0.396|+0.276,10,10,5,3
5008,Adventure|Action|Fantasy,+0.944|+0.399|+0.322,10,10,7,10
5009,popularity|Sci-Fi|Romance,+0.602|+0.377|+0.377,10,10,18,14
5007,modern|popularity|Animation,+0.472|+0.406|+0.347,13,7,17,17
5006,classic|Musical|Animation,+0.693|+0.309|+0.279,12,8,1,0
5005,Drama|modern|Romance,+0.623|+0.269|+0.138,11,9,0,0
5004,Comedy|popularity|Musical,+0.826|+0.378|+0.244,8,12,17,12
5003,Thriller|popularity|modern,+0.690|+0.535|+0.359,8,12,16,12
5002,popularity|classic|Mystery,+0.617|+0.352|+0.272,8,12,14,13
5001,Drama|popularity|War,+0.836|+0.266|+0.157,2,18,3,2
5000,Adventure|popularity|retro,+0.610|+0.368|+0.279,15,5,3,3
4999,Comedy|popularity|Musical,+0.801|+0.427|+0.242,5,15,19,12
4998,Crime|popularity|Mystery,+0.952|+0.360|+0.297,7,13,4,4
4996,Crime|popularity|Mystery,+0.877|+0.444|+0.276,7,13,8,8
4997,Comedy|modern|popularity,+0.671|+0.373|+0.286,11,9,0,0
4995,modern|popularity|Drama,+0.581|+0.363|+0.283,5,15,8,10
4993,Romance|popularity|War,+0.814|+0.402|+0.273,10,10,10,6
4994,popularity|Sci-Fi|Adventure,+0.545|+0.479|+0.441,13,7,16,11
4992,Romance|popularity|Mystery,+0.658|+0.494|+0.239,8,12,17,14
4991,popularity|Sci-Fi|retro,+0.310|+0.210|+0.208,13,7,14,9
4990,Comedy|popularity|Documentary,+0.524|+0.391|+0.353,17,3,11,12
4989,modern|popularity|Drama,+0.528|+0.468|+0.218,5,15,16,16
4988,popularity|modern|Drama,+0.525|+0.481|+0.285,11,9,19,20
4986,Sci-Fi|popularity|Fantasy,+0.531|+0.431|+0.266,12,8,17,16
4987,Action|popularity|modern,+0.804|+0.356|+0.300,11,9,10,12
4985,Action|Adventure|popularity,+0.903|+0.284|+0.280,7,13,5,4
4984,Drama|modern|retro,+0.644|+0.260|+0.145,9,11,0,0
4983,Animation|Fantasy|Adventure,+0.555|+0.479|+0.369,11,9,0,0
4982,retro|popularity|Action,+0.640|+0.548|+0.277,10,10,17,15
4981,Romance|modern|Musical,+0.831|+0.402|+0.275,9,11,0,0
4980,popularity|Musical|classic,+0.568|+0.445|+0.277,6,14,11,9
4979,contemporary|Crime|Sci-Fi,+0.753|+0.258|+0.234,14,6,2,5
4978,Sci-Fi|popularity|Adventure,+0.761|+0.333|+0.327,14,6,1,1
4977,Animation|contemporary|Fantasy,+0.243|+0.216|+0.199,17,3,0,0
4976,popularity|Animation|contemporary,+0.261|+0.218|+0.189,16,4,5,4
4975,retro|popularity|War,+0.333|+0.220|+0.188,13,7,4,2
4974,Fantasy|Crime|Mystery,+0.406|+0.364|+0.349,17,3,4,5
4973,contemporary|popularity|Drama,+0.580|+0.401|+0.261,14,6,12,13
4972,Comedy|popularity|modern,+0.754|+0.385|+0.344,9,11,15,13
4971,Comedy|popularity|Musical,+0.766|+0.493|+0.226,10,10,20,16
4970,War|Western|Action,+0.856|+0.403|+0.320,7,13,1,12
4969,classic|Drama|niche,+0.632|+0.371|+0.306,8,12,5,14
4968,Mystery|classic|Fantasy,+0.401|+0.368|+0.364,15,5,7,10
4967,contemporary|popularity|Animation,+0.912|+0.329|+0.288,14,6,2,3
4966,Action|popularity|Sci-Fi,+0.805|+0.408|+0.253,6,14,19,10
4965,contemporary|popularity|Animation,+0.870|+0.358|+0.302,14,6,1,2
4964,Western|classic|War,+0.895|+0.339|+0.330,17,3,3,4
4963,Drama|modern|popularity,+0.589|+0.515|+0.173,11,9,0,0
4962,Fantasy|popularity|Sci-Fi,+0.493|+0.459|+0.362,14,6,18,18
4961,contemporary|popularity|niche,+0.347|+0.253|+0.224,10,10,9,6
4960,Western|Animation|popularity,+0.346|+0.327|+0.308,15,5,8,6
4959,popularity|retro|Documentary,+0.506|+0.318|+0.291,8,12,20,19
4958,Horror|Sci-Fi|popularity,+0.917|+0.307|+0.261,9,11,5,3
4957,retro|Documentary|Fantasy,+0.419|+0.280|+0.273,16,4,0,1
4956,Thriller|popularity|Mystery,+0.551|+0.509|+0.301,9,11,14,10
4955,Musical|Animation|classic,+0.923|+0.551|+0.400,11,9,7,8
4954,Comedy|popularity|Documentary,+0.861|+0.317|+0.222,8,12,18,11
4953,War|modern|Western,+0.809|+0.441|+0.331,15,5,6,10
4952,modern|popularity|Drama,+0.590|+0.468|+0.242,7,13,15,15
4951,popularity|contemporary|Comedy,+0.385|+0.308|+0.224,13,7,17,12
4950,Documentary|popularity|classic,+0.385|+0.353|+0.326,7,13,13,16
4949,modern|popularity|Drama,+0.491|+0.487|+0.280,9,11,20,20
4948,popularity|Drama|retro,+0.345|+0.243|+0.211,5,15,8,2
4947,War|popularity|retro,+0.469|+0.468|+0.376,13,7,12,11
4946,Western|War|classic,+0.965|+0.404|+0.391,14,6,3,6
4945,popularity|classic|retro,+0.581|+0.242|+0.202,8,12,13,14
4944,Sci-Fi|popularity|Fantasy,+0.615|+0.369|+0.317,12,8,14,15
4943,retro|Drama|popularity,+0.583|+0.416|+0.303,14,6,9,9
4942,popularity|Western|retro,+0.506|+0.297|+0.239,8,12,10,6
4941,modern|popularity|Documentary,+0.481|+0.408|+0.318,12,8,18,20
4940,classic|popularity|Musical,+0.379|+0.319|+0.245,13,7,4,0
4939,contemporary|popularity|Crime,+0.776|+0.457|+0.253,11,9,6,9
4938,popularity|Animation|Western,+0.356|+0.338|+0.329,15,5,8,6
4937,contemporary|Documentary|popularity,+0.859|+0.309|+0.273,7,13,3,10
4936,popularity|contemporary|Animation,+0.665|+0.588|+0.214,15,5,13,16
4935,popularity|Drama|War,+0.514|+0.467|+0.247,10,10,20,20
4934,Drama|modern|popularity,+0.585|+0.515|+0.391,11,9,12,11
4933,Mystery|Crime|Thriller,+0.852|+0.401|+0.280,16,4,4,3
4932,Comedy|popularity|modern,+0.752|+0.367|+0.284,11,9,16,14
4931,Western|Animation|popularity,+0.387|+0.297|+0.290,15,5,8,5
4930,classic|Musical|Western,+0.649|+0.295|+0.265,17,3,1,2
4929,classic|War|Musical,+0.586|+0.311|+0.310,12,8,6,6
4928,Adventure|Romance|Fantasy,+0.806|+0.308|+0.261,16,4,0,2
4927,Drama|modern|popularity,+0.601|+0.481|+0.394,8,12,11,13
4926,Romance|popularity|Musical,+0.706|+0.532|+0.238,6,14,17,11
4925,Comedy|popularity|Musical,+0.830|+0.327|+0.249,8,12,16,9
4924,popularity|Drama|Documentary,+0.407|+0.334|+0.320,9,11,18,19
4923,popularity|modern|War,+0.541|+0.441|+0.420,12,8,17,19
4922,modern|popularity|Animation,+0.542|+0.496|+0.155,1,19,14,11
4921,Thriller|popularity|Mystery,+0.795|+0.373|+0.324,4,16,11,3
4920,classic|Documentary|Musical,+0.485|+0.382|+0.325,3,17,8,19
4919,popularity|retro|Animation,+0.662|+0.561|+0.177,7,13,18,19
4918,popularity|Horror|Crime,+0.482|+0.203|+0.150,6,14,13,10
4917,Mystery|Thriller|popularity,+0.901|+0.357|+0.323,6,14,3,1
4916,Comedy|modern|popularity,+0.771|+0.372|+0.125,8,12,4,1
4915,Adventure|popularity|Action,+0.813|+0.395|+0.355,7,13,13,10
4914,popularity|Comedy|modern,+0.642|+0.592|+0.303,7,13,18,18
4913,popularity|Documentary|Drama,+0.520|+0.322|+0.267,10,10,17,18
4912,contemporary|Documentary|modern,+0.309|+0.250|+0.248,13,7,7,11
4911,contemporary|popularity|modern,+0.604|+0.534|+0.217,15,5,13,14
4910,Action|popularity|Sci-Fi,+0.774|+0.492|+0.269,4,16,20,11
4909,retro|popularity|Documentary,+0.687|+0.368|+0.192,8,12,16,11
4908,Comedy|popularity|Musical,+0.677|+0.484|+0.245,10,10,19,18
4907,popularity|retro|War,+0.494|+0.185|+0.145,2,18,12,2
4906,Thriller|Mystery|popularity,+0.881|+0.283|+0.270,13,7,4,5
4905,popularity|Drama|retro,+0.600|+0.347|+0.228,4,16,13,11
4904,popularity|Drama|contemporary,+0.420|+0.289|+0.242,4,16,16,3
4903,contemporary|popularity|Drama,+0.582|+0.387|+0.274,10,10,7,7
4902,Sci-Fi|retro|popularity,+0.743|+0.392|+0.387,13,7,9,5
4901,classic|Western|Musical,+0.629|+0.462|+0.407,12,8,4,5
4900,contemporary|popularity|Fantasy,+0.295|+0.253|+0.242,16,4,10,8
4899,retro|popularity|Western,+0.338|+0.215|+0.187,15,5,3,3
4898,popularity|Documentary|War,+0.479|+0.358|+0.291,16,4,18,17
4897,Animation|Musical|popularity,+0.395|+0.238|+0.227,13,7,6,6
5172,Comedy|popularity|Romance,+0.444|+0.389|+0.334,9,11,10,6
4895,popularity|contemporary|Fantasy,+0.551|+0.313|+0.215,10,10,17,12
4894,Action|popularity|Sci-Fi,+0.760|+0.502|+0.274,5,15,20,10
4893,Action|popularity|Sci-Fi,+0.719|+0.521|+0.267,5,15,20,15
4892,Sci-Fi|Fantasy|Adventure,+0.739|+0.313|+0.306,18,2,1,1
4891,Comedy|popularity|Documentary,+0.689|+0.419|+0.247,13,7,19,17
4890,modern|popularity|Drama,+0.528|+0.449|+0.282,5,15,13,16
4889,Drama|modern|popularity,+0.640|+0.401|+0.332,10,10,2,2
4888,Comedy|popularity|Musical,+0.755|+0.274|+0.266,12,8,11,9
4887,popularity|modern|Animation,+0.528|+0.271|+0.231,8,12,19,19
4886,Sci-Fi|Fantasy|popularity,+0.822|+0.315|+0.311,12,8,16,8
4885,Adventure|popularity|Action,+0.788|+0.404|+0.367,8,12,12,6
4884,Western|classic|War,+0.870|+0.437|+0.364,17,3,3,5
4883,Fantasy|popularity|Animation,+0.545|+0.453|+0.414,9,11,6,7
4882,Comedy|retro|popularity,+0.674|+0.524|+0.313,11,9,6,8
4881,popularity|Romance|Musical,+0.354|+0.274|+0.245,17,3,9,7
4880,classic|Drama|War,+0.455|+0.403|+0.280,11,9,3,5
4879,Adventure|Fantasy|Sci-Fi,+0.922|+0.365|+0.306,7,13,2,4
4878,Comedy|popularity|Musical,+0.897|+0.305|+0.197,4,16,11,5
4877,Animation|Musical|Fantasy,+0.941|+0.476|+0.372,14,6,0,0
4876,Comedy|popularity|modern,+0.547|+0.459|+0.416,12,8,15,16
4875,modern|popularity|Drama,+0.554|+0.348|+0.263,5,15,15,15
4874,Crime|popularity|Mystery,+0.890|+0.342|+0.261,7,13,9,7
4873,classic|Documentary|Mystery,+0.540|+0.352|+0.274,11,9,12,19
4871,contemporary|popularity|Animation,+0.644|+0.420|+0.323,9,11,8,10
4872,Comedy|modern|popularity,+0.708|+0.351|+0.338,10,10,5,3
4870,popularity|Documentary|Mystery,+0.274|+0.269|+0.221,14,6,14,12
4869,contemporary|popularity|Drama,+0.589|+0.337|+0.304,12,8,7,9
4868,Sci-Fi|contemporary|Adventure,+0.726|+0.271|+0.270,14,6,0,1
4867,contemporary|popularity|Sci-Fi,+0.852|+0.346|+0.325,6,14,3,8
4866,Comedy|Fantasy|Musical,+0.830|+0.225|+0.190,9,11,0,1
4865,Comedy|popularity|Musical,+0.770|+0.311|+0.268,10,10,14,10
4864,popularity|Comedy|Romance,+0.659|+0.582|+0.350,6,14,19,20
4863,Comedy|popularity|Musical,+0.810|+0.392|+0.200,8,12,11,8
4862,Sci-Fi|popularity|Fantasy,+0.678|+0.314|+0.309,12,8,14,11
4861,popularity|contemporary|Documentary,+0.441|+0.372|+0.298,14,6,18,16
4860,popularity|retro|Animation,+0.397|+0.221|+0.151,10,10,14,4
4859,Musical|Animation|popularity,+0.631|+0.519|+0.478,17,3,8,6
4858,contemporary|popularity|Animation,+0.504|+0.332|+0.215,13,7,6,8
4857,Action|popularity|modern,+0.649|+0.487|+0.344,12,8,19,19
4856,Animation|Musical|popularity,+0.739|+0.386|+0.357,10,10,7,7
4855,Romance|popularity|Thriller,+0.467|+0.462|+0.411,13,7,11,10
4854,Documentary|Fantasy|War,+0.964|+0.247|+0.239,16,4,1,1
4853,retro|popularity|Documentary,+0.628|+0.423|+0.234,7,13,19,18
4852,Drama|popularity|classic,+0.693|+0.245|+0.238,3,17,5,1
4849,Comedy|retro|Fantasy,+0.637|+0.409|+0.252,12,8,0,0
4851,popularity|contemporary|Romance,+0.342|+0.293|+0.249,16,4,8,5
4850,Comedy|popularity|retro,+0.535|+0.518|+0.485,11,9,10,13
4847,popularity|Documentary|contemporary,+0.572|+0.325|+0.238,9,11,20,18
4848,Action|retro|popularity,+0.668|+0.514|+0.456,7,13,10,7
4846,contemporary|popularity|Comedy,+0.597|+0.406|+0.355,7,13,5,7
4845,Drama|modern|niche,+0.635|+0.509|+0.398,4,16,1,6
4844,popularity|modern|Drama,+0.574|+0.422|+0.207,8,12,19,19
4843,Drama|popularity|War,+0.852|+0.239|+0.188,3,17,5,1
4842,Sci-Fi|popularity|Fantasy,+0.605|+0.505|+0.406,11,9,20,19
4841,contemporary|popularity|Animation,+0.697|+0.446|+0.311,13,7,13,14
4840,popularity|modern|Animation,+0.521|+0.508|+0.167,4,16,15,12
4839,contemporary|Fantasy|popularity,+0.462|+0.263|+0.246,9,11,7,5
4838,Drama|modern|popularity,+0.689|+0.427|+0.415,6,14,6,8
4837,Comedy|Documentary|Fantasy,+0.747|+0.221|+0.159,16,4,0,1
4836,popularity|Animation|contemporary,+0.268|+0.256|+0.239,16,4,8,6
4835,Mystery|Crime|popularity,+0.943|+0.359|+0.334,15,5,2,1
4834,contemporary|popularity|Crime,+0.867|+0.284|+0.196,7,13,1,4
4833,Western|popularity|Animation,+0.381|+0.380|+0.326,16,4,8,7
4832,contemporary|popularity|Action,+0.794|+0.435|+0.293,13,7,9,6
4831,popularity|classic|Musical,+0.499|+0.267|+0.238,9,11,7,8
4830,Drama|popularity|retro,+0.654|+0.414|+0.372,10,10,9,8
4829,Animation|popularity|Adventure,+0.574|+0.370|+0.271,13,7,10,11
4828,Romance|modern|Musical,+0.781|+0.383|+0.245,11,9,1,0
4827,Animation|Musical|classic,+0.865|+0.512|+0.330,14,6,1,3
4826,contemporary|popularity|Animation,+0.421|+0.327|+0.259,15,5,9,8
4825,Action|popularity|modern,+0.750|+0.455|+0.265,11,9,18,18
4824,contemporary|popularity|Documentary,+0.706|+0.477|+0.266,13,7,11,15
4823,Drama|popularity|retro,+0.338|+0.333|+0.280,9,11,6,2
4822,Comedy|retro|popularity,+0.593|+0.457|+0.406,10,10,14,17
4821,retro|Western|popularity,+0.735|+0.412|+0.401,6,14,5,7
4820,popularity|Animation|Musical,+0.273|+0.258|+0.213,10,10,12,7
4819,retro|Drama|Fantasy,+0.565|+0.383|+0.255,12,8,0,2
4818,Animation|popularity|Musical,+0.771|+0.457|+0.368,13,7,9,8
4817,Mystery|Romance|popularity,+0.714|+0.519|+0.480,6,14,8,4
4816,modern|contemporary|popularity,+0.619|+0.423|+0.343,4,16,9,10
4815,popularity|Drama|Comedy,+0.449|+0.242|+0.202,13,7,14,8
4814,Fantasy|popularity|modern,+0.781|+0.408|+0.337,14,6,3,2
4813,contemporary|popularity|Comedy,+0.892|+0.394|+0.362,5,15,2,5
4812,Crime|Mystery|Action,+0.913|+0.333|+0.286,14,6,3,4
4811,classic|Documentary|niche,+0.441|+0.370|+0.304,12,8,16,20
4810,Action|Adventure|popularity,+0.791|+0.345|+0.275,10,10,0,1
4809,modern|popularity|Comedy,+0.579|+0.374|+0.206,9,11,12,10
4808,classic|Action|Western,+0.402|+0.291|+0.288,15,5,4,5
4807,popularity|classic|retro,+0.482|+0.348|+0.254,6,14,15,14
4806,Sci-Fi|Horror|Adventure,+0.683|+0.289|+0.274,16,4,1,1
4805,popularity|Sci-Fi|contemporary,+0.619|+0.462|+0.360,8,12,18,15
4804,contemporary|Horror|retro,+0.386|+0.254|+0.239,11,9,9,12
4803,popularity|Animation|Western,+0.372|+0.345|+0.336,16,4,8,5
4802,modern|contemporary|popularity,+0.343|+0.341|+0.296,10,10,8,12
4801,War|Western|popularity,+0.888|+0.401|+0.358,13,7,4,5
4800,retro|Horror|Fantasy,+0.612|+0.225|+0.216,15,5,2,1
4799,Comedy|popularity|Musical,+0.845|+0.417|+0.183,8,12,15,12
4798,Animation|Mystery|Crime,+0.212|+0.196|+0.181,16,4,3,4
4797,Comedy|modern|popularity,+0.783|+0.371|+0.225,7,13,3,1
4796,Romance|popularity|Mystery,+0.715|+0.303|+0.285,8,12,10,9
4795,popularity|Mystery|Crime,+0.563|+0.387|+0.334,11,9,17,15
4794,classic|popularity|Comedy,+0.517|+0.383|+0.381,16,4,2,6
4793,modern|popularity|Thriller,+0.601|+0.201|+0.142,4,16,2,6
4792,classic|popularity|Romance,+0.370|+0.366|+0.245,9,11,13,16
4790,contemporary|popularity|modern,+0.623|+0.417|+0.372,9,11,9,11
4791,popularity|contemporary|retro,+0.364|+0.295|+0.277,7,13,14,5
4788,Comedy|Documentary|Fantasy,+0.613|+0.308|+0.220,15,5,0,0
4789,retro|contemporary|Romance,+0.312|+0.284|+0.220,9,11,1,2
4787,contemporary|popularity|Documentary,+0.762|+0.389|+0.255,13,7,9,10
4786,modern|Fantasy|Animation,+0.369|+0.204|+0.192,16,4,1,1
4785,Thriller|popularity|Mystery,+0.615|+0.529|+0.268,3,17,11,2
4784,popularity|Comedy|contemporary,+0.459|+0.267|+0.196,10,10,19,19
4783,Thriller|Mystery|popularity,+0.862|+0.310|+0.310,14,6,4,5
4782,Thriller|popularity|Mystery,+0.518|+0.325|+0.310,14,6,13,14
4781,Comedy|popularity|modern,+0.626|+0.476|+0.445,9,11,15,14
4780,Thriller|Mystery|popularity,+0.712|+0.441|+0.339,7,13,4,2
4779,popularity|retro|contemporary,+0.279|+0.265|+0.257,17,3,2,1
4778,popularity|Comedy|Mystery,+0.648|+0.287|+0.139,9,11,14,14
4777,Adventure|Action|popularity,+0.870|+0.413|+0.364,7,13,16,8
4776,popularity|modern|Animation,+0.636|+0.424|+0.170,2,18,18,12
4775,contemporary|popularity|Fantasy,+0.428|+0.282|+0.249,12,8,12,10
4774,Musical|popularity|contemporary,+0.550|+0.411|+0.395,5,15,11,13
4773,popularity|Musical|Animation,+0.681|+0.269|+0.234,9,11,19,20
4772,popularity|classic|retro,+0.461|+0.313|+0.226,2,18,6,6
4771,modern|Drama|niche,+0.643|+0.416|+0.251,8,12,3,9
4770,popularity|Documentary|classic,+0.590|+0.268|+0.239,8,12,20,20
4769,Sci-Fi|popularity|Animation,+0.415|+0.360|+0.279,17,3,16,15
4768,modern|popularity|contemporary,+0.457|+0.448|+0.255,7,13,17,14
4767,Animation|Musical|Fantasy,+0.692|+0.453|+0.389,15,5,1,2
4766,contemporary|modern|Documentary,+0.331|+0.254|+0.236,13,7,5,10
4765,Animation|Musical|Fantasy,+0.603|+0.456|+0.431,13,7,1,1
4764,popularity|Comedy|Animation,+0.588|+0.516|+0.382,15,5,18,20
4763,modern|popularity|contemporary,+0.487|+0.374|+0.363,5,15,10,12
4762,Drama|popularity|classic,+0.597|+0.271|+0.258,9,11,5,4
4761,popularity|Horror|retro,+0.545|+0.435|+0.288,11,9,13,17
4760,popularity|contemporary|Animation,+0.384|+0.283|+0.265,14,6,13,7
4759,Comedy|popularity|Animation,+0.819|+0.354|+0.258,10,10,8,5
4758,Drama|modern|popularity,+0.603|+0.436|+0.399,10,10,11,13
4757,contemporary|popularity|Romance,+0.892|+0.343|+0.231,8,12,0,5
4756,contemporary|Documentary|popularity,+0.299|+0.246|+0.245,12,8,9,8
4755,popularity|Western|Musical,+0.354|+0.274|+0.262,17,3,9,8
4754,retro|Horror|contemporary,+0.579|+0.331|+0.301,14,6,0,1
4753,popularity|retro|Drama,+0.371|+0.194|+0.187,13,7,14,9
4752,Romance|popularity|Musical,+0.821|+0.397|+0.245,10,10,13,11
4751,contemporary|popularity|Drama,+0.750|+0.384|+0.276,8,12,7,8
4750,Musical|Romance|Animation,+0.883|+0.398|+0.384,12,8,1,7
4749,contemporary|popularity|Fantasy,+0.319|+0.257|+0.216,16,4,9,7
4748,contemporary|popularity|Documentary,+0.762|+0.461|+0.228,13,7,7,11
4747,Drama|popularity|modern,+0.648|+0.422|+0.421,5,15,7,8
4746,retro|Fantasy|popularity,+0.710|+0.332|+0.326,10,10,8,3
4745,popularity|Animation|Comedy,+0.721|+0.180|+0.164,7,13,20,14
4744,popularity|retro|Fantasy,+0.504|+0.249|+0.152,7,13,8,5
4743,classic|War|Western,+0.630|+0.387|+0.322,13,7,7,7
4742,popularity|contemporary|War,+0.505|+0.301|+0.206,12,8,17,15
4741,Crime|popularity|Documentary,+0.501|+0.474|+0.345,12,8,17,18
4740,Romance|Musical|retro,+0.675|+0.378|+0.353,6,14,2,13
4739,popularity|contemporary|Action,+0.670|+0.357|+0.248,4,16,19,13
4738,Western|classic|War,+0.981|+0.424|+0.383,10,10,2,5
4737,Comedy|retro|popularity,+0.628|+0.518|+0.311,11,9,8,12
4736,Animation|popularity|contemporary,+0.321|+0.299|+0.238,8,12,10,8
4735,Mystery|Thriller|Crime,+0.960|+0.335|+0.331,17,3,2,2
4734,Drama|popularity|Documentary,+0.344|+0.328|+0.318,11,9,15,14
4733,Fantasy|popularity|Mystery,+0.520|+0.437|+0.417,14,6,10,5
4732,Western|War|classic,+0.942|+0.383|+0.347,16,4,3,5
4731,Comedy|popularity|Musical,+0.769|+0.485|+0.210,10,10,19,18
4730,contemporary|retro|popularity,+0.285|+0.233|+0.225,15,5,4,5
4729,Drama|retro|popularity,+0.604|+0.604|+0.266,12,8,1,0
4728,retro|popularity|Documentary,+0.464|+0.371|+0.282,10,10,14,16
4727,popularity|War|contemporary,+0.523|+0.366|+0.358,14,6,19,19
4726,Drama|modern|Romance,+0.605|+0.558|+0.145,5,15,0,1
4725,Horror|contemporary|Sci-Fi,+0.800|+0.283|+0.256,13,7,0,0
4724,modern|popularity|Drama,+0.512|+0.411|+0.286,7,13,14,16
4723,Musical|popularity|retro,+0.202|+0.196|+0.189,14,6,5,2
4722,Sci-Fi|popularity|Action,+0.546|+0.525|+0.271,15,5,19,18
4721,Western|contemporary|popularity,+0.396|+0.363|+0.327,15,5,10,8
4720,popularity|modern|Comedy,+0.567|+0.353|+0.333,11,9,17,14
4719,Adventure|Fantasy|Action,+0.822|+0.333|+0.316,16,4,4,5
4718,Animation|Fantasy|Adventure,+0.600|+0.478|+0.375,11,9,0,4
4716,popularity|retro|Documentary,+0.378|+0.307|+0.273,13,7,14,11
4715,retro|Sci-Fi|Musical,+0.316|+0.259|+0.240,14,6,1,1
4714,Comedy|classic|Musical,+0.539|+0.313|+0.278,12,8,8,12
4713,Romance|modern|popularity,+0.878|+0.315|+0.302,7,13,4,1
4712,popularity|classic|Western,+0.563|+0.248|+0.233,7,13,15,15
4711,Action|popularity|War,+0.733|+0.463|+0.270,8,12,15,10
4717,retro|popularity|War,+0.327|+0.267|+0.245,12,8,9,4
4710,popularity|retro|Musical,+0.310|+0.216|+0.209,11,9,7,3
4709,retro|popularity|Fantasy,+0.670|+0.483|+0.178,5,15,17,13
4708,contemporary|popularity|Crime,+0.769|+0.516|+0.236,8,12,8,10
4707,popularity|Comedy|Musical,+0.615|+0.403|+0.313,12,8,20,19
4706,popularity|Action|Sci-Fi,+0.554|+0.427|+0.317,14,6,20,20
4705,Musical|Animation|popularity,+0.492|+0.433|+0.401,3,17,8,1
4704,popularity|contemporary|modern,+0.369|+0.331|+0.235,13,7,9,11
4703,popularity|Western|contemporary,+0.412|+0.341|+0.326,18,2,8,8
4702,popularity|contemporary|Documentary,+0.605|+0.321|+0.268,11,9,20,20
4701,popularity|modern|Thriller,+0.621|+0.474|+0.296,5,15,16,13
4700,Comedy|popularity|Animation,+0.411|+0.376|+0.357,15,5,17,17
4699,Adventure|Fantasy|modern,+0.837|+0.317|+0.299,11,9,3,2
4698,contemporary|Fantasy|Documentary,+0.324|+0.236|+0.236,15,5,7,11
4697,Animation|popularity|contemporary,+0.415|+0.360|+0.340,16,4,8,6
4695,Comedy|popularity|modern,+0.732|+0.452|+0.362,10,10,11,11
4696,popularity|Animation|Fantasy,+0.348|+0.207|+0.197,10,10,15,7
4694,popularity|classic|Western,+0.540|+0.332|+0.229,10,10,18,18
4693,War|popularity|Western,+0.960|+0.354|+0.348,9,11,9,7
4692,Documentary|modern|Musical,+0.940|+0.286|+0.275,11,9,0,7
4691,popularity|modern|Animation,+0.516|+0.276|+0.172,8,12,14,15
4690,popularity|Animation|contemporary,+0.356|+0.261|+0.246,17,3,8,6
4689,contemporary|popularity|Animation,+0.792|+0.494|+0.301,13,7,7,4
4688,classic|popularity|Drama,+0.504|+0.416|+0.386,4,16,6,9
4687,Fantasy|Adventure|popularity,+0.937|+0.358|+0.346,11,9,7,7
4686,Sci-Fi|popularity|retro,+0.494|+0.471|+0.316,14,6,17,15
4685,popularity|retro|Adventure,+0.504|+0.430|+0.424,11,9,17,18
4684,popularity|Documentary|Drama,+0.381|+0.369|+0.265,8,12,15,16
4683,Adventure|Fantasy|Animation,+0.737|+0.423|+0.392,12,8,1,1
4682,modern|Thriller|popularity,+0.528|+0.445|+0.347,3,17,9,8
4681,modern|popularity|Documentary,+0.515|+0.354|+0.292,8,12,16,18
4680,Sci-Fi|classic|Horror,+0.460|+0.423|+0.361,6,14,4,16
4679,contemporary|popularity|Documentary,+0.289|+0.276|+0.220,13,7,10,7
4678,Western|popularity|contemporary,+0.411|+0.330|+0.328,16,4,7,6
4677,popularity|retro|Musical,+0.342|+0.190|+0.182,11,9,10,7
4676,popularity|modern|Comedy,+0.626|+0.424|+0.410,12,8,18,18
4675,Comedy|Documentary|popularity,+0.891|+0.186|+0.181,11,9,3,3
4674,contemporary|popularity|Sci-Fi,+0.394|+0.387|+0.348,5,15,15,2
4673,contemporary|Horror|Sci-Fi,+0.687|+0.289|+0.267,10,10,1,11
4672,Western|popularity|contemporary,+0.367|+0.325|+0.307,18,2,7,7
4671,Action|popularity|modern,+0.802|+0.346|+0.292,12,8,9,11
4670,Musical|Animation|Fantasy,+0.699|+0.492|+0.416,12,8,8,8
4669,Mystery|popularity|classic,+0.525|+0.430|+0.386,11,9,8,12
4668,Sci-Fi|popularity|Fantasy,+0.690|+0.410|+0.276,10,10,17,12
4896,contemporary|Animation|Musical,+0.909|+0.247|+0.227,11,9,1,3
4667,popularity|Documentary|retro,+0.518|+0.301|+0.229,10,10,20,20
4666,classic|Musical|Western,+0.458|+0.392|+0.345,15,5,1,2
4665,Adventure|Animation|popularity,+0.742|+0.509|+0.480,7,13,14,14
4664,contemporary|popularity|retro,+0.289|+0.275|+0.210,17,3,6,4
4663,Drama|modern|retro,+0.603|+0.200|+0.199,11,9,0,0
4662,Drama|modern|Romance,+0.474|+0.453|+0.240,13,7,0,0
4661,Mystery|Thriller|popularity,+0.809|+0.372|+0.324,10,10,3,2
4660,retro|Drama|popularity,+0.567|+0.482|+0.283,13,7,0,0
4659,Romance|Musical|Adventure,+0.914|+0.343|+0.255,12,8,3,2
4658,Crime|popularity|Mystery,+0.799|+0.412|+0.246,8,12,11,13
4657,War|popularity|Western,+0.881|+0.389|+0.291,10,10,10,6
4656,contemporary|popularity|Animation,+0.799|+0.377|+0.269,13,7,4,6
4655,popularity|contemporary|modern,+0.441|+0.272|+0.241,15,5,14,13
4654,Romance|popularity|modern,+0.739|+0.393|+0.373,10,10,10,11
4653,Drama|modern|popularity,+0.688|+0.519|+0.139,9,11,1,2
4652,contemporary|popularity|modern,+0.325|+0.323|+0.285,16,4,10,10
4651,Documentary|contemporary|popularity,+0.527|+0.499|+0.351,10,10,9,15
4650,popularity|Animation|retro,+0.760|+0.200|+0.151,4,16,20,19
4649,War|contemporary|popularity,+0.836|+0.356|+0.310,9,11,12,6
4648,popularity|Animation|modern,+0.480|+0.370|+0.300,14,6,17,20
4647,modern|Drama|niche,+0.522|+0.463|+0.302,5,15,0,2
4646,modern|popularity|Documentary,+0.447|+0.444|+0.304,14,6,20,20
4645,Romance|Musical|popularity,+0.927|+0.319|+0.307,7,13,6,2
4644,Western|popularity|contemporary,+0.519|+0.325|+0.289,17,3,7,6
4643,modern|popularity|Thriller,+0.612|+0.291|+0.161,4,16,7,7
4642,popularity|Animation|retro,+0.761|+0.275|+0.251,9,11,20,20
4641,Comedy|popularity|modern,+0.717|+0.393|+0.384,11,9,16,15
4640,popularity|Comedy|Animation,+0.721|+0.548|+0.205,11,9,20,19
4639,Comedy|Musical|popularity,+0.564|+0.489|+0.461,11,9,15,14
4638,popularity|Animation|Romance,+0.840|+0.219|+0.200,1,19,20,19
4637,Drama|modern|popularity,+0.454|+0.415|+0.366,11,9,16,19
4636,popularity|Animation|Crime,+0.370|+0.209|+0.179,10,10,13,7
4635,Fantasy|Animation|Adventure,+0.596|+0.519|+0.461,11,9,1,1
4634,Action|popularity|Adventure,+0.491|+0.480|+0.345,10,10,17,19
4633,Adventure|modern|Animation,+0.577|+0.462|+0.422,8,12,0,1
4632,retro|popularity|Documentary,+0.706|+0.396|+0.184,4,16,13,10
4631,Western|War|popularity,+0.962|+0.370|+0.347,17,3,4,3
4630,Drama|modern|popularity,+0.479|+0.451|+0.434,9,11,16,18
4629,Western|popularity|contemporary,+0.397|+0.386|+0.337,15,5,8,7
4628,popularity|Romance|Musical,+0.368|+0.285|+0.264,16,4,9,8
4627,Comedy|retro|Fantasy,+0.711|+0.417|+0.192,14,6,0,0
4626,retro|popularity|Animation,+0.333|+0.306|+0.282,9,11,6,3
4625,Thriller|retro|popularity,+0.634|+0.608|+0.377,11,9,4,0
4624,contemporary|popularity|Animation,+0.825|+0.485|+0.298,10,10,5,4
4622,popularity|Action|Sci-Fi,+0.681|+0.516|+0.239,11,9,20,20
4621,modern|popularity|contemporary,+0.423|+0.416|+0.359,14,6,20,19
4620,Western|popularity|Animation,+0.327|+0.323|+0.306,15,5,7,5
4619,Romance|contemporary|modern,+0.762|+0.269|+0.268,14,6,0,0
4618,Sci-Fi|popularity|Fantasy,+0.814|+0.354|+0.282,9,11,14,10
4617,Mystery|popularity|Crime,+0.790|+0.337|+0.325,11,9,4,1
4616,popularity|Drama|Documentary,+0.452|+0.299|+0.289,11,9,15,15
4615,Mystery|modern|popularity,+0.857|+0.403|+0.282,16,4,4,3
4614,Mystery|popularity|Thriller,+0.891|+0.357|+0.252,10,10,5,3
4613,Thriller|popularity|Drama,+0.417|+0.358|+0.330,16,4,18,17
4612,Drama|modern|popularity,+0.782|+0.335|+0.311,4,16,3,6
4611,popularity|Mystery|classic,+0.446|+0.427|+0.305,9,11,7,8
4610,Comedy|popularity|Musical,+0.859|+0.388|+0.208,4,16,11,10
4609,Sci-Fi|Horror|Fantasy,+0.807|+0.291|+0.255,11,9,5,4
4608,Fantasy|popularity|Sci-Fi,+0.490|+0.458|+0.344,14,6,18,18
4607,popularity|Drama|retro,+0.471|+0.470|+0.318,2,18,7,4
4606,Comedy|modern|popularity,+0.792|+0.330|+0.256,12,8,4,4
4605,Drama|modern|popularity,+0.742|+0.485|+0.182,5,15,1,4
4604,Action|retro|popularity,+0.501|+0.442|+0.431,14,6,0,1
4603,Adventure|Action|popularity,+0.878|+0.464|+0.413,9,11,13,9
4602,modern|popularity|Drama,+0.586|+0.444|+0.244,6,14,13,15
4601,popularity|Comedy|Animation,+0.629|+0.439|+0.279,12,8,19,17
4600,Crime|popularity|contemporary,+0.646|+0.573|+0.393,3,17,11,11
4599,Romance|popularity|War,+0.693|+0.436|+0.334,9,11,13,6
4598,popularity|classic|retro,+0.519|+0.300|+0.223,3,17,15,8
4623,Western|popularity|contemporary,+0.399|+0.387|+0.350,18,2,7,7
4597,popularity|Western|contemporary,+0.429|+0.373|+0.347,15,5,9,7
4596,Animation|Fantasy|popularity,+0.646|+0.434|+0.343,12,8,5,7
4595,Drama|popularity|War,+0.511|+0.321|+0.230,11,9,11,9
4594,Romance|popularity|Musical,+0.890|+0.434|+0.313,4,16,17,5
4593,popularity|contemporary|Drama,+0.470|+0.342|+0.256,7,13,12,11
4592,Comedy|popularity|Animation,+0.583|+0.470|+0.263,13,7,20,16
4591,Documentary|popularity|contemporary,+0.887|+0.343|+0.330,17,3,1,2
4590,popularity|Crime|Mystery,+0.529|+0.437|+0.330,14,6,16,17
4589,Comedy|popularity|Musical,+0.741|+0.352|+0.250,10,10,16,11
4588,popularity|Drama|modern,+0.582|+0.486|+0.366,11,9,12,14
4587,Action|popularity|modern,+0.655|+0.506|+0.305,12,8,20,19
4586,Comedy|popularity|Musical,+0.739|+0.468|+0.231,7,13,20,18
4585,popularity|retro|Documentary,+0.421|+0.397|+0.260,13,7,17,18
4584,classic|Documentary|popularity,+0.423|+0.343|+0.278,9,11,7,11
4583,classic|popularity|Western,+0.520|+0.426|+0.313,11,9,8,11
4582,popularity|contemporary|Horror,+0.448|+0.284|+0.231,15,5,14,14
4581,retro|Comedy|Documentary,+0.468|+0.448|+0.363,16,4,5,9
4580,popularity|Mystery|Drama,+0.341|+0.187|+0.177,13,7,9,8
4579,Mystery|popularity|classic,+0.608|+0.304|+0.294,7,13,0,5
4578,modern|popularity|Crime,+0.633|+0.361|+0.175,3,17,8,7
4577,Fantasy|Adventure|Animation,+0.888|+0.386|+0.364,6,14,0,13
4575,Comedy|niche|Musical,+0.514|+0.394|+0.253,8,12,6,5
4574,contemporary|popularity|Documentary,+0.633|+0.499|+0.243,13,7,7,13
4573,Crime|Fantasy|classic,+0.458|+0.392|+0.340,16,4,4,7
4572,Fantasy|popularity|modern,+0.765|+0.366|+0.349,13,7,2,3
4576,popularity|Animation|Musical,+0.310|+0.309|+0.220,12,8,8,9
4571,modern|popularity|Animation,+0.566|+0.460|+0.155,10,10,11,9
4570,popularity|Animation|Musical,+0.260|+0.202|+0.200,12,8,6,4
4569,Action|Adventure|popularity,+0.833|+0.265|+0.251,11,9,4,5
4568,Animation|popularity|Musical,+0.219|+0.203|+0.164,11,9,0,0
4567,Animation|popularity|Sci-Fi,+0.596|+0.536|+0.431,10,10,13,12
4566,Mystery|Crime|Thriller,+0.883|+0.368|+0.290,16,4,1,2
4565,popularity|retro|Documentary,+0.557|+0.352|+0.304,11,9,19,20
4564,popularity|Fantasy|Documentary,+0.479|+0.339|+0.257,16,4,20,20
4563,popularity|contemporary|Drama,+0.593|+0.509|+0.278,12,8,13,14
4562,popularity|Musical|classic,+0.595|+0.432|+0.328,9,11,12,12
4561,modern|popularity|Animation,+0.590|+0.227|+0.172,14,6,4,4
4560,popularity|classic|retro,+0.503|+0.300|+0.243,3,17,11,9
4559,Comedy|popularity|Musical,+0.776|+0.370|+0.255,10,10,19,14
4558,classic|Documentary|popularity,+0.549|+0.312|+0.308,11,9,14,18
4557,retro|popularity|War,+0.289|+0.273|+0.157,14,6,4,3
4556,popularity|Romance|Animation,+0.705|+0.336|+0.206,6,14,18,14
4555,contemporary|popularity|Fantasy,+0.711|+0.306|+0.293,12,8,1,3
4554,Fantasy|popularity|Adventure,+0.783|+0.547|+0.276,14,6,13,14
4553,War|popularity|classic,+0.726|+0.354|+0.351,11,9,10,11
4552,Sci-Fi|popularity|Fantasy,+0.555|+0.479|+0.336,12,8,17,15
4551,Drama|Documentary|classic,+0.462|+0.331|+0.292,11,9,13,18
4550,popularity|Animation|Western,+0.365|+0.339|+0.301,15,5,8,8
4549,Horror|modern|popularity,+0.701|+0.349|+0.294,11,9,0,0
4548,Animation|popularity|Action,+0.279|+0.272|+0.221,19,1,6,5
4547,contemporary|popularity|Action,+0.462|+0.448|+0.260,9,11,13,10
4546,popularity|retro|Documentary,+0.642|+0.296|+0.255,5,15,19,20
4545,popularity|Action|Sci-Fi,+0.613|+0.434|+0.376,14,6,16,13
4544,classic|Drama|Documentary,+0.444|+0.391|+0.321,8,12,7,15
4543,modern|popularity|Drama,+0.698|+0.281|+0.211,3,17,2,9
4542,retro|popularity|Fantasy,+0.316|+0.296|+0.188,8,12,11,6
4541,contemporary|popularity|Action,+0.676|+0.451|+0.394,14,6,9,9
4540,Comedy|retro|popularity,+0.726|+0.417|+0.274,11,9,3,3
4539,popularity|contemporary|classic,+0.423|+0.405|+0.269,7,13,17,12
4538,classic|popularity|Musical,+0.477|+0.376|+0.276,13,7,2,3
4537,Romance|popularity|War,+0.830|+0.442|+0.273,4,16,14,7
4536,popularity|contemporary|Sci-Fi,+0.747|+0.334|+0.232,6,14,20,17
4535,Action|popularity|Sci-Fi,+0.869|+0.339|+0.278,8,12,14,9
4534,Thriller|modern|popularity,+0.795|+0.382|+0.373,8,12,9,10
4533,Crime|popularity|Mystery,+0.898|+0.459|+0.314,4,16,7,5
4532,Thriller|modern|popularity,+0.777|+0.422|+0.354,10,10,7,8
4531,contemporary|popularity|retro,+0.299|+0.259|+0.213,16,4,1,1
4530,classic|Documentary|popularity,+0.350|+0.341|+0.294,10,10,17,17
4529,Horror|Sci-Fi|contemporary,+0.892|+0.275|+0.229,13,7,0,0
4528,Romance|popularity|modern,+0.528|+0.500|+0.325,12,8,15,17
4527,popularity|retro|Animation,+0.398|+0.209|+0.185,8,12,14,10
4526,retro|popularity|Documentary,+0.596|+0.276|+0.233,10,10,13,14
4525,War|popularity|Western,+0.887|+0.406|+0.299,9,11,11,7
4524,popularity|modern|Documentary,+0.513|+0.247|+0.243,11,9,20,16
4523,contemporary|popularity|classic,+0.781|+0.395|+0.252,14,6,7,5
4522,contemporary|popularity|Animation,+0.959|+0.268|+0.221,13,7,2,4
4521,popularity|classic|Western,+0.378|+0.317|+0.302,11,9,10,11
4520,Horror|Sci-Fi|contemporary,+0.896|+0.302|+0.243,11,9,0,0
4519,Crime|popularity|Documentary,+0.762|+0.349|+0.294,13,7,11,15
4518,Animation|Musical|popularity,+0.920|+0.426|+0.309,12,8,1,0
4517,popularity|Animation|Romance,+0.801|+0.260|+0.255,2,18,18,17
4516,Drama|modern|popularity,+0.657|+0.461|+0.419,10,10,10,12
4513,popularity|modern|Drama,+0.566|+0.426|+0.178,8,12,18,18
4512,War|popularity|Western,+0.824|+0.458|+0.288,9,11,8,14
4511,Horror|classic|Sci-Fi,+0.689|+0.552|+0.354,12,8,1,5
4510,Animation|Fantasy|Adventure,+0.436|+0.429|+0.276,13,7,0,0
4509,popularity|Animation|retro,+0.560|+0.161|+0.154,2,18,17,10
4508,Comedy|Documentary|Musical,+0.920|+0.200|+0.144,9,11,2,2
4507,Western|War|popularity,+0.891|+0.455|+0.361,13,7,5,5
4506,contemporary|popularity|Animation,+0.745|+0.379|+0.276,13,7,10,14
4505,Western|retro|War,+0.488|+0.302|+0.250,13,7,2,4
4503,Musical|popularity|Animation,+0.244|+0.230|+0.215,10,10,7,4
4502,Sci-Fi|retro|popularity,+0.672|+0.542|+0.393,13,7,13,13
4501,Action|popularity|Sci-Fi,+0.781|+0.409|+0.261,4,16,17,12
4515,popularity|Action|classic,+0.511|+0.430|+0.356,13,7,12,12
4500,contemporary|popularity|Animation,+0.835|+0.432|+0.208,12,8,7,11
4499,Thriller|popularity|retro,+0.734|+0.496|+0.393,8,12,10,4
4498,contemporary|popularity|Crime,+0.893|+0.431|+0.244,7,13,6,8
4497,classic|niche|War,+0.553|+0.219|+0.210,15,5,1,3
4496,contemporary|popularity|Documentary,+0.800|+0.375|+0.247,9,11,6,10
4495,popularity|Animation|Action,+0.467|+0.263|+0.206,19,1,7,7
4494,classic|Western|Documentary,+0.516|+0.488|+0.335,7,13,12,19
4493,contemporary|Documentary|Animation,+0.873|+0.464|+0.230,4,16,1,11
4492,War|popularity|classic,+0.631|+0.433|+0.301,13,7,13,14
4491,Action|Adventure|popularity,+0.656|+0.275|+0.272,15,5,1,1
4490,contemporary|popularity|Horror,+0.360|+0.270|+0.226,13,7,3,0
4489,Fantasy|popularity|Animation,+0.485|+0.337|+0.298,11,9,1,0
4488,Mystery|Thriller|Crime,+0.970|+0.332|+0.318,16,4,0,2
4504,Romance|popularity|Musical,+0.801|+0.465|+0.207,4,16,17,8
4487,Action|popularity|modern,+0.812|+0.352|+0.284,12,8,9,8
4486,modern|Romance|niche,+0.483|+0.310|+0.220,8,12,0,2
4485,modern|popularity|Thriller,+0.585|+0.310|+0.155,3,17,8,8
4484,Comedy|Musical|classic,+0.518|+0.510|+0.336,9,11,6,9
4483,Romance|modern|Musical,+0.820|+0.404|+0.253,11,9,0,0
4482,contemporary|popularity|Documentary,+0.830|+0.426|+0.211,10,10,6,9
4481,popularity|Horror|contemporary,+0.520|+0.389|+0.272,10,10,15,12
4480,Western|popularity|War,+0.917|+0.384|+0.362,14,6,5,5
4479,Adventure|popularity|Action,+0.725|+0.379|+0.336,10,10,8,9
4478,contemporary|Documentary|popularity,+0.348|+0.347|+0.324,18,2,12,12
4477,War|classic|popularity,+0.551|+0.402|+0.385,12,8,10,12
4476,Sci-Fi|Horror|Fantasy,+0.854|+0.323|+0.308,12,8,11,10
4475,Sci-Fi|popularity|Fantasy,+0.545|+0.389|+0.343,16,4,1,1
4474,Crime|Mystery|Action,+0.910|+0.312|+0.272,15,5,5,6
4473,classic|Musical|Western,+0.667|+0.538|+0.393,9,11,1,2
4471,contemporary|popularity|Documentary,+0.539|+0.513|+0.265,16,4,13,15
4472,Comedy|popularity|Musical,+0.881|+0.357|+0.240,3,17,13,6
4470,Fantasy|Drama|popularity,+0.656|+0.487|+0.363,11,9,5,10
4469,Romance|popularity|War,+0.718|+0.365|+0.264,10,10,13,8
4468,popularity|contemporary|Romance,+0.601|+0.239|+0.224,12,8,20,16
4467,Comedy|popularity|Musical,+0.459|+0.361|+0.230,12,8,11,5
4466,retro|popularity|War,+0.337|+0.251|+0.189,14,6,8,7
4464,Comedy|popularity|Musical,+0.651|+0.443|+0.324,13,7,13,9
4465,Documentary|popularity|Drama,+0.376|+0.344|+0.311,9,11,6,7
4463,modern|popularity|Drama,+0.465|+0.458|+0.454,9,11,16,18
4462,popularity|Animation|classic,+0.311|+0.291|+0.283,15,5,13,10
4461,Fantasy|popularity|Sci-Fi,+0.838|+0.370|+0.331,14,6,11,6
4460,Action|popularity|Adventure,+0.715|+0.312|+0.285,14,6,1,1
4459,Comedy|modern|popularity,+0.716|+0.417|+0.350,11,9,15,14
4458,contemporary|popularity|retro,+0.449|+0.403|+0.217,10,10,14,13
4457,Mystery|popularity|Musical,+0.925|+0.311|+0.252,11,9,1,1
4456,Musical|classic|Animation,+0.939|+0.397|+0.396,12,8,6,8
4455,popularity|contemporary|Animation,+0.517|+0.501|+0.361,14,6,15,15
4454,Sci-Fi|modern|Action,+0.586|+0.296|+0.247,15,5,1,1
4453,Sci-Fi|popularity|modern,+0.740|+0.342|+0.339,13,7,15,12
4451,War|popularity|Western,+0.848|+0.443|+0.279,16,4,8,8
4452,modern|popularity|Thriller,+0.604|+0.358|+0.136,5,15,9,10
4450,Fantasy|popularity|Sci-Fi,+0.816|+0.449|+0.346,17,3,12,12
4449,contemporary|popularity|modern,+0.662|+0.460|+0.269,8,12,6,12
4448,Horror|contemporary|popularity,+0.511|+0.339|+0.220,8,12,2,5
4447,Drama|retro|War,+0.347|+0.300|+0.196,17,3,0,0
4446,Action|popularity|Fantasy,+0.677|+0.385|+0.360,9,11,2,3
4445,contemporary|Horror|niche,+0.581|+0.526|+0.246,13,7,0,0
4444,Adventure|popularity|Action,+0.748|+0.456|+0.381,8,12,17,12
4443,Mystery|Crime|Fantasy,+0.535|+0.430|+0.415,16,4,7,9
4442,classic|Musical|Western,+0.506|+0.475|+0.358,13,7,2,4
4441,Action|popularity|Crime,+0.795|+0.468|+0.278,7,13,14,9
4440,Western|popularity|retro,+0.445|+0.375|+0.344,14,6,8,8
4439,Western|popularity|contemporary,+0.373|+0.347|+0.302,18,2,7,6
4438,popularity|Animation|classic,+0.424|+0.269|+0.209,6,14,9,7
4437,Action|Adventure|popularity,+0.761|+0.328|+0.302,13,7,1,1
4436,Mystery|Crime|popularity,+0.933|+0.315|+0.272,17,3,1,1
4435,popularity|contemporary|Musical,+0.386|+0.322|+0.238,15,5,10,11
4434,Animation|popularity|Horror,+0.221|+0.207|+0.166,17,3,3,2
4433,Western|War|classic,+0.924|+0.370|+0.348,15,5,3,6
4432,popularity|Romance|Musical,+0.441|+0.335|+0.285,14,6,15,18
4431,popularity|Horror|retro,+0.622|+0.341|+0.261,10,10,20,16
4430,Comedy|modern|Documentary,+0.679|+0.290|+0.244,15,5,0,0
4429,contemporary|Documentary|classic,+0.768|+0.308|+0.301,8,12,7,15
4428,popularity|Animation|contemporary,+0.314|+0.243|+0.237,18,2,9,7
4427,popularity|Comedy|modern,+0.582|+0.572|+0.330,10,10,18,18
4426,Comedy|popularity|Musical,+0.869|+0.296|+0.210,11,9,5,3
4425,popularity|contemporary|modern,+0.356|+0.342|+0.240,14,6,15,13
4424,Action|popularity|War,+0.708|+0.485|+0.232,8,12,18,15
4423,popularity|retro|Documentary,+0.687|+0.227|+0.205,6,14,19,18
4422,popularity|modern|Documentary,+0.549|+0.462|+0.229,9,11,18,20
4421,contemporary|popularity|Animation,+0.845|+0.303|+0.285,14,6,4,5
4420,classic|Fantasy|Mystery,+0.513|+0.377|+0.346,15,5,5,8
4419,popularity|Animation|contemporary,+0.326|+0.260|+0.229,18,2,8,8
4418,popularity|modern|Drama,+0.369|+0.363|+0.279,6,14,11,13
4417,Mystery|popularity|Thriller,+0.876|+0.405|+0.394,11,9,7,4
4416,Western|War|classic,+0.954|+0.365|+0.333,16,4,3,5
4415,Sci-Fi|popularity|contemporary,+0.690|+0.366|+0.295,17,3,1,1
4414,Comedy|modern|popularity,+0.631|+0.381|+0.247,9,11,4,4
4413,popularity|Western|Animation,+0.344|+0.282|+0.276,14,6,9,5
4412,popularity|contemporary|Horror,+0.326|+0.287|+0.193,16,4,4,3
4411,Adventure|popularity|Fantasy,+0.370|+0.341|+0.230,10,10,10,10
4410,popularity|Documentary|Animation,+0.550|+0.306|+0.289,10,10,20,20
4409,Comedy|popularity|modern,+0.739|+0.424|+0.330,8,12,16,16
4408,retro|popularity|Fantasy,+0.723|+0.206|+0.132,7,13,8,5
4407,modern|contemporary|Animation,+0.450|+0.132|+0.115,13,7,2,1
4406,popularity|classic|Western,+0.407|+0.325|+0.303,11,9,12,14
4405,Documentary|popularity|classic,+0.475|+0.429|+0.284,10,10,17,19
4404,contemporary|popularity|Animation,+0.873|+0.333|+0.251,14,6,1,1
4403,modern|popularity|Documentary,+0.513|+0.354|+0.303,11,9,19,19
4402,Crime|popularity|Mystery,+0.823|+0.569|+0.254,7,13,10,9
4401,Horror|popularity|Sci-Fi,+0.764|+0.302|+0.301,17,3,5,6
4396,popularity|Comedy|retro,+0.570|+0.563|+0.379,9,11,18,18
4398,popularity|Documentary|Crime,+0.648|+0.276|+0.254,13,7,20,20
4397,popularity|modern|Thriller,+0.681|+0.242|+0.186,3,17,20,16
4395,popularity|modern|Drama,+0.550|+0.409|+0.248,14,6,20,20
4399,Animation|Musical|popularity,+0.668|+0.398|+0.357,10,10,5,0
4400,Romance|popularity|modern,+0.833|+0.388|+0.353,8,12,10,5
4394,popularity|Animation|contemporary,+0.281|+0.265|+0.236,19,1,7,6
4392,popularity|Crime|Animation,+0.323|+0.225|+0.201,14,6,11,6
4393,popularity|Crime|Documentary,+0.535|+0.289|+0.277,13,7,20,20
4391,popularity|Crime|Adventure,+0.341|+0.197|+0.195,17,3,10,9
4390,Comedy|modern|Documentary,+0.649|+0.272|+0.252,16,4,0,0
4389,Comedy|modern|popularity,+0.738|+0.321|+0.182,10,10,1,1
4388,modern|popularity|Thriller,+0.643|+0.183|+0.138,8,12,6,8
4386,Documentary|modern|contemporary,+0.625|+0.449|+0.416,11,9,7,16
4387,popularity|Animation|retro,+0.276|+0.270|+0.176,12,8,5,1
4385,contemporary|popularity|Documentary,+0.708|+0.403|+0.287,16,4,10,13
4384,contemporary|popularity|Crime,+0.659|+0.625|+0.217,8,12,9,10
4383,contemporary|popularity|Fantasy,+0.589|+0.308|+0.247,13,7,4,6
4382,modern|Animation|popularity,+0.475|+0.147|+0.126,13,7,3,2
4381,contemporary|Western|popularity,+0.382|+0.368|+0.321,14,6,8,7
4380,Mystery|classic|popularity,+0.258|+0.214|+0.212,16,4,2,2
4379,popularity|retro|Crime,+0.550|+0.280|+0.179,2,18,16,10
4378,popularity|retro|Animation,+0.610|+0.183|+0.159,4,16,18,15
4377,Action|Adventure|Mystery,+0.638|+0.253|+0.219,14,6,1,1
4376,popularity|retro|Western,+0.377|+0.315|+0.196,13,7,8,5
4375,Thriller|Mystery|popularity,+0.754|+0.289|+0.237,10,10,2,2
4374,Action|popularity|Sci-Fi,+0.800|+0.511|+0.260,4,16,18,11
4373,classic|Horror|Adventure,+0.559|+0.209|+0.198,12,8,2,3
4372,popularity|contemporary|Horror,+0.362|+0.324|+0.222,17,3,12,9
4371,Western|contemporary|popularity,+0.377|+0.352|+0.344,18,2,7,6
4370,Comedy|popularity|modern,+0.731|+0.416|+0.377,12,8,11,9
4369,retro|popularity|Documentary,+0.430|+0.332|+0.312,6,14,14,10
4368,Thriller|popularity|Mystery,+0.828|+0.407|+0.297,6,14,11,5
4367,popularity|classic|Documentary,+0.417|+0.392|+0.281,6,14,12,15
4366,popularity|Animation|Musical,+0.312|+0.263|+0.247,12,8,6,5
4365,contemporary|popularity|retro,+0.332|+0.242|+0.228,14,6,4,2
4364,Horror|Sci-Fi|contemporary,+0.835|+0.265|+0.264,9,11,0,0
4363,Action|popularity|Crime,+0.773|+0.515|+0.335,2,18,20,12
4362,Mystery|modern|Crime,+0.612|+0.507|+0.396,13,7,6,12
4361,Animation|popularity|Musical,+0.745|+0.416|+0.390,15,5,6,5
4360,Comedy|modern|Documentary,+0.778|+0.205|+0.190,14,6,0,1
4359,Thriller|popularity|modern,+0.634|+0.446|+0.438,7,13,13,11
4358,Horror|Sci-Fi|retro,+0.889|+0.330|+0.267,9,11,3,7
4357,Musical|Animation|classic,+0.904|+0.603|+0.365,14,6,6,7
4356,popularity|Crime|Documentary,+0.489|+0.353|+0.321,13,7,17,16
4355,Sci-Fi|popularity|Adventure,+0.808|+0.333|+0.331,14,6,10,5
4354,classic|War|Western,+0.589|+0.367|+0.362,14,6,14,17
4353,contemporary|popularity|Animation,+0.889|+0.296|+0.274,10,10,5,10
4352,Animation|Fantasy|popularity,+0.401|+0.336|+0.311,9,11,6,6
4351,Action|Adventure|Sci-Fi,+0.844|+0.307|+0.302,10,10,5,4
4350,Thriller|popularity|Mystery,+0.765|+0.449|+0.286,10,10,14,11
4349,Documentary|popularity|classic,+0.353|+0.329|+0.327,13,7,20,20
4348,War|popularity|retro,+0.480|+0.363|+0.284,11,9,12,15
4347,modern|popularity|Comedy,+0.599|+0.322|+0.141,5,15,8,8
4346,Comedy|popularity|contemporary,+0.695|+0.526|+0.309,11,9,17,19
4345,Comedy|modern|popularity,+0.735|+0.404|+0.319,8,12,10,9
4344,Comedy|Documentary|Fantasy,+0.840|+0.297|+0.175,14,6,0,0
4343,modern|Comedy|popularity,+0.500|+0.111|+0.108,13,7,3,3
4342,Sci-Fi|retro|Horror,+0.692|+0.507|+0.341,16,4,1,1
4341,popularity|Sci-Fi|modern,+0.520|+0.418|+0.331,15,5,18,13
4340,modern|popularity|Drama,+0.544|+0.476|+0.235,7,13,18,20
4339,Action|popularity|Adventure,+0.613|+0.358|+0.349,15,5,1,1
4338,contemporary|popularity|Animation,+0.739|+0.413|+0.263,13,7,5,4
4337,Horror|Sci-Fi|contemporary,+0.860|+0.287|+0.212,10,10,0,0
4336,Fantasy|modern|Horror,+0.681|+0.435|+0.369,16,4,4,5
4335,modern|Animation|Fantasy,+0.483|+0.176|+0.145,15,5,1,1
4334,Sci-Fi|Horror|Adventure,+0.797|+0.282|+0.273,10,10,13,8
4333,Sci-Fi|Fantasy|Adventure,+0.605|+0.290|+0.282,19,1,1,1
4332,popularity|modern|Crime,+0.483|+0.357|+0.338,13,7,19,19
4331,popularity|Animation|contemporary,+0.253|+0.230|+0.195,15,5,3,2
4330,Drama|popularity|War,+0.672|+0.302|+0.198,8,12,9,6
4329,Western|War|popularity,+0.925|+0.356|+0.347,15,5,5,4
4328,Thriller|popularity|Mystery,+0.826|+0.463|+0.326,7,13,10,6
4327,contemporary|popularity|Mystery,+0.805|+0.408|+0.249,14,6,8,8
4326,Drama|modern|popularity,+0.779|+0.460|+0.238,3,17,2,7
4325,popularity|contemporary|Action,+0.345|+0.324|+0.253,16,4,4,4
4324,classic|Documentary|popularity,+0.419|+0.379|+0.277,11,9,19,18
4323,Comedy|popularity|Animation,+0.870|+0.335|+0.187,12,8,6,5
4322,popularity|contemporary|Thriller,+0.555|+0.442|+0.260,8,12,11,12
4321,Comedy|popularity|Musical,+0.804|+0.400|+0.234,7,13,20,15
4320,Adventure|Action|Sci-Fi,+0.902|+0.416|+0.337,9,11,9,6
4319,popularity|Crime|Animation,+0.326|+0.212|+0.160,11,9,11,5
4317,classic|niche|Fantasy,+0.521|+0.473|+0.377,14,6,5,8
4316,popularity|modern|Animation,+0.559|+0.447|+0.216,10,10,20,19
4315,Mystery|popularity|modern,+0.727|+0.508|+0.353,10,10,5,6
4314,popularity|Animation|Horror,+0.306|+0.239|+0.230,14,6,5,2
4313,Drama|popularity|War,+0.470|+0.466|+0.349,10,10,13,12
4311,Crime|popularity|Documentary,+0.686|+0.409|+0.257,9,11,12,16
4312,popularity|classic|Sci-Fi,+0.388|+0.329|+0.236,13,7,16,15
4310,Fantasy|popularity|Animation,+0.692|+0.520|+0.315,11,9,10,8
4309,popularity|contemporary|modern,+0.428|+0.302|+0.271,16,4,9,8
4308,contemporary|popularity|Action,+0.829|+0.481|+0.225,12,8,7,7
4307,popularity|Comedy|Animation,+0.803|+0.285|+0.186,3,17,19,15
4306,Thriller|Mystery|Horror,+0.754|+0.286|+0.247,12,8,1,1
4305,popularity|contemporary|Fantasy,+0.525|+0.274|+0.220,12,8,13,8
4304,popularity|modern|Drama,+0.634|+0.410|+0.312,9,11,16,19
4303,Horror|Sci-Fi|Mystery,+0.910|+0.306|+0.249,10,10,1,0
4514,Crime|popularity|Horror,+0.647|+0.377|+0.309,2,18,7,2
4302,retro|popularity|Romance,+0.529|+0.394|+0.336,16,4,0,0
4301,War|popularity|Western,+0.919|+0.324|+0.315,9,11,10,5
4300,Sci-Fi|popularity|modern,+0.627|+0.482|+0.306,11,9,17,17
4299,modern|popularity|Mystery,+0.605|+0.291|+0.122,8,12,6,7
4298,classic|Musical|Western,+0.475|+0.344|+0.317,11,9,0,2
4297,popularity|Comedy|Documentary,+0.501|+0.373|+0.239,11,9,17,13
4296,contemporary|retro|popularity,+0.276|+0.225|+0.223,16,4,2,0
4295,popularity|Animation|Fantasy,+0.225|+0.188|+0.170,16,4,5,3
4293,retro|popularity|War,+0.328|+0.242|+0.202,11,9,12,6
4294,popularity|Animation|Fantasy,+0.555|+0.424|+0.289,15,5,10,7
4292,popularity|contemporary|Animation,+0.383|+0.349|+0.238,18,2,8,7
4291,Sci-Fi|Horror|Adventure,+0.789|+0.306|+0.281,14,6,1,1
4290,War|modern|popularity,+0.770|+0.398|+0.371,17,3,6,7
4289,retro|Horror|Fantasy,+0.600|+0.320|+0.263,14,6,0,3
4288,retro|Drama|popularity,+0.573|+0.550|+0.323,12,8,1,1
4287,Action|Fantasy|Adventure,+0.606|+0.312|+0.297,13,7,0,2
4286,Animation|Musical|popularity,+0.241|+0.227|+0.203,13,7,5,3
4285,Sci-Fi|Adventure|Fantasy,+0.780|+0.341|+0.329,13,7,1,1
4284,Action|Fantasy|Adventure,+0.561|+0.269|+0.264,16,4,1,1
4283,Comedy|popularity|Musical,+0.775|+0.480|+0.282,7,13,18,15
4282,Animation|popularity|Musical,+0.207|+0.207|+0.179,15,5,3,3
4281,Romance|Fantasy|popularity,+0.867|+0.370|+0.313,8,12,7,2
4280,popularity|Western|contemporary,+0.416|+0.390|+0.353,12,8,11,7
4279,Comedy|popularity|Documentary,+0.833|+0.373|+0.184,9,11,14,10
4278,Action|popularity|modern,+0.772|+0.434|+0.290,10,10,16,16
4277,niche|modern|Action,+0.418|+0.316|+0.230,9,11,0,0
4276,popularity|War|classic,+0.345|+0.226|+0.169,8,12,12,6
4275,popularity|modern|Romance,+0.690|+0.412|+0.184,3,17,18,16
4274,popularity|Drama|War,+0.525|+0.456|+0.388,10,10,18,20
4272,Sci-Fi|contemporary|Horror,+0.674|+0.384|+0.308,15,5,1,1
4273,Comedy|popularity|Musical,+0.818|+0.429|+0.250,10,10,11,9
4271,Thriller|Action|Mystery,+0.648|+0.347|+0.264,14,6,4,5
4269,Sci-Fi|Action|Adventure,+0.810|+0.327|+0.309,15,5,6,4
4270,contemporary|popularity|Animation,+0.799|+0.339|+0.290,13,7,4,5
4268,Comedy|Musical|Fantasy,+0.258|+0.250|+0.218,12,8,0,1
4267,Western|popularity|contemporary,+0.385|+0.380|+0.349,16,4,8,8
4266,Western|contemporary|popularity,+0.408|+0.338|+0.315,15,5,7,5
4265,classic|popularity|Animation,+0.544|+0.386|+0.288,11,9,6,13
4264,popularity|Romance|Adventure,+0.586|+0.534|+0.295,7,13,16,6
4263,popularity|contemporary|Western,+0.437|+0.384|+0.354,12,8,11,8
4262,Fantasy|Adventure|Animation,+0.926|+0.395|+0.350,10,10,3,12
4261,Action|Adventure|Sci-Fi,+0.921|+0.301|+0.285,8,12,5,3
4260,Comedy|popularity|Musical,+0.835|+0.395|+0.192,6,14,11,9
4259,popularity|contemporary|Animation,+0.451|+0.260|+0.206,15,5,15,13
4258,classic|Musical|Western,+0.593|+0.415|+0.330,11,9,1,2
4256,popularity|classic|Documentary,+0.372|+0.340|+0.327,10,10,19,18
4257,contemporary|popularity|modern,+0.515|+0.318|+0.287,8,12,5,4
4255,classic|Western|Musical,+0.687|+0.282|+0.262,15,5,0,0
4254,Comedy|retro|popularity,+0.635|+0.472|+0.436,11,9,12,15
4252,Thriller|modern|Mystery,+0.702|+0.289|+0.265,10,10,0,1
4253,classic|popularity|retro,+0.393|+0.390|+0.228,10,10,7,7
4251,Mystery|popularity|retro,+0.732|+0.426|+0.252,11,9,4,2
4250,Drama|modern|popularity,+0.577|+0.505|+0.141,12,8,0,1
4249,Thriller|modern|Horror,+0.688|+0.302|+0.271,9,11,1,1
4248,War|Action|Western,+0.771|+0.378|+0.362,11,9,3,9
4247,Sci-Fi|Fantasy|popularity,+0.628|+0.322|+0.312,15,5,1,1
4246,Comedy|popularity|Animation,+0.338|+0.256|+0.234,14,6,4,1
4245,Sci-Fi|Horror|Fantasy,+0.821|+0.283|+0.264,11,9,10,9
4244,Western|popularity|Animation,+0.388|+0.355|+0.344,19,1,7,6
4242,Comedy|modern|popularity,+0.767|+0.330|+0.311,10,10,7,5
4241,Horror|popularity|Sci-Fi,+0.557|+0.441|+0.276,12,8,12,13
4240,retro|popularity|Fantasy,+0.708|+0.389|+0.216,5,15,15,8
4239,Sci-Fi|popularity|Action,+0.720|+0.321|+0.236,8,12,15,8
4238,contemporary|Animation|popularity,+0.628|+0.590|+0.374,10,10,6,10
4243,Musical|classic|Animation,+0.949|+0.459|+0.417,11,9,1,3
4237,modern|popularity|Thriller,+0.502|+0.477|+0.152,4,16,18,13
4236,Western|popularity|Animation,+0.332|+0.325|+0.294,18,2,7,6
4235,contemporary|popularity|Horror,+0.860|+0.295|+0.250,14,6,1,2
4234,popularity|Animation|Sci-Fi,+0.340|+0.222|+0.176,16,4,8,7
4233,Action|popularity|War,+0.819|+0.450|+0.246,4,16,17,11
4232,contemporary|popularity|Western,+0.450|+0.425|+0.346,13,7,10,8
4231,popularity|Animation|Fantasy,+0.859|+0.175|+0.163,0,20,18,15
4230,contemporary|popularity|retro,+0.431|+0.230|+0.221,15,5,4,4
4229,Comedy|modern|popularity,+0.744|+0.338|+0.234,9,11,2,2
4227,Action|Adventure|Sci-Fi,+0.775|+0.235|+0.201,7,13,0,6
4226,Comedy|popularity|Documentary,+0.715|+0.511|+0.332,10,10,20,19
4225,Comedy|popularity|contemporary,+0.455|+0.402|+0.322,12,8,16,16
4228,popularity|retro|Animation,+0.728|+0.243|+0.227,9,11,20,20
4224,Romance|modern|Musical,+0.791|+0.355|+0.264,10,10,1,0
4222,Drama|popularity|War,+0.735|+0.290|+0.215,6,14,6,1
4223,contemporary|Drama|popularity,+0.465|+0.408|+0.259,11,9,0,0
4221,classic|popularity|Documentary,+0.393|+0.322|+0.315,6,14,15,18
4220,Comedy|modern|popularity,+0.802|+0.366|+0.174,6,14,3,2
4219,Western|War|classic,+0.928|+0.329|+0.320,16,4,3,5
4218,Sci-Fi|popularity|contemporary,+0.811|+0.464|+0.408,12,8,11,8
4217,contemporary|popularity|Mystery,+0.782|+0.387|+0.236,15,5,6,5
4216,popularity|Animation|retro,+0.350|+0.222|+0.182,11,9,10,5
4215,popularity|Drama|retro,+0.641|+0.203|+0.173,3,17,15,13
4214,popularity|contemporary|modern,+0.452|+0.374|+0.245,14,6,9,7
4213,Action|popularity|Adventure,+0.753|+0.559|+0.238,7,13,20,12
4212,Action|Adventure|popularity,+0.866|+0.325|+0.272,9,11,1,0
4211,contemporary|popularity|Horror,+0.319|+0.259|+0.215,13,7,3,0
4210,Sci-Fi|retro|Horror,+0.602|+0.602|+0.357,10,10,3,10
4209,popularity|contemporary|Musical,+0.341|+0.289|+0.243,16,4,6,5
4208,Romance|popularity|Musical,+0.882|+0.358|+0.288,8,12,11,8
4206,classic|Mystery|popularity,+0.401|+0.364|+0.352,14,6,10,10
4205,Fantasy|Adventure|Animation,+0.931|+0.385|+0.366,13,7,5,10
4204,contemporary|popularity|Action,+0.696|+0.537|+0.218,14,6,11,11
4207,classic|contemporary|Musical,+0.441|+0.387|+0.298,14,6,5,6
4202,Adventure|retro|Fantasy,+0.804|+0.514|+0.360,6,14,6,15
4203,Adventure|popularity|Action,+0.713|+0.460|+0.356,10,10,15,10
4201,contemporary|popularity|Animation,+0.763|+0.436|+0.384,8,12,6,10
4200,Sci-Fi|popularity|Action,+0.757|+0.391|+0.245,5,15,15,8
4199,modern|popularity|Romance,+0.594|+0.520|+0.279,5,15,14,10
4198,Horror|Sci-Fi|popularity,+0.908|+0.316|+0.254,11,9,3,2
4197,popularity|Adventure|Action,+0.656|+0.557|+0.276,9,11,17,14
4196,classic|Musical|Western,+0.462|+0.379|+0.309,15,5,1,3
4195,contemporary|Fantasy|popularity,+0.424|+0.242|+0.232,13,7,4,4
4194,Comedy|popularity|Documentary,+0.825|+0.336|+0.189,9,11,9,7
4193,Thriller|popularity|Mystery,+0.840|+0.350|+0.274,8,12,7,1
4192,contemporary|popularity|retro,+0.351|+0.290|+0.214,14,6,5,2
4191,Animation|popularity|contemporary,+0.548|+0.488|+0.485,9,11,12,10
4190,Romance|popularity|Musical,+0.909|+0.359|+0.321,6,14,9,5
4189,Crime|Documentary|popularity,+0.434|+0.369|+0.362,10,10,15,17
4188,Fantasy|Animation|popularity,+0.747|+0.355|+0.349,12,8,0,0
4187,contemporary|popularity|Documentary,+0.706|+0.381|+0.235,12,8,10,14
4186,classic|Musical|Western,+0.552|+0.298|+0.231,13,7,3,6
4184,contemporary|popularity|Animation,+0.833|+0.344|+0.285,15,5,4,4
4183,Action|Adventure|Sci-Fi,+0.851|+0.341|+0.290,8,12,2,1
4182,Sci-Fi|popularity|Fantasy,+0.608|+0.442|+0.305,12,8,17,17
4181,Comedy|modern|Documentary,+0.667|+0.300|+0.261,12,8,0,0
4180,popularity|Crime|Adventure,+0.248|+0.230|+0.169,15,5,8,6
4178,Romance|popularity|modern,+0.600|+0.486|+0.407,10,10,14,7
4179,Drama|popularity|War,+0.656|+0.309|+0.183,6,14,11,12
4177,Horror|popularity|Sci-Fi,+0.836|+0.329|+0.290,7,13,8,4
4176,Sci-Fi|popularity|Fantasy,+0.584|+0.362|+0.284,12,8,16,15
4175,contemporary|popularity|retro,+0.311|+0.291|+0.270,14,6,1,1
4174,Sci-Fi|popularity|Fantasy,+0.608|+0.329|+0.303,13,7,13,14
4173,Action|popularity|Adventure,+0.868|+0.457|+0.278,6,14,16,12
4172,popularity|Comedy|modern,+0.665|+0.344|+0.337,8,12,19,19
4171,modern|popularity|Mystery,+0.533|+0.518|+0.164,4,16,14,10
4170,popularity|War|classic,+0.568|+0.458|+0.349,10,10,15,19
4169,modern|niche|Thriller,+0.470|+0.401|+0.239,13,7,4,7
4167,popularity|Drama|classic,+0.378|+0.328|+0.243,8,12,6,4
4165,Comedy|modern|popularity,+0.736|+0.390|+0.361,8,12,12,14
4166,Musical|Animation|classic,+0.876|+0.529|+0.414,12,8,7,9
4168,Drama|modern|Romance,+0.697|+0.558|+0.157,8,12,0,2
4164,classic|Documentary|niche,+0.536|+0.350|+0.320,13,7,13,17
4163,Western|popularity|Animation,+0.397|+0.321|+0.287,17,3,7,6
4162,modern|popularity|Thriller,+0.626|+0.354|+0.129,7,13,9,9
4161,Action|Adventure|Mystery,+0.647|+0.268|+0.230,14,6,1,1
4160,Sci-Fi|popularity|Fantasy,+0.668|+0.367|+0.258,10,10,13,8
4185,Horror|Sci-Fi|popularity,+0.900|+0.314|+0.242,11,9,3,1
4159,Western|popularity|modern,+0.796|+0.468|+0.317,16,4,7,8
4158,Fantasy|modern|Animation,+0.482|+0.453|+0.404,11,9,0,1
4157,popularity|retro|Animation,+0.297|+0.212|+0.197,11,9,5,4
4155,Musical|Animation|classic,+0.883|+0.529|+0.426,10,10,5,6
4156,War|Western|popularity,+0.968|+0.367|+0.326,8,12,7,4
4318,popularity|Horror|Sci-Fi,+0.466|+0.459|+0.432,15,5,15,16
4154,popularity|contemporary|Mystery,+0.630|+0.526|+0.177,11,9,13,13
4153,Comedy|modern|Documentary,+0.674|+0.311|+0.268,14,6,0,0
4152,classic|popularity|Documentary,+0.466|+0.301|+0.286,15,5,13,16
4151,popularity|Animation|retro,+0.297|+0.199|+0.173,12,8,10,7
4150,modern|Horror|Comedy,+0.189|+0.112|+0.108,16,4,3,4
4149,popularity|modern|Drama,+0.531|+0.491|+0.187,7,13,16,16
4148,Action|Adventure|popularity,+0.900|+0.299|+0.288,11,9,7,8
4147,Action|popularity|Adventure,+0.866|+0.394|+0.277,8,12,17,11
4146,War|popularity|Western,+0.908|+0.416|+0.327,10,10,11,6
4145,Western|contemporary|popularity,+0.397|+0.376|+0.366,18,2,7,6
4144,Comedy|popularity|Musical,+0.830|+0.420|+0.234,6,14,14,9
4143,Action|popularity|War,+0.750|+0.538|+0.231,6,14,18,12
4142,Animation|popularity|Musical,+0.260|+0.248|+0.203,12,8,8,5
4141,Adventure|modern|popularity,+0.706|+0.410|+0.292,13,7,6,6
4140,Romance|Adventure|Musical,+0.740|+0.303|+0.274,16,4,1,0
4139,modern|Thriller|popularity,+0.650|+0.191|+0.130,6,14,2,4
4138,Romance|popularity|Musical,+0.874|+0.404|+0.253,5,15,12,11
4137,classic|popularity|Mystery,+0.380|+0.353|+0.351,18,2,9,7
4136,contemporary|popularity|Documentary,+0.643|+0.366|+0.283,16,4,13,14
4135,contemporary|popularity|Horror,+0.427|+0.369|+0.267,6,14,6,0
4134,Drama|popularity|War,+0.646|+0.300|+0.220,9,11,8,3
4133,Adventure|Action|modern,+0.833|+0.327|+0.315,12,8,6,8
4132,Action|popularity|Sci-Fi,+0.795|+0.436|+0.253,2,18,20,10
4131,Western|contemporary|Sci-Fi,+0.421|+0.337|+0.299,16,4,7,11
4130,Action|popularity|Sci-Fi,+0.856|+0.281|+0.260,11,9,9,8
4129,Drama|classic|War,+0.461|+0.368|+0.277,12,8,14,17
4128,popularity|Mystery|Horror,+0.286|+0.151|+0.140,10,10,13,7
4127,Fantasy|popularity|Adventure,+0.881|+0.428|+0.321,10,10,8,10
4126,Western|popularity|Musical,+0.760|+0.545|+0.258,12,8,5,6
4125,popularity|Adventure|Crime,+0.259|+0.204|+0.195,15,5,9,7
4124,Sci-Fi|Action|Adventure,+0.723|+0.324|+0.322,16,4,1,1
4122,Crime|popularity|Mystery,+0.872|+0.437|+0.263,8,12,8,6
4123,Thriller|popularity|Crime,+0.596|+0.535|+0.342,12,8,17,16
4121,Fantasy|popularity|Sci-Fi,+0.834|+0.342|+0.331,12,8,11,10
4120,popularity|contemporary|Animation,+0.311|+0.236|+0.231,14,6,9,6
4119,contemporary|Animation|Musical,+0.249|+0.221|+0.196,17,3,2,3
4118,popularity|retro|Animation,+0.490|+0.296|+0.175,7,13,19,12
4117,Thriller|modern|Action,+0.733|+0.295|+0.234,8,12,7,5
4116,Action|popularity|Sci-Fi,+0.753|+0.391|+0.223,10,10,12,4
4115,Comedy|popularity|Musical,+0.906|+0.191|+0.161,7,13,5,5
4114,War|Western|popularity,+0.960|+0.362|+0.316,7,13,6,3
4113,Animation|popularity|Musical,+0.220|+0.218|+0.175,13,7,3,2
4112,Comedy|Documentary|Fantasy,+0.803|+0.210|+0.173,17,3,0,1
4111,contemporary|War|popularity,+0.650|+0.527|+0.463,10,10,12,12
4110,classic|niche|Documentary,+0.678|+0.403|+0.301,9,11,7,14
4109,Sci-Fi|popularity|Fantasy,+0.626|+0.346|+0.282,15,5,14,14
4108,Drama|popularity|classic,+0.502|+0.351|+0.351,8,12,6,10
4107,retro|popularity|Animation,+0.348|+0.259|+0.214,13,7,6,4
4106,popularity|modern|Documentary,+0.417|+0.394|+0.335,16,4,18,19
4105,Comedy|modern|Documentary,+0.737|+0.364|+0.217,12,8,0,0
4104,popularity|contemporary|Thriller,+0.524|+0.277|+0.256,11,9,17,11
4103,Drama|modern|popularity,+0.698|+0.260|+0.217,12,8,1,2
4102,Horror|Sci-Fi|contemporary,+0.913|+0.302|+0.259,11,9,0,0
4101,contemporary|popularity|Animation,+0.855|+0.373|+0.230,15,5,5,4
4100,popularity|Animation|Action,+0.272|+0.223|+0.212,14,6,3,3
4099,popularity|classic|Documentary,+0.438|+0.323|+0.279,8,12,17,17
4098,Action|popularity|Adventure,+0.859|+0.348|+0.265,5,15,14,6
4097,Comedy|popularity|Musical,+0.663|+0.602|+0.232,10,10,19,19
4096,Horror|popularity|retro,+0.773|+0.374|+0.302,11,9,8,9
4095,Crime|popularity|Mystery,+0.605|+0.559|+0.238,13,7,15,17
4094,contemporary|popularity|Horror,+0.910|+0.274|+0.253,12,8,1,2
4093,popularity|retro|Animation,+0.507|+0.233|+0.160,2,18,16,10
4092,Comedy|popularity|modern,+0.739|+0.419|+0.351,12,8,17,16
4091,popularity|Mystery|Adventure,+0.306|+0.229|+0.167,6,14,17,8
4090,popularity|modern|Documentary,+0.480|+0.450|+0.298,12,8,20,20
4089,War|popularity|modern,+0.519|+0.507|+0.293,6,14,6,7
4088,contemporary|Horror|popularity,+0.816|+0.291|+0.239,13,7,0,2
4087,Western|contemporary|popularity,+0.397|+0.361|+0.358,16,4,7,6
4086,Thriller|popularity|Mystery,+0.725|+0.290|+0.271,11,9,3,5
4085,contemporary|popularity|Sci-Fi,+0.529|+0.442|+0.355,8,12,8,4
4084,contemporary|popularity|Crime,+0.767|+0.330|+0.272,12,8,3,7
4083,Thriller|Mystery|Horror,+0.722|+0.335|+0.235,10,10,0,2
4082,popularity|Comedy|Romance,+0.720|+0.375|+0.152,3,17,19,12
4081,Comedy|popularity|Musical,+0.766|+0.489|+0.207,10,10,20,20
4080,Western|popularity|classic,+0.903|+0.362|+0.322,17,3,5,4
4079,Drama|popularity|retro,+0.610|+0.466|+0.316,9,11,10,6
4077,Musical|classic|popularity,+0.643|+0.498|+0.368,6,14,7,10
4078,retro|Horror|Fantasy,+0.627|+0.287|+0.119,13,7,0,0
4076,Drama|modern|popularity,+0.701|+0.476|+0.272,11,9,1,2
4075,popularity|Adventure|Musical,+0.584|+0.367|+0.327,10,10,15,17
4074,popularity|Romance|Animation,+0.664|+0.201|+0.177,1,19,20,10
4073,War|popularity|Western,+0.942|+0.390|+0.334,8,12,9,7
4072,modern|popularity|Thriller,+0.542|+0.388|+0.195,4,16,10,8
4071,contemporary|Western|popularity,+0.547|+0.526|+0.473,8,12,13,9
4070,Adventure|Action|popularity,+0.633|+0.622|+0.446,11,9,17,14
4069,popularity|Animation|retro,+0.287|+0.201|+0.183,14,6,7,4
4068,popularity|Western|Animation,+0.328|+0.324|+0.314,16,4,8,6
4067,Western|contemporary|popularity,+0.386|+0.361|+0.319,16,4,7,6
4066,Crime|popularity|modern,+0.677|+0.533|+0.288,12,8,13,16
4065,Sci-Fi|popularity|Fantasy,+0.629|+0.424|+0.299,13,7,17,17
4064,contemporary|Comedy|popularity,+0.861|+0.405|+0.336,8,12,0,4
4063,contemporary|popularity|Animation,+0.895|+0.411|+0.304,13,7,5,5
4062,Thriller|modern|Crime,+0.822|+0.412|+0.383,8,12,4,6
4061,contemporary|popularity|Horror,+0.325|+0.225|+0.222,13,7,4,1
4060,Sci-Fi|popularity|Fantasy,+0.678|+0.515|+0.301,5,15,19,13
4059,Comedy|popularity|retro,+0.691|+0.455|+0.406,7,13,12,14
4058,popularity|contemporary|retro,+0.543|+0.249|+0.231,7,13,19,11
4057,popularity|Animation|Musical,+0.238|+0.206|+0.183,16,4,4,2
4056,Animation|popularity|Musical,+0.863|+0.382|+0.375,11,9,6,4
4055,Drama|modern|Romance,+0.608|+0.524|+0.124,12,8,0,1
4053,classic|Musical|Animation,+0.617|+0.362|+0.315,11,9,3,7
4054,modern|Thriller|Horror,+0.178|+0.140|+0.127,10,10,3,5
4052,popularity|Thriller|Mystery,+0.586|+0.456|+0.267,2,18,16,10
4051,Horror|Sci-Fi|popularity,+0.928|+0.294|+0.260,8,12,1,0
4050,popularity|retro|Animation,+0.561|+0.226|+0.190,6,14,18,10
4049,Action|Adventure|Fantasy,+0.613|+0.293|+0.277,13,7,0,2
4048,Western|classic|War,+0.932|+0.389|+0.378,16,4,3,6
4047,Crime|popularity|Mystery,+0.856|+0.432|+0.363,7,13,4,5
4046,popularity|classic|Documentary,+0.490|+0.355|+0.355,10,10,20,20
4045,contemporary|popularity|Horror,+0.370|+0.264|+0.230,10,10,5,1
4044,Western|popularity|contemporary,+0.391|+0.382|+0.346,13,7,13,8
4043,modern|Mystery|popularity,+0.491|+0.481|+0.475,11,9,12,10
4042,Horror|popularity|Thriller,+0.525|+0.415|+0.221,6,14,8,3
4041,Horror|contemporary|retro,+0.318|+0.272|+0.212,14,6,0,0
4040,Horror|retro|contemporary,+0.769|+0.447|+0.246,11,9,0,0
4039,contemporary|popularity|Animation,+0.874|+0.420|+0.302,14,6,5,4
4038,popularity|classic|Western,+0.443|+0.357|+0.330,14,6,7,5
4037,classic|Musical|Western,+0.704|+0.294|+0.280,15,5,2,3
4036,popularity|Drama|Documentary,+0.482|+0.413|+0.268,13,7,19,20
4035,Comedy|popularity|modern,+0.568|+0.542|+0.310,10,10,11,8
4034,popularity|Western|Documentary,+0.509|+0.434|+0.328,11,9,19,18
4033,modern|Animation|Thriller,+0.506|+0.076|+0.072,10,10,2,2
4032,Western|classic|War,+0.964|+0.361|+0.357,15,5,3,4
4031,Horror|popularity|Sci-Fi,+0.856|+0.298|+0.294,7,13,5,2
4030,popularity|Comedy|contemporary,+0.636|+0.479|+0.394,9,11,13,13
4029,classic|Western|Musical,+0.528|+0.322|+0.307,15,5,7,10
4028,Comedy|Documentary|Musical,+0.819|+0.272|+0.260,10,10,5,11
4027,Romance|popularity|War,+0.633|+0.379|+0.217,11,9,15,10
4026,popularity|modern|Thriller,+0.267|+0.187|+0.144,12,8,8,7
4025,contemporary|popularity|Documentary,+0.746|+0.298|+0.259,12,8,2,7
4024,popularity|Mystery|Adventure,+0.218|+0.205|+0.167,4,16,12,5
4023,Crime|popularity|Mystery,+0.877|+0.429|+0.255,9,11,10,10
4022,Crime|popularity|Mystery,+0.824|+0.417|+0.273,4,16,11,11
4021,Comedy|Documentary|Musical,+0.779|+0.208|+0.150,15,5,0,1
4020,Action|popularity|Sci-Fi,+0.891|+0.347|+0.342,9,11,9,8
4019,classic|popularity|Documentary,+0.431|+0.361|+0.315,7,13,17,19
4018,Action|Sci-Fi|Adventure,+0.853|+0.302|+0.277,10,10,8,10
4017,contemporary|Fantasy|Horror,+0.637|+0.259|+0.241,9,11,1,9
4016,Action|Adventure|popularity,+0.804|+0.351|+0.253,13,7,1,0
4015,popularity|retro|classic,+0.439|+0.240|+0.220,5,15,12,3
4014,Horror|retro|contemporary,+0.697|+0.453|+0.267,12,8,0,0
4013,Fantasy|popularity|Sci-Fi,+0.790|+0.453|+0.275,16,4,12,10
4012,contemporary|popularity|Animation,+0.868|+0.403|+0.303,13,7,1,1
4011,Drama|modern|popularity,+0.526|+0.471|+0.364,11,9,14,17
4010,popularity|Sci-Fi|Romance,+0.344|+0.279|+0.278,16,4,4,5
4009,Horror|Sci-Fi|contemporary,+0.913|+0.302|+0.201,13,7,0,0
4008,contemporary|popularity|Animation,+0.868|+0.426|+0.279,13,7,5,6
4007,contemporary|popularity|Crime,+0.793|+0.429|+0.293,7,13,2,7
4006,Comedy|popularity|Musical,+0.833|+0.379|+0.216,8,12,15,12
4005,contemporary|popularity|Romance,+0.388|+0.352|+0.261,9,11,12,12
4004,Action|Adventure|popularity,+0.607|+0.278|+0.265,16,4,1,1
4003,contemporary|popularity|Documentary,+0.811|+0.378|+0.259,11,9,9,13
4002,contemporary|popularity|Documentary,+0.454|+0.429|+0.195,10,10,7,9
4001,contemporary|popularity|Romance,+0.815|+0.279|+0.234,9,11,3,4
4000,Sci-Fi|popularity|modern,+0.655|+0.390|+0.334,13,7,17,16
3999,Thriller|popularity|Mystery,+0.881|+0.356|+0.292,3,17,10,4
3998,retro|Fantasy|Mystery,+0.576|+0.396|+0.381,10,10,13,14
3997,Thriller|popularity|modern,+0.380|+0.346|+0.345,15,5,6,1
3996,Fantasy|Animation|modern,+0.783|+0.393|+0.363,14,6,0,1
3995,popularity|Action|retro,+0.607|+0.588|+0.462,11,9,18,14
3994,Comedy|popularity|Musical,+0.853|+0.358|+0.212,4,16,13,8
3993,popularity|contemporary|modern,+0.635|+0.307|+0.211,6,14,17,13
3992,modern|Comedy|popularity,+0.510|+0.415|+0.298,11,9,6,4
3991,popularity|contemporary|Musical,+0.366|+0.296|+0.238,17,3,9,11
3990,contemporary|popularity|Horror,+0.334|+0.290|+0.257,14,6,3,0
3989,popularity|Drama|retro,+0.532|+0.400|+0.245,8,12,9,4
3988,retro|Drama|Fantasy,+0.584|+0.384|+0.264,14,6,0,3
3987,contemporary|popularity|Animation,+0.885|+0.347|+0.309,13,7,3,3
3986,Comedy|modern|popularity,+0.792|+0.331|+0.292,10,10,6,4
3985,contemporary|Drama|niche,+0.699|+0.317|+0.307,13,7,4,8
3984,War|popularity|Western,+0.871|+0.405|+0.287,9,11,11,4
3983,Romance|Musical|Adventure,+0.732|+0.332|+0.264,16,4,0,0
3982,War|classic|popularity,+0.492|+0.465|+0.380,12,8,6,10
3981,classic|Western|popularity,+0.583|+0.505|+0.352,10,10,7,11
3980,Horror|modern|Mystery,+0.715|+0.375|+0.228,10,10,0,0
3979,Comedy|popularity|Musical,+0.848|+0.392|+0.232,7,13,17,15
3978,retro|popularity|Fantasy,+0.600|+0.339|+0.291,10,10,19,15
3977,Western|popularity|War,+0.811|+0.468|+0.300,15,5,5,6
3976,Romance|popularity|Musical,+0.757|+0.478|+0.256,6,14,12,11
3975,popularity|contemporary|Animation,+0.708|+0.413|+0.293,10,10,18,16
3974,popularity|Fantasy|Animation,+0.216|+0.176|+0.173,15,5,4,2
3973,popularity|retro|Animation,+0.356|+0.212|+0.186,12,8,11,7
3972,popularity|contemporary|Action,+0.383|+0.304|+0.242,14,6,11,10
3971,Documentary|popularity|contemporary,+0.860|+0.409|+0.344,14,6,1,6
3970,contemporary|popularity|Crime,+0.710|+0.536|+0.248,12,8,9,11
3969,contemporary|popularity|Documentary,+0.479|+0.308|+0.240,11,9,5,5
3968,Action|popularity|Adventure,+0.825|+0.264|+0.253,12,8,5,5
3967,Drama|modern|Fantasy,+0.497|+0.186|+0.134,14,6,0,0
3966,Western|retro|popularity,+0.652|+0.600|+0.394,10,10,6,9
3965,popularity|contemporary|Sci-Fi,+0.452|+0.342|+0.265,13,7,16,10
3964,popularity|Drama|classic,+0.397|+0.387|+0.210,12,8,11,8
3963,Drama|popularity|classic,+0.481|+0.384|+0.195,9,11,6,2
3962,retro|Fantasy|popularity,+0.701|+0.228|+0.202,10,10,0,0
3961,Comedy|classic|Musical,+0.503|+0.330|+0.285,11,9,10,16
3960,popularity|Drama|modern,+0.614|+0.326|+0.309,11,9,18,20
3959,contemporary|Animation|Romance,+0.798|+0.247|+0.217,10,10,2,8
3958,Comedy|popularity|modern,+0.561|+0.526|+0.372,7,13,19,14
3957,popularity|Fantasy|Comedy,+0.481|+0.453|+0.422,11,9,8,5
3956,popularity|Animation|Crime,+0.297|+0.215|+0.167,12,8,9,3
3955,Action|Adventure|Mystery,+0.701|+0.278|+0.236,13,7,1,1
3954,Sci-Fi|popularity|Action,+0.768|+0.371|+0.356,12,8,10,4
3953,Western|popularity|classic,+0.720|+0.534|+0.306,16,4,5,6
3952,popularity|Crime|Adventure,+0.206|+0.205|+0.182,13,7,7,4
3951,Adventure|Fantasy|Animation,+0.849|+0.442|+0.342,11,9,1,3
3950,Comedy|modern|popularity,+0.812|+0.349|+0.306,4,16,6,7
3949,Western|War|classic,+0.950|+0.393|+0.383,16,4,3,6
3948,Comedy|popularity|Musical,+0.854|+0.301|+0.217,6,14,8,5
3947,Fantasy|popularity|Sci-Fi,+0.874|+0.414|+0.327,15,5,10,6
3946,popularity|Mystery|Adventure,+0.378|+0.196|+0.151,7,13,14,6
3945,popularity|retro|Fantasy,+0.559|+0.350|+0.210,6,14,16,7
3944,retro|popularity|Drama,+0.663|+0.406|+0.356,8,12,10,8
3943,Drama|modern|popularity,+0.614|+0.442|+0.437,8,12,9,11
3942,Horror|Sci-Fi|contemporary,+0.719|+0.333|+0.325,10,10,3,6
3941,Sci-Fi|popularity|modern,+0.702|+0.417|+0.328,12,8,18,15
3940,contemporary|popularity|Documentary,+0.778|+0.398|+0.245,12,8,4,9
3939,Documentary|classic|War,+0.381|+0.366|+0.286,12,8,20,20
3938,contemporary|popularity|Action,+0.841|+0.352|+0.307,12,8,7,5
3937,retro|Comedy|popularity,+0.528|+0.471|+0.429,10,10,17,17
3936,popularity|modern|Animation,+0.576|+0.482|+0.201,7,13,19,19
3935,Comedy|popularity|Musical,+0.887|+0.202|+0.167,7,13,4,5
3934,Mystery|Thriller|Crime,+0.968|+0.390|+0.307,14,6,5,4
3933,popularity|retro|Animation,+0.758|+0.275|+0.216,7,13,20,20
3932,Fantasy|popularity|Sci-Fi,+0.853|+0.366|+0.336,10,10,10,6
3931,Sci-Fi|popularity|Adventure,+0.716|+0.368|+0.302,11,9,10,6
3930,Western|classic|War,+0.848|+0.417|+0.352,17,3,3,5
3929,Sci-Fi|Fantasy|contemporary,+0.603|+0.343|+0.324,5,15,3,17
3928,popularity|modern|Documentary,+0.539|+0.272|+0.243,11,9,20,17
3927,modern|popularity|Thriller,+0.657|+0.274|+0.136,1,19,5,7
3926,contemporary|Animation|Horror,+0.283|+0.264|+0.242,13,7,0,1
3925,popularity|contemporary|modern,+0.422|+0.410|+0.284,15,5,12,12
3924,contemporary|popularity|Horror,+0.400|+0.318|+0.229,11,9,10,8
3922,popularity|Action|Horror,+0.618|+0.413|+0.382,3,17,17,14
3923,Comedy|popularity|Musical,+0.786|+0.385|+0.239,11,9,17,13
3921,popularity|modern|Animation,+0.607|+0.503|+0.168,1,19,15,13
3920,Adventure|popularity|Action,+0.760|+0.450|+0.374,10,10,15,10
3919,popularity|contemporary|Animation,+0.583|+0.531|+0.370,9,11,13,12
3918,popularity|contemporary|Romance,+0.333|+0.283|+0.254,17,3,7,5
3917,Action|popularity|modern,+0.611|+0.485|+0.330,10,10,20,19
3916,popularity|contemporary|Thriller,+0.625|+0.459|+0.370,4,16,17,13
3914,Action|popularity|Sci-Fi,+0.777|+0.417|+0.281,5,15,12,7
3915,popularity|contemporary|Animation,+0.431|+0.317|+0.237,16,4,11,9
3913,Thriller|modern|popularity,+0.818|+0.382|+0.374,7,13,7,6
3912,Crime|popularity|Documentary,+0.714|+0.464|+0.298,10,10,12,14
3911,popularity|Animation|retro,+0.347|+0.217|+0.171,13,7,10,5
3910,popularity|Drama|Crime,+0.396|+0.369|+0.318,12,8,17,18
3909,popularity|contemporary|Animation,+0.358|+0.292|+0.247,16,4,8,7
3908,contemporary|popularity|Documentary,+0.853|+0.340|+0.284,11,9,6,13
3907,Comedy|modern|popularity,+0.806|+0.356|+0.299,6,14,8,8
3906,Action|popularity|Sci-Fi,+0.821|+0.412|+0.237,7,13,14,9
3905,Action|popularity|War,+0.793|+0.471|+0.264,3,17,16,7
3904,contemporary|popularity|Animation,+0.685|+0.558|+0.340,10,10,6,6
3903,retro|Horror|Fantasy,+0.668|+0.347|+0.203,13,7,0,0
3902,Action|Adventure|Sci-Fi,+0.737|+0.316|+0.257,12,8,1,1
3901,Animation|contemporary|popularity,+0.288|+0.200|+0.200,17,3,2,2
3900,contemporary|popularity|Animation,+0.797|+0.469|+0.215,13,7,7,9
3899,popularity|Western|contemporary,+0.346|+0.342|+0.311,16,4,7,7
3898,popularity|Drama|classic,+0.423|+0.413|+0.249,6,14,7,4
3897,popularity|classic|retro,+0.518|+0.226|+0.209,9,11,19,15
3896,Sci-Fi|popularity|Fantasy,+0.512|+0.332|+0.323,16,4,1,2
3895,Romance|modern|popularity,+0.840|+0.366|+0.333,6,14,13,11
3894,contemporary|popularity|Crime,+0.748|+0.442|+0.272,11,9,10,12
3893,contemporary|niche|Horror,+0.905|+0.266|+0.252,10,10,0,3
3892,modern|Drama|Thriller,+0.610|+0.099|+0.096,10,10,0,2
3891,popularity|Musical|Mystery,+0.417|+0.212|+0.167,8,12,12,7
3890,Thriller|popularity|modern,+0.635|+0.453|+0.406,9,11,14,12
3889,popularity|classic|retro,+0.410|+0.316|+0.242,9,11,18,16
3887,Mystery|popularity|Fantasy,+0.462|+0.366|+0.341,17,3,11,9
3886,Sci-Fi|popularity|retro,+0.666|+0.429|+0.392,12,8,17,17
3885,War|Western|classic,+0.950|+0.415|+0.285,9,11,4,8
3884,Romance|retro|popularity,+0.456|+0.390|+0.344,12,8,11,12
3883,Comedy|popularity|modern,+0.574|+0.479|+0.402,16,4,17,18
3882,Drama|modern|Romance,+0.620|+0.526|+0.148,10,10,0,1
3881,Comedy|popularity|Animation,+0.874|+0.399|+0.175,8,12,7,11
3880,popularity|Crime|Documentary,+0.766|+0.386|+0.245,6,14,19,20
3879,popularity|Animation|retro,+0.389|+0.237|+0.191,5,15,14,8
3878,retro|popularity|Western,+0.517|+0.468|+0.459,6,14,7,5
3877,classic|Documentary|War,+0.384|+0.377|+0.262,13,7,17,15
3875,popularity|Western|contemporary,+0.397|+0.390|+0.373,13,7,11,8
3876,modern|popularity|Documentary,+0.472|+0.405|+0.325,12,8,20,20
3874,Action|popularity|War,+0.705|+0.440|+0.273,9,11,16,14
3873,popularity|Crime|Adventure,+0.241|+0.206|+0.179,16,4,8,6
3872,popularity|modern|Drama,+0.581|+0.484|+0.188,4,16,17,17
3871,Comedy|popularity|Crime,+0.599|+0.332|+0.220,13,7,7,6
3870,contemporary|popularity|Animation,+0.620|+0.512|+0.225,14,6,12,11
3869,popularity|Crime|Animation,+0.342|+0.191|+0.179,10,10,13,5
3868,Romance|modern|Musical,+0.733|+0.425|+0.208,11,9,1,1
3867,popularity|Adventure|Musical,+0.489|+0.232|+0.219,11,9,20,17
3866,popularity|contemporary|Animation,+0.308|+0.271|+0.219,18,2,8,7
3865,Musical|retro|Animation,+0.788|+0.512|+0.365,10,10,5,10
3864,popularity|classic|Drama,+0.373|+0.225|+0.215,2,18,4,2
3863,Action|popularity|modern,+0.701|+0.555|+0.290,8,12,19,18
3862,modern|popularity|Documentary,+0.509|+0.474|+0.262,6,14,19,19
3861,popularity|modern|Documentary,+0.600|+0.463|+0.194,5,15,19,17
3860,War|Western|Fantasy,+0.721|+0.407|+0.375,12,8,5,10
3859,Action|Adventure|modern,+0.759|+0.292|+0.228,12,8,1,1
3857,Comedy|popularity|Animation,+0.768|+0.523|+0.184,5,15,15,10
3858,popularity|Horror|classic,+0.367|+0.314|+0.294,10,10,4,4
3856,retro|contemporary|popularity,+0.231|+0.215|+0.210,16,4,5,6
3855,Thriller|popularity|Mystery,+0.618|+0.489|+0.476,9,11,10,6
3854,popularity|Drama|retro,+0.620|+0.495|+0.340,14,6,13,14
3853,Drama|popularity|War,+0.604|+0.455|+0.301,8,12,14,9
3852,classic|Documentary|War,+0.388|+0.321|+0.251,8,12,16,17
3850,contemporary|popularity|Animation,+0.268|+0.208|+0.198,15,5,2,2
3851,contemporary|popularity|Western,+0.399|+0.379|+0.362,12,8,11,10
3849,Sci-Fi|Adventure|popularity,+0.832|+0.292|+0.290,11,9,12,7
3848,classic|Mystery|popularity,+0.313|+0.302|+0.298,7,13,8,3
3847,Thriller|popularity|Crime,+0.661|+0.469|+0.303,10,10,14,12
3846,Comedy|retro|popularity,+0.688|+0.445|+0.360,8,12,10,12
3845,popularity|Documentary|Romance,+0.531|+0.300|+0.243,9,11,20,18
3844,Horror|modern|contemporary,+0.781|+0.312|+0.243,11,9,0,0
3843,Comedy|modern|popularity,+0.757|+0.324|+0.233,12,8,0,0
3842,Comedy|Musical|Documentary,+0.882|+0.171|+0.135,11,9,3,3
3841,Musical|Western|Mystery,+0.292|+0.273|+0.266,18,2,6,6
3839,modern|Animation|Comedy,+0.435|+0.202|+0.173,14,6,2,1
3840,Comedy|popularity|Romance,+0.702|+0.658|+0.239,3,17,19,16
3838,contemporary|popularity|Documentary,+0.600|+0.264|+0.225,13,7,3,4
3837,popularity|Drama|modern,+0.472|+0.181|+0.181,3,17,12,8
3836,Crime|popularity|Mystery,+0.701|+0.413|+0.202,7,13,7,5
3835,modern|popularity|Documentary,+0.521|+0.431|+0.263,4,16,17,16
3834,contemporary|popularity|Animation,+0.931|+0.352|+0.259,12,8,5,6
3833,popularity|Adventure|retro,+0.548|+0.498|+0.295,8,12,14,10
3832,Romance|popularity|Comedy,+0.630|+0.404|+0.221,15,5,15,15
3831,popularity|contemporary|Musical,+0.579|+0.376|+0.354,2,18,19,5
3830,contemporary|modern|popularity,+0.427|+0.255|+0.225,13,7,6,6
3829,contemporary|Documentary|Mystery,+0.939|+0.232|+0.205,6,14,1,6
3828,Sci-Fi|popularity|Horror,+0.728|+0.362|+0.284,9,11,16,11
3827,Adventure|Action|popularity,+0.749|+0.484|+0.345,11,9,10,6
3826,Documentary|modern|popularity,+0.729|+0.421|+0.307,13,7,2,8
3825,modern|Thriller|popularity,+0.567|+0.135|+0.122,8,12,6,4
3824,Horror|Sci-Fi|contemporary,+0.927|+0.300|+0.207,10,10,1,0
3823,Fantasy|popularity|Animation,+0.642|+0.489|+0.393,9,11,9,4
3822,popularity|Documentary|contemporary,+0.476|+0.362|+0.279,15,5,19,19
3821,Thriller|classic|Sci-Fi,+0.557|+0.349|+0.293,7,13,2,14
3820,Sci-Fi|popularity|Adventure,+0.844|+0.420|+0.323,5,15,15,11
3819,Comedy|popularity|modern,+0.734|+0.480|+0.315,8,12,15,12
3818,War|popularity|Action,+0.745|+0.485|+0.397,16,4,10,12
3817,Mystery|popularity|Crime,+0.900|+0.391|+0.327,16,4,3,2
3816,contemporary|popularity|Animation,+0.417|+0.366|+0.229,4,16,10,12
3815,Comedy|popularity|Documentary,+0.815|+0.360|+0.187,8,12,8,9
3814,popularity|Animation|Crime,+0.234|+0.215|+0.192,16,4,2,2
3813,popularity|retro|classic,+0.495|+0.268|+0.251,5,15,16,10
3812,popularity|Action|Sci-Fi,+0.416|+0.394|+0.245,14,6,10,9
3811,classic|popularity|Documentary,+0.546|+0.370|+0.293,11,9,10,15
3810,Western|classic|War,+0.931|+0.397|+0.375,14,6,4,6
3809,Action|popularity|Sci-Fi,+0.786|+0.411|+0.238,11,9,15,8
3808,retro|popularity|Drama,+0.733|+0.239|+0.144,9,11,6,5
3807,Action|popularity|Sci-Fi,+0.890|+0.307|+0.300,12,8,8,9
3806,Horror|niche|Musical,+0.618|+0.273|+0.248,15,5,0,0
3805,Thriller|popularity|Mystery,+0.841|+0.467|+0.322,2,18,14,6
3804,Comedy|popularity|Musical,+0.644|+0.420|+0.252,12,8,18,17
3803,popularity|Animation|Musical,+0.268|+0.226|+0.192,13,7,7,2
3802,popularity|contemporary|Fantasy,+0.333|+0.298|+0.268,14,6,7,4
3801,Horror|contemporary|Mystery,+0.735|+0.301|+0.246,12,8,0,0
3800,Horror|popularity|Sci-Fi,+0.903|+0.331|+0.311,6,14,8,3
3799,Comedy|popularity|Musical,+0.853|+0.385|+0.185,4,16,10,9
3798,popularity|modern|Crime,+0.623|+0.303|+0.281,8,12,20,20
3797,Adventure|popularity|Action,+0.776|+0.411|+0.368,5,15,16,11
3796,popularity|Musical|Animation,+0.389|+0.247|+0.184,15,5,11,7
3795,popularity|Drama|modern,+0.442|+0.423|+0.299,6,14,16,16
3794,Western|popularity|contemporary,+0.406|+0.367|+0.352,16,4,8,5
3793,Comedy|Documentary|Fantasy,+0.450|+0.352|+0.273,16,4,0,0
3792,popularity|modern|contemporary,+0.581|+0.498|+0.268,6,14,17,11
3791,Drama|modern|Romance,+0.652|+0.563|+0.173,9,11,0,1
3790,contemporary|popularity|Animation,+0.780|+0.448|+0.253,12,8,9,13
3788,contemporary|retro|Romance,+0.500|+0.490|+0.484,9,11,13,18
3789,popularity|contemporary|Documentary,+0.462|+0.332|+0.246,13,7,13,10
3787,popularity|Animation|retro,+0.290|+0.202|+0.197,14,6,8,5
3786,modern|popularity|Drama,+0.535|+0.421|+0.240,4,16,16,16
3785,Adventure|Action|popularity,+0.806|+0.380|+0.347,12,8,11,9
3784,popularity|War|retro,+0.685|+0.286|+0.178,8,12,19,18
3782,Horror|popularity|Mystery,+0.555|+0.441|+0.322,9,11,12,7
3783,Comedy|popularity|Musical,+0.655|+0.438|+0.262,12,8,19,18
3781,Drama|modern|popularity,+0.728|+0.459|+0.302,8,12,2,3
3780,popularity|modern|Documentary,+0.635|+0.263|+0.257,7,13,19,20
3779,Romance|popularity|Musical,+0.902|+0.310|+0.277,7,13,10,7
3778,Crime|popularity|modern,+0.582|+0.439|+0.431,13,7,11,12
3777,Romance|popularity|Musical,+0.882|+0.400|+0.295,7,13,13,7
3776,Comedy|retro|popularity,+0.698|+0.441|+0.353,13,7,8,9
3775,Comedy|popularity|Musical,+0.772|+0.444|+0.236,11,9,14,11
3774,popularity|modern|Documentary,+0.506|+0.479|+0.208,4,16,18,18
3773,Comedy|retro|popularity,+0.758|+0.354|+0.225,16,4,0,0
3772,Animation|popularity|Musical,+0.336|+0.252|+0.241,13,7,8,9
3771,Action|Adventure|Sci-Fi,+0.700|+0.302|+0.256,13,7,1,1
3770,Western|War|popularity,+0.793|+0.290|+0.286,12,8,5,6
3769,Musical|Animation|classic,+0.930|+0.402|+0.398,10,10,3,7
3768,Action|Adventure|Sci-Fi,+0.849|+0.323|+0.257,13,7,0,0
3766,Comedy|Documentary|modern,+0.589|+0.352|+0.301,13,7,0,0
3767,popularity|contemporary|Romance,+0.320|+0.306|+0.302,17,3,7,5
3765,popularity|Romance|Comedy,+0.683|+0.421|+0.417,6,14,15,11
3764,Documentary|classic|popularity,+0.368|+0.312|+0.257,13,7,19,18
3763,Comedy|popularity|Musical,+0.839|+0.384|+0.194,6,14,13,13
3762,Crime|popularity|classic,+0.710|+0.337|+0.260,11,9,10,13
3761,Action|retro|Adventure,+0.566|+0.530|+0.394,6,14,2,15
3760,Western|popularity|classic,+0.602|+0.363|+0.350,9,11,10,18
3759,popularity|Animation|Action,+0.308|+0.268|+0.205,18,2,7,6
3758,popularity|modern|Documentary,+0.473|+0.410|+0.287,9,11,19,19
3757,Sci-Fi|popularity|Fantasy,+0.628|+0.522|+0.326,11,9,17,18
3756,Mystery|popularity|Thriller,+0.407|+0.343|+0.269,13,7,4,2
3755,popularity|classic|retro,+0.490|+0.354|+0.270,7,13,16,11
3754,retro|Horror|Mystery,+0.659|+0.178|+0.159,14,6,1,1
3753,popularity|modern|Drama,+0.605|+0.455|+0.189,8,12,18,20
3752,modern|popularity|Animation,+0.462|+0.450|+0.329,9,11,18,18
3751,contemporary|Western|popularity,+0.385|+0.344|+0.322,18,2,7,7
3750,Fantasy|Adventure|popularity,+0.940|+0.358|+0.357,13,7,5,5
3749,Comedy|modern|popularity,+0.807|+0.372|+0.191,7,13,5,3
3748,Comedy|popularity|Animation,+0.789|+0.535|+0.195,4,16,15,15
3747,popularity|contemporary|Fantasy,+0.406|+0.212|+0.185,19,1,10,9
3746,popularity|Comedy|Action,+0.727|+0.501|+0.192,3,17,17,12
3888,modern|popularity|Documentary,+0.557|+0.420|+0.261,8,12,14,14
3745,Comedy|modern|Romance,+0.767|+0.370|+0.159,11,9,1,2
3744,popularity|Adventure|Crime,+0.274|+0.197|+0.185,15,5,9,6
3742,retro|popularity|Documentary,+0.605|+0.505|+0.188,9,11,18,18
3743,popularity|modern|Action,+0.600|+0.373|+0.359,9,11,20,20
3741,popularity|retro|Romance,+0.548|+0.487|+0.461,6,14,14,14
3740,Drama|popularity|modern,+0.775|+0.385|+0.272,8,12,3,5
3739,popularity|contemporary|Fantasy,+0.393|+0.308|+0.266,15,5,12,9
3738,Comedy|popularity|Musical,+0.737|+0.467|+0.240,12,8,19,18
3737,popularity|Romance|Crime,+0.542|+0.485|+0.420,3,17,7,4
3736,Drama|modern|popularity,+0.610|+0.435|+0.427,12,8,10,12
3735,Fantasy|Crime|popularity,+0.463|+0.422|+0.367,15,5,4,6
3734,contemporary|popularity|Horror,+0.840|+0.441|+0.314,12,8,5,5
3733,popularity|Comedy|Documentary,+0.707|+0.263|+0.237,7,13,20,20
3732,popularity|classic|Documentary,+0.501|+0.295|+0.268,10,10,14,12
3731,War|popularity|Western,+0.799|+0.401|+0.250,8,12,12,8
3730,Adventure|popularity|Action,+0.760|+0.461|+0.388,6,14,18,12
3729,contemporary|popularity|Thriller,+0.743|+0.372|+0.311,12,8,6,6
3728,popularity|Action|Western,+0.750|+0.403|+0.231,13,7,20,20
3727,Crime|popularity|Action,+0.776|+0.356|+0.320,16,4,7,6
3725,Drama|popularity|modern,+0.564|+0.529|+0.414,9,11,13,9
3726,modern|Animation|popularity,+0.548|+0.494|+0.338,11,9,1,4
3724,popularity|Thriller|retro,+0.367|+0.179|+0.137,5,15,13,5
3722,Horror|Sci-Fi|popularity,+0.922|+0.327|+0.288,8,12,6,2
3721,Documentary|modern|popularity,+0.590|+0.468|+0.360,11,9,7,13
3720,modern|popularity|Thriller,+0.612|+0.179|+0.144,7,13,3,4
3719,popularity|Western|contemporary,+0.462|+0.382|+0.340,12,8,13,9
3718,classic|Thriller|Mystery,+0.408|+0.388|+0.338,13,7,8,12
3717,popularity|contemporary|Drama,+0.664|+0.418|+0.256,9,11,17,20
3716,popularity|Drama|retro,+0.611|+0.512|+0.180,9,11,17,13
3715,Musical|Animation|classic,+0.868|+0.456|+0.328,14,6,1,4
3714,popularity|Animation|Crime,+0.285|+0.188|+0.175,11,9,6,3
3713,popularity|Comedy|Adventure,+0.579|+0.511|+0.309,6,14,18,6
3712,classic|popularity|retro,+0.469|+0.452|+0.291,12,8,7,12
3711,Thriller|popularity|Crime,+0.723|+0.445|+0.293,8,12,15,9
3710,Comedy|Documentary|popularity,+0.705|+0.265|+0.246,15,5,0,0
3709,Horror|Sci-Fi|Mystery,+0.844|+0.260|+0.256,10,10,0,1
3708,popularity|Animation|retro,+0.255|+0.208|+0.176,14,6,5,3
3707,Crime|Mystery|Action,+0.850|+0.311|+0.266,17,3,3,2
3706,Comedy|popularity|Animation,+0.834|+0.508|+0.194,4,16,17,14
3705,Crime|popularity|Mystery,+0.777|+0.440|+0.279,6,14,7,7
3704,Comedy|popularity|modern,+0.593|+0.418|+0.401,15,5,17,17
3703,Comedy|popularity|contemporary,+0.365|+0.274|+0.250,14,6,4,2
3702,Comedy|popularity|Musical,+0.741|+0.390|+0.242,8,12,20,15
3700,Drama|modern|popularity,+0.709|+0.438|+0.351,7,13,2,4
3701,contemporary|popularity|Animation,+0.725|+0.594|+0.249,13,7,11,8
3699,classic|Western|popularity,+0.618|+0.295|+0.279,9,11,2,5
3698,Fantasy|popularity|Sci-Fi,+0.582|+0.483|+0.310,18,2,12,13
3697,Fantasy|Adventure|Sci-Fi,+0.844|+0.497|+0.357,14,6,4,5
3696,modern|popularity|Animation,+0.513|+0.467|+0.161,3,17,15,12
3695,popularity|modern|Drama,+0.378|+0.323|+0.192,8,12,10,7
3694,popularity|Comedy|Fantasy,+0.722|+0.508|+0.234,13,7,20,20
3693,Comedy|Mystery|popularity,+0.397|+0.368|+0.313,11,9,5,5
3692,Horror|popularity|Sci-Fi,+0.860|+0.331|+0.306,4,16,6,3
3691,contemporary|popularity|modern,+0.667|+0.456|+0.263,12,8,4,9
3690,Horror|popularity|contemporary,+0.648|+0.285|+0.283,11,9,0,0
3689,modern|Thriller|Romance,+0.576|+0.147|+0.064,11,9,2,2
3688,contemporary|popularity|Drama,+0.768|+0.305|+0.266,11,9,7,10
3687,classic|popularity|Western,+0.525|+0.376|+0.344,14,6,11,11
3686,Comedy|popularity|Documentary,+0.472|+0.463|+0.269,12,8,19,17
3685,popularity|contemporary|Action,+0.588|+0.555|+0.440,4,16,10,8
3684,popularity|Documentary|modern,+0.410|+0.375|+0.338,15,5,17,17
3683,contemporary|Documentary|popularity,+0.670|+0.461|+0.314,13,7,3,7
3682,Comedy|retro|popularity,+0.686|+0.452|+0.275,14,6,1,1
3681,contemporary|popularity|Crime,+0.783|+0.453|+0.293,10,10,5,10
3680,Drama|popularity|War,+0.763|+0.368|+0.210,5,15,10,7
3679,retro|Horror|popularity,+0.678|+0.308|+0.202,6,14,4,4
3678,Sci-Fi|popularity|retro,+0.586|+0.333|+0.252,13,7,5,3
3677,Thriller|modern|Mystery,+0.687|+0.261|+0.259,11,9,0,1
3676,Comedy|popularity|Animation,+0.455|+0.432|+0.330,13,7,17,14
3675,Comedy|Documentary|Musical,+0.879|+0.139|+0.130,13,7,2,1
3674,Action|popularity|Crime,+0.739|+0.470|+0.276,8,12,18,14
3673,Comedy|popularity|modern,+0.469|+0.438|+0.326,10,10,13,18
3672,popularity|retro|Fantasy,+0.555|+0.304|+0.261,8,12,13,8
3671,Action|popularity|Adventure,+0.881|+0.388|+0.278,6,14,14,7
3670,popularity|contemporary|Animation,+0.260|+0.256|+0.226,15,5,2,0
3669,popularity|contemporary|Thriller,+0.661|+0.573|+0.284,8,12,12,11
3668,popularity|Mystery|Documentary,+0.386|+0.359|+0.264,14,6,16,16
3667,Animation|Fantasy|Musical,+0.498|+0.473|+0.342,14,6,0,1
3666,Action|popularity|War,+0.746|+0.465|+0.279,7,13,15,8
3665,popularity|Western|Comedy,+0.228|+0.214|+0.207,19,1,3,3
3664,Romance|popularity|War,+0.604|+0.439|+0.376,14,6,14,10
3663,Action|popularity|Adventure,+0.908|+0.337|+0.322,12,8,4,2
3662,Comedy|modern|Documentary,+0.844|+0.421|+0.179,3,17,0,0
3661,Horror|popularity|Sci-Fi,+0.879|+0.308|+0.307,6,14,5,2
3660,Sci-Fi|popularity|Fantasy,+0.752|+0.334|+0.274,8,12,12,4
3659,modern|popularity|Documentary,+0.498|+0.464|+0.239,7,13,18,17
3658,retro|Horror|Musical,+0.345|+0.283|+0.246,12,8,0,1
3657,Action|popularity|modern,+0.761|+0.413|+0.299,7,13,14,12
3656,contemporary|Animation|Horror,+0.294|+0.219|+0.208,13,7,1,1
3655,popularity|Documentary|Animation,+0.603|+0.279|+0.265,16,4,20,19
3654,Crime|popularity|Action,+0.920|+0.410|+0.278,4,16,8,6
3653,retro|popularity|Crime,+0.593|+0.570|+0.349,10,10,17,11
3652,popularity|Comedy|contemporary,+0.629|+0.285|+0.268,12,8,16,16
3651,popularity|contemporary|Animation,+0.364|+0.236|+0.230,17,3,8,7
3650,classic|Crime|Fantasy,+0.382|+0.332|+0.329,15,5,6,11
3649,retro|popularity|Documentary,+0.639|+0.420|+0.190,8,12,19,16
3648,retro|contemporary|Comedy,+0.323|+0.271|+0.245,13,7,0,0
3647,Fantasy|popularity|Sci-Fi,+0.818|+0.375|+0.335,15,5,11,7
3646,Horror|classic|Documentary,+0.453|+0.409|+0.323,8,12,16,18
3645,Sci-Fi|popularity|Fantasy,+0.633|+0.420|+0.336,4,16,18,8
3644,Crime|popularity|Mystery,+0.831|+0.408|+0.266,13,7,10,7
3643,contemporary|popularity|Mystery,+0.799|+0.393|+0.286,13,7,3,6
3642,Musical|Animation|classic,+0.895|+0.404|+0.364,10,10,7,10
3641,contemporary|popularity|Action,+0.778|+0.416|+0.352,12,8,9,9
3640,contemporary|popularity|Animation,+0.792|+0.389|+0.262,15,5,7,6
3639,Comedy|popularity|Musical,+0.843|+0.364|+0.176,6,14,8,8
3638,Adventure|Action|Sci-Fi,+0.845|+0.379|+0.331,5,15,10,12
3637,popularity|Western|contemporary,+0.396|+0.376|+0.348,14,6,9,7
3636,Horror|popularity|retro,+0.707|+0.474|+0.318,13,7,11,12
3635,Romance|popularity|War,+0.873|+0.309|+0.268,5,15,10,5
3634,contemporary|popularity|Animation,+0.835|+0.369|+0.257,14,6,6,4
3633,popularity|Action|War,+0.469|+0.442|+0.276,14,6,19,19
3632,popularity|contemporary|Animation,+0.469|+0.324|+0.244,14,6,11,6
3631,Action|popularity|Sci-Fi,+0.800|+0.517|+0.241,2,18,20,7
3630,popularity|Horror|Animation,+0.542|+0.356|+0.348,10,10,12,8
3629,classic|popularity|Documentary,+0.423|+0.333|+0.329,9,11,18,19
3628,popularity|contemporary|Musical,+0.341|+0.270|+0.229,19,1,4,3
3627,popularity|Mystery|retro,+0.247|+0.182|+0.179,13,7,7,7
3626,contemporary|popularity|Documentary,+0.582|+0.545|+0.273,13,7,7,13
3625,modern|popularity|Thriller,+0.566|+0.152|+0.144,8,12,7,6
3624,Thriller|popularity|contemporary,+0.435|+0.414|+0.400,8,12,15,13
3623,classic|Fantasy|Mystery,+0.379|+0.373|+0.368,18,2,3,5
3622,Action|popularity|War,+0.731|+0.464|+0.246,8,12,17,9
3621,Comedy|popularity|modern,+0.799|+0.415|+0.233,10,10,19,17
3620,popularity|contemporary|modern,+0.647|+0.470|+0.226,6,14,9,17
3619,popularity|contemporary|Animation,+0.339|+0.311|+0.194,14,6,10,8
3618,Fantasy|Adventure|Animation,+0.913|+0.320|+0.300,17,3,4,5
3617,Animation|popularity|classic,+0.497|+0.488|+0.299,12,8,12,19
3616,Action|popularity|War,+0.740|+0.496|+0.245,9,11,17,9
3615,Fantasy|classic|popularity,+0.459|+0.367|+0.361,17,3,9,8
3613,Crime|popularity|Mystery,+0.887|+0.382|+0.278,4,16,11,10
3614,Comedy|retro|popularity,+0.726|+0.410|+0.390,7,13,9,8
3612,contemporary|popularity|modern,+0.544|+0.481|+0.243,10,10,12,12
3611,popularity|modern|contemporary,+0.379|+0.270|+0.267,14,6,12,11
3610,classic|Sci-Fi|Thriller,+0.488|+0.345|+0.257,6,14,1,11
3609,Comedy|modern|Documentary,+0.720|+0.311|+0.218,12,8,0,0
3608,Comedy|modern|Animation,+0.803|+0.352|+0.140,9,11,1,3
3606,Drama|popularity|modern,+0.677|+0.458|+0.385,7,13,7,6
3607,War|Sci-Fi|Action,+0.677|+0.348|+0.298,17,3,3,6
3605,popularity|Sci-Fi|retro,+0.740|+0.236|+0.203,1,19,19,14
3604,Comedy|popularity|modern,+0.740|+0.421|+0.361,6,14,15,14
3603,Sci-Fi|popularity|Western,+0.835|+0.272|+0.270,10,10,12,8
3601,Animation|popularity|Musical,+0.657|+0.505|+0.334,11,9,9,10
3600,popularity|Western|classic,+0.412|+0.357|+0.266,13,7,16,17
3599,Comedy|popularity|modern,+0.477|+0.463|+0.373,17,3,17,19
3598,Drama|modern|niche,+0.701|+0.371|+0.195,7,13,0,1
3597,Animation|Musical|popularity,+0.856|+0.505|+0.424,10,10,3,1
3596,Documentary|retro|popularity,+0.926|+0.258|+0.224,15,5,1,1
3595,popularity|Animation|contemporary,+0.369|+0.274|+0.229,19,1,7,8
3594,popularity|contemporary|Sci-Fi,+0.555|+0.460|+0.380,8,12,11,8
3593,Comedy|popularity|retro,+0.717|+0.424|+0.391,8,12,13,16
3592,contemporary|popularity|Animation,+0.841|+0.506|+0.233,10,10,7,9
3591,popularity|Sci-Fi|Fantasy,+0.500|+0.372|+0.316,19,1,20,20
3590,contemporary|popularity|Mystery,+0.844|+0.423|+0.235,10,10,6,5
3589,retro|popularity|Western,+0.682|+0.396|+0.178,11,9,6,1
3588,Drama|popularity|War,+0.672|+0.329|+0.212,5,15,10,6
3587,Western|popularity|retro,+0.858|+0.415|+0.311,16,4,4,3
3586,classic|Musical|Western,+0.648|+0.429|+0.351,10,10,0,2
3585,Action|popularity|Western,+0.453|+0.451|+0.394,12,8,17,15
3584,Crime|Mystery|Fantasy,+0.759|+0.324|+0.295,11,9,2,8
3583,Romance|popularity|Musical,+0.868|+0.396|+0.278,6,14,14,8
3582,Adventure|Fantasy|Animation,+0.798|+0.356|+0.313,13,7,0,0
3581,Sci-Fi|popularity|Action,+0.762|+0.503|+0.336,9,11,16,16
3580,Action|popularity|Crime,+0.792|+0.507|+0.251,2,18,15,12
3579,Action|popularity|Sci-Fi,+0.792|+0.392|+0.292,7,13,17,9
3578,popularity|retro|Western,+0.652|+0.269|+0.217,6,14,17,10
3577,Romance|modern|popularity,+0.896|+0.339|+0.286,5,15,4,1
3576,popularity|retro|Drama,+0.400|+0.303|+0.302,4,16,9,1
3575,Horror|popularity|Sci-Fi,+0.880|+0.331|+0.322,5,15,8,3
3574,popularity|contemporary|Sci-Fi,+0.363|+0.260|+0.231,14,6,15,13
3573,Sci-Fi|popularity|Adventure,+0.654|+0.558|+0.450,10,10,17,11
3572,Drama|modern|popularity,+0.651|+0.500|+0.276,8,12,9,12
3571,Animation|popularity|Musical,+0.879|+0.436|+0.425,12,8,6,2
3570,classic|niche|Documentary,+0.533|+0.344|+0.340,14,6,10,13
3569,contemporary|modern|Thriller,+0.222|+0.201|+0.157,13,7,3,3
3568,Sci-Fi|popularity|Fantasy,+0.776|+0.363|+0.266,10,10,10,10
3567,popularity|retro|Documentary,+0.661|+0.269|+0.193,4,16,20,15
3566,popularity|Western|classic,+0.449|+0.385|+0.360,9,11,16,18
3565,Adventure|popularity|Sci-Fi,+0.565|+0.556|+0.356,13,7,17,16
3564,Sci-Fi|popularity|Fantasy,+0.808|+0.410|+0.300,6,14,13,10
3563,retro|popularity|Fantasy,+0.685|+0.342|+0.167,9,11,10,7
3562,Drama|popularity|modern,+0.422|+0.384|+0.297,7,13,6,2
3561,Action|popularity|retro,+0.569|+0.308|+0.259,14,6,3,3
3560,popularity|retro|Animation,+0.591|+0.192|+0.187,8,12,16,13
3559,Romance|popularity|Musical,+0.791|+0.427|+0.242,7,13,13,10
3558,Drama|popularity|modern,+0.771|+0.326|+0.147,7,13,2,2
3557,popularity|contemporary|Horror,+0.476|+0.385|+0.276,10,10,13,11
3556,popularity|Comedy|Animation,+0.531|+0.460|+0.324,14,6,19,18
3555,popularity|retro|Fantasy,+0.250|+0.190|+0.150,16,4,1,1
3554,Horror|popularity|Sci-Fi,+0.796|+0.407|+0.303,11,9,10,5
3553,modern|popularity|Comedy,+0.391|+0.356|+0.326,16,4,14,17
3552,contemporary|popularity|Animation,+0.456|+0.373|+0.218,14,6,10,8
3551,Drama|modern|popularity,+0.668|+0.482|+0.281,7,13,5,8
3550,Animation|Musical|popularity,+0.762|+0.730|+0.505,6,14,7,7
3549,Comedy|popularity|Musical,+0.844|+0.404|+0.193,7,13,14,12
3548,contemporary|popularity|Animation,+0.869|+0.280|+0.264,14,6,4,5
3547,popularity|Drama|Documentary,+0.477|+0.279|+0.181,6,14,11,5
3546,niche|Drama|classic,+0.506|+0.497|+0.385,13,7,10,11
3545,Documentary|Crime|popularity,+0.921|+0.294|+0.270,13,7,1,3
3544,Musical|classic|Animation,+0.878|+0.401|+0.380,12,8,4,7
3543,classic|Documentary|Crime,+0.411|+0.319|+0.277,5,15,11,20
3542,contemporary|popularity|Horror,+0.817|+0.310|+0.247,12,8,1,4
3541,Drama|popularity|Crime,+0.743|+0.437|+0.239,3,17,13,4
3540,contemporary|popularity|Horror,+0.399|+0.372|+0.303,13,7,4,5
3539,retro|Musical|Western,+0.294|+0.191|+0.183,15,5,2,3
3538,Drama|modern|popularity,+0.713|+0.470|+0.279,5,15,3,4
3537,contemporary|Comedy|popularity,+0.554|+0.409|+0.384,3,17,3,13
3536,modern|Thriller|Animation,+0.386|+0.381|+0.270,13,7,1,2
3535,Action|popularity|War,+0.722|+0.494|+0.248,10,10,17,11
3534,Romance|popularity|War,+0.703|+0.403|+0.342,10,10,11,5
3533,modern|popularity|Drama,+0.548|+0.493|+0.183,3,17,14,13
3532,popularity|modern|Drama,+0.459|+0.441|+0.292,5,15,13,8
3530,popularity|Action|Animation,+0.368|+0.238|+0.231,13,7,9,3
3529,Sci-Fi|popularity|modern,+0.667|+0.346|+0.286,17,3,3,1
3528,Horror|contemporary|Musical,+0.746|+0.290|+0.260,13,7,0,0
3527,popularity|Documentary|Sci-Fi,+0.499|+0.227|+0.218,14,6,20,14
3526,contemporary|popularity|Animation,+0.832|+0.321|+0.240,13,7,3,3
3525,Horror|modern|Sci-Fi,+0.796|+0.350|+0.256,9,11,3,1
3524,popularity|Romance|contemporary,+0.319|+0.318|+0.290,14,6,5,3
3523,popularity|Western|Animation,+0.658|+0.234|+0.231,9,11,20,20
3531,contemporary|popularity|Documentary,+0.836|+0.452|+0.249,12,8,9,11
3522,Action|popularity|Adventure,+0.819|+0.474|+0.264,9,11,13,8
3521,contemporary|popularity|Animation,+0.652|+0.569|+0.269,16,4,13,13
3520,popularity|modern|Drama,+0.356|+0.300|+0.268,11,9,17,12
3519,modern|popularity|contemporary,+0.564|+0.396|+0.300,2,18,6,10
3518,contemporary|popularity|modern,+0.778|+0.282|+0.243,11,9,2,6
3517,Comedy|popularity|Musical,+0.827|+0.434|+0.178,7,13,12,10
3516,popularity|Documentary|contemporary,+0.475|+0.331|+0.259,14,6,20,20
3515,popularity|modern|Drama,+0.497|+0.480|+0.227,7,13,18,19
3514,popularity|Documentary|classic,+0.386|+0.373|+0.304,14,6,20,20
3513,contemporary|popularity|Documentary,+0.749|+0.494|+0.238,11,9,10,11
3512,popularity|War|classic,+0.533|+0.457|+0.357,12,8,17,17
3511,popularity|classic|retro,+0.435|+0.287|+0.272,8,12,16,9
3510,Comedy|popularity|modern,+0.640|+0.442|+0.380,14,6,17,17
3509,popularity|modern|contemporary,+0.663|+0.245|+0.241,5,15,15,7
3508,Sci-Fi|popularity|Fantasy,+0.740|+0.495|+0.299,2,18,16,10
3507,modern|Thriller|Horror,+0.256|+0.104|+0.056,14,6,0,0
3506,popularity|Drama|contemporary,+0.629|+0.250|+0.221,10,10,18,19
3505,Comedy|popularity|Romance,+0.609|+0.461|+0.437,10,10,13,7
3504,contemporary|popularity|niche,+0.567|+0.376|+0.297,9,11,5,11
3503,popularity|Horror|contemporary,+0.437|+0.276|+0.254,7,13,13,6
3502,popularity|modern|Documentary,+0.530|+0.419|+0.286,12,8,20,20
3501,classic|Musical|Western,+0.686|+0.358|+0.296,12,8,1,2
3500,popularity|retro|War,+0.335|+0.323|+0.197,10,10,12,6
3499,retro|Horror|Thriller,+0.741|+0.458|+0.263,6,14,1,7
3498,modern|popularity|Thriller,+0.573|+0.407|+0.160,4,16,10,9
3497,Romance|popularity|classic,+0.754|+0.298|+0.295,10,10,9,12
3602,popularity|Mystery|Adventure,+0.338|+0.233|+0.200,14,6,15,15
3496,Comedy|popularity|modern,+0.719|+0.479|+0.325,8,12,16,13
3495,popularity|contemporary|Animation,+0.340|+0.293|+0.228,17,3,8,7
3494,popularity|Western|contemporary,+0.389|+0.347|+0.310,16,4,8,8
3493,War|Western|Fantasy,+0.589|+0.508|+0.356,11,9,9,13
3492,contemporary|popularity|Documentary,+0.590|+0.325|+0.319,11,9,7,11
3491,modern|Drama|popularity,+0.631|+0.560|+0.295,13,7,10,13
3490,popularity|classic|Documentary,+0.432|+0.281|+0.240,8,12,11,12
3489,Action|popularity|War,+0.671|+0.466|+0.217,9,11,18,17
3488,Sci-Fi|popularity|Action,+0.669|+0.363|+0.306,16,4,3,3
3487,Romance|popularity|modern,+0.561|+0.505|+0.244,11,9,17,18
3486,Animation|Fantasy|Adventure,+0.537|+0.503|+0.358,14,6,0,0
3485,popularity|Documentary|retro,+0.504|+0.321|+0.317,11,9,18,16
3484,Comedy|popularity|Musical,+0.886|+0.214|+0.152,9,11,3,5
3483,contemporary|Animation|popularity,+0.297|+0.236|+0.180,14,6,4,6
3482,popularity|Thriller|Mystery,+0.748|+0.399|+0.282,6,14,20,18
3481,Fantasy|popularity|Sci-Fi,+0.717|+0.451|+0.383,10,10,14,16
3480,Romance|popularity|Musical,+0.851|+0.384|+0.261,8,12,11,7
3479,popularity|Animation|retro,+0.596|+0.230|+0.198,8,12,20,15
3478,Thriller|classic|Mystery,+0.577|+0.441|+0.320,14,6,3,6
3477,Musical|classic|Animation,+0.915|+0.554|+0.488,8,12,4,6
3476,Horror|contemporary|niche,+0.792|+0.480|+0.288,6,14,0,1
3475,popularity|Romance|Mystery,+0.644|+0.325|+0.261,4,16,18,15
3474,classic|Drama|Documentary,+0.374|+0.359|+0.324,12,8,15,20
3473,popularity|contemporary|modern,+0.501|+0.444|+0.368,8,12,13,14
3472,popularity|retro|Animation,+0.710|+0.292|+0.210,8,12,19,18
3723,Comedy|popularity|Musical,+0.703|+0.504|+0.226,12,8,18,18
3471,popularity|modern|Crime,+0.495|+0.319|+0.197,3,17,15,14
3470,Comedy|modern|popularity,+0.807|+0.376|+0.251,8,12,6,4
3469,War|Western|classic,+0.968|+0.394|+0.294,8,12,4,8
3468,classic|Documentary|popularity,+0.356|+0.355|+0.288,6,14,15,17
3467,popularity|Documentary|retro,+0.564|+0.276|+0.239,9,11,19,19
3466,Drama|popularity|Crime,+0.653|+0.506|+0.222,5,15,15,17
3465,Fantasy|popularity|Sci-Fi,+0.887|+0.377|+0.363,15,5,8,4
3464,popularity|Documentary|retro,+0.516|+0.340|+0.336,9,11,16,17
3463,retro|popularity|Documentary,+0.623|+0.438|+0.228,8,12,17,15
3462,contemporary|popularity|Crime,+0.627|+0.540|+0.233,9,11,8,12
3461,popularity|Comedy|Action,+0.486|+0.375|+0.292,15,5,20,19
3460,Sci-Fi|popularity|Fantasy,+0.668|+0.407|+0.306,10,10,16,16
3459,contemporary|popularity|Animation,+0.729|+0.576|+0.215,12,8,11,11
3458,modern|Comedy|Fantasy,+0.391|+0.296|+0.271,11,9,0,1
3457,modern|popularity|Western,+0.507|+0.435|+0.347,9,11,19,19
3456,Sci-Fi|popularity|War,+0.516|+0.438|+0.312,14,6,15,16
3455,Mystery|popularity|Thriller,+0.848|+0.445|+0.260,6,14,6,3
3454,popularity|modern|contemporary,+0.363|+0.349|+0.331,13,7,3,3
3453,Sci-Fi|modern|contemporary,+0.397|+0.326|+0.318,15,5,15,17
3452,War|popularity|Western,+0.935|+0.425|+0.332,9,11,11,7
3451,Thriller|modern|popularity,+0.658|+0.434|+0.402,7,13,14,10
3450,Mystery|Crime|modern,+0.849|+0.381|+0.344,17,3,4,5
3449,Sci-Fi|popularity|Fantasy,+0.654|+0.393|+0.276,12,8,14,14
3448,Action|popularity|modern,+0.760|+0.489|+0.302,10,10,18,16
3447,popularity|Thriller|Action,+0.667|+0.582|+0.483,5,15,18,15
3446,Horror|Sci-Fi|popularity,+0.878|+0.306|+0.296,3,17,5,2
3445,Animation|Musical|Fantasy,+0.914|+0.564|+0.403,14,6,0,1
3444,Comedy|modern|Documentary,+0.817|+0.354|+0.224,8,12,0,1
3443,Thriller|popularity|Fantasy,+0.349|+0.346|+0.336,16,4,6,5
3442,popularity|modern|contemporary,+0.550|+0.447|+0.325,9,11,20,19
3441,popularity|Documentary|classic,+0.530|+0.345|+0.295,12,8,20,20
3440,popularity|modern|Documentary,+0.563|+0.428|+0.227,11,9,20,19
3439,retro|popularity|Fantasy,+0.666|+0.325|+0.210,11,9,10,8
3438,popularity|contemporary|modern,+0.359|+0.301|+0.235,18,2,9,10
3437,contemporary|popularity|Crime,+0.630|+0.592|+0.244,10,10,8,15
3436,retro|Thriller|popularity,+0.689|+0.440|+0.436,13,7,7,5
3435,popularity|classic|Documentary,+0.414|+0.348|+0.318,12,8,19,19
3434,Drama|popularity|modern,+0.566|+0.478|+0.448,9,11,15,15
3433,popularity|Adventure|Horror,+0.700|+0.409|+0.402,1,19,17,17
3431,Romance|popularity|War,+0.829|+0.401|+0.262,3,17,13,5
3432,retro|Action|popularity,+0.659|+0.333|+0.256,12,8,1,0
3430,classic|popularity|Documentary,+0.464|+0.326|+0.290,6,14,6,9
3429,popularity|modern|Documentary,+0.560|+0.336|+0.324,8,12,19,19
3428,classic|popularity|Musical,+0.362|+0.320|+0.311,11,9,2,0
3427,Thriller|popularity|Crime,+0.785|+0.491|+0.365,3,17,15,6
3426,classic|Documentary|popularity,+0.398|+0.359|+0.339,12,8,18,18
3425,contemporary|popularity|Documentary,+0.734|+0.512|+0.229,15,5,11,10
3424,popularity|modern|Mystery,+0.552|+0.513|+0.179,4,16,16,12
3423,Romance|popularity|Musical,+0.815|+0.447|+0.234,6,14,9,5
3422,classic|popularity|War,+0.577|+0.308|+0.292,14,6,8,9
3420,contemporary|popularity|Drama,+0.679|+0.478|+0.215,11,9,13,12
3419,Sci-Fi|popularity|Adventure,+0.813|+0.382|+0.300,11,9,12,6
3418,classic|Musical|Western,+0.656|+0.610|+0.384,14,6,1,1
3417,Drama|classic|War,+0.471|+0.377|+0.273,10,10,9,14
3416,popularity|retro|Comedy,+0.627|+0.383|+0.344,12,8,14,19
3415,retro|popularity|Fantasy,+0.648|+0.391|+0.171,8,12,14,11
3414,contemporary|popularity|Thriller,+0.817|+0.423|+0.260,15,5,6,4
3413,popularity|Drama|Documentary,+0.546|+0.513|+0.228,9,11,11,10
3412,popularity|Mystery|contemporary,+0.610|+0.377|+0.273,2,18,18,10
3421,popularity|Animation|Musical,+0.282|+0.230|+0.194,12,8,14,8
3411,popularity|Sci-Fi|Fantasy,+0.672|+0.551|+0.217,5,15,19,19
3410,modern|popularity|Drama,+0.591|+0.391|+0.355,0,20,9,13
3409,Thriller|Mystery|modern,+0.822|+0.362|+0.362,10,10,4,9
3408,Animation|Musical|Fantasy,+0.864|+0.434|+0.426,13,7,0,1
3407,popularity|Western|War,+0.581|+0.537|+0.222,8,12,9,14
3406,retro|popularity|Documentary,+0.599|+0.497|+0.165,6,14,20,16
3405,popularity|contemporary|Animation,+0.725|+0.287|+0.285,12,8,20,20
3404,Adventure|Action|popularity,+0.820|+0.371|+0.363,11,9,10,7
3403,Animation|Musical|Fantasy,+0.962|+0.514|+0.306,13,7,2,3
3402,popularity|Drama|modern,+0.453|+0.286|+0.220,5,15,9,7
3401,Action|Adventure|Sci-Fi,+0.874|+0.320|+0.215,11,9,1,2
3400,popularity|retro|Documentary,+0.626|+0.305|+0.211,8,12,18,19
3399,contemporary|popularity|Musical,+0.354|+0.353|+0.272,15,5,6,5
3398,contemporary|popularity|Animation,+0.829|+0.356|+0.258,11,9,7,8
3397,Drama|popularity|classic,+0.512|+0.313|+0.283,11,9,14,14
3396,popularity|Action|contemporary,+0.695|+0.537|+0.413,6,14,20,14
3395,contemporary|popularity|Animation,+0.478|+0.383|+0.257,10,10,8,8
3394,Crime|popularity|Mystery,+0.905|+0.339|+0.282,7,13,10,5
3393,Western|War|classic,+0.955|+0.380|+0.363,16,4,3,3
3392,popularity|modern|Documentary,+0.528|+0.419|+0.269,11,9,20,20
3391,popularity|modern|Drama,+0.431|+0.389|+0.224,8,12,6,6
3390,popularity|contemporary|modern,+0.396|+0.328|+0.298,18,2,10,9
3389,popularity|Thriller|Mystery,+0.523|+0.501|+0.236,6,14,17,9
3388,Comedy|popularity|Animation,+0.704|+0.583|+0.239,9,11,19,19
3387,Drama|modern|popularity,+0.532|+0.446|+0.299,10,10,11,11
3386,contemporary|popularity|Horror,+0.898|+0.297|+0.236,14,6,1,1
3385,Animation|popularity|contemporary,+0.294|+0.243|+0.218,16,4,1,2
3384,classic|War|Western,+0.504|+0.368|+0.312,13,7,16,16
3383,Sci-Fi|popularity|Fantasy,+0.523|+0.371|+0.317,14,6,16,14
3382,Comedy|popularity|modern,+0.742|+0.391|+0.351,10,10,12,12
3381,popularity|contemporary|Animation,+0.358|+0.290|+0.182,11,9,12,7
3380,Comedy|popularity|War,+0.280|+0.244|+0.123,12,8,8,7
3379,popularity|Western|contemporary,+0.349|+0.345|+0.295,16,4,8,7
3378,popularity|Animation|Musical,+0.598|+0.573|+0.236,10,10,9,14
3377,Thriller|Action|Horror,+0.410|+0.248|+0.232,16,4,0,1
3376,popularity|Animation|contemporary,+0.271|+0.235|+0.213,18,2,7,8
3375,popularity|contemporary|Animation,+0.314|+0.249|+0.235,14,6,3,2
3374,popularity|contemporary|Animation,+0.284|+0.263|+0.230,17,3,1,2
3373,Action|popularity|modern,+0.758|+0.443|+0.274,11,9,16,16
3372,Comedy|popularity|Musical,+0.549|+0.459|+0.216,14,6,19,19
3371,Comedy|retro|popularity,+0.566|+0.564|+0.471,7,13,15,15
3370,popularity|modern|Documentary,+0.683|+0.347|+0.190,8,12,19,20
3369,popularity|Comedy|Animation,+0.728|+0.398|+0.221,13,7,19,18
3367,Comedy|retro|popularity,+0.665|+0.507|+0.265,10,10,5,5
3368,Action|popularity|Horror,+0.662|+0.584|+0.282,8,12,11,6
3366,Action|retro|popularity,+0.688|+0.468|+0.408,8,12,15,10
3365,Comedy|Documentary|Musical,+0.706|+0.164|+0.125,14,6,0,1
3364,modern|Drama|popularity,+0.624|+0.509|+0.242,0,20,0,2
3363,popularity|contemporary|Mystery,+0.704|+0.504|+0.264,10,10,15,15
3362,Comedy|modern|popularity,+0.803|+0.369|+0.249,9,11,6,5
3361,Thriller|War|Mystery,+0.747|+0.464|+0.342,10,10,3,7
3359,classic|popularity|Mystery,+0.524|+0.285|+0.282,12,8,8,13
3360,Romance|popularity|War,+0.860|+0.346|+0.278,3,17,12,5
3358,Action|Adventure|Sci-Fi,+0.897|+0.303|+0.293,12,8,5,7
3357,popularity|contemporary|retro,+0.351|+0.323|+0.232,13,7,5,2
3356,Fantasy|popularity|Adventure,+0.936|+0.341|+0.340,10,10,6,6
3355,popularity|Documentary|War,+0.380|+0.362|+0.331,7,13,19,15
3354,Sci-Fi|popularity|Fantasy,+0.673|+0.373|+0.316,9,11,14,11
3353,Comedy|popularity|Musical,+0.816|+0.433|+0.196,7,13,15,15
3352,Horror|Sci-Fi|popularity,+0.936|+0.318|+0.242,7,13,4,2
3351,contemporary|popularity|Western,+0.284|+0.271|+0.202,17,3,5,4
3350,War|popularity|Sci-Fi,+0.738|+0.522|+0.225,12,8,15,14
3349,contemporary|Horror|Fantasy,+0.753|+0.456|+0.437,6,14,3,13
3348,Romance|popularity|Musical,+0.916|+0.348|+0.307,8,12,8,5
3347,modern|popularity|Drama,+0.501|+0.482|+0.287,9,11,17,18
3346,classic|Musical|Western,+0.462|+0.347|+0.310,15,5,4,5
3345,Comedy|popularity|Musical,+0.843|+0.447|+0.223,4,16,13,7
3344,popularity|classic|Documentary,+0.459|+0.353|+0.324,6,14,11,16
3343,contemporary|popularity|Comedy,+0.834|+0.475|+0.258,12,8,4,4
3342,Western|popularity|contemporary,+0.388|+0.365|+0.361,16,4,7,5
3341,modern|popularity|Drama,+0.533|+0.414|+0.207,8,12,15,15
3340,contemporary|popularity|Mystery,+0.709|+0.449|+0.244,16,4,11,12
3339,Comedy|popularity|Animation,+0.588|+0.510|+0.246,13,7,20,17
3338,popularity|Comedy|contemporary,+0.551|+0.248|+0.195,13,7,18,14
3337,popularity|Documentary|retro,+0.493|+0.298|+0.248,11,9,20,19
3336,popularity|Thriller|Sci-Fi,+0.477|+0.360|+0.276,2,18,18,14
3335,Comedy|popularity|Musical,+0.712|+0.618|+0.211,8,12,17,17
3334,modern|popularity|Drama,+0.531|+0.497|+0.148,3,17,14,12
3333,contemporary|popularity|Crime,+0.629|+0.604|+0.246,8,12,8,13
3332,popularity|contemporary|Romance,+0.419|+0.329|+0.297,16,4,8,6
3331,popularity|contemporary|modern,+0.387|+0.251|+0.228,17,3,9,9
3330,popularity|Animation|Western,+0.392|+0.316|+0.316,16,4,8,6
3329,popularity|classic|Documentary,+0.413|+0.324|+0.210,7,13,9,9
3328,Romance|modern|Musical,+0.691|+0.348|+0.280,12,8,0,2
3327,contemporary|popularity|Thriller,+0.624|+0.582|+0.333,7,13,10,9
3326,contemporary|popularity|Animation,+0.678|+0.441|+0.238,14,6,11,14
3325,popularity|contemporary|modern,+0.361|+0.341|+0.274,17,3,9,9
3324,Sci-Fi|popularity|Fantasy,+0.790|+0.485|+0.307,3,17,19,12
3323,popularity|contemporary|Mystery,+0.338|+0.327|+0.241,16,4,9,10
3322,Romance|popularity|War,+0.804|+0.493|+0.248,5,15,15,7
3321,retro|Sci-Fi|popularity,+0.617|+0.561|+0.407,12,8,14,11
3320,Horror|retro|contemporary,+0.673|+0.355|+0.274,15,5,0,0
3319,Drama|retro|War,+0.638|+0.596|+0.181,9,11,0,0
3318,popularity|classic|Documentary,+0.356|+0.317|+0.283,9,11,12,11
3317,popularity|modern|Documentary,+0.488|+0.439|+0.269,11,9,20,20
3316,Thriller|popularity|modern,+0.656|+0.493|+0.306,9,11,11,11
3315,contemporary|popularity|Animation,+0.813|+0.464|+0.230,9,11,5,9
3314,contemporary|Comedy|popularity,+0.845|+0.333|+0.286,9,11,2,5
3313,classic|niche|Documentary,+0.550|+0.331|+0.255,12,8,2,6
3312,contemporary|popularity|Documentary,+0.809|+0.401|+0.222,11,9,6,7
3311,modern|Mystery|Fantasy,+0.422|+0.141|+0.139,12,8,1,1
3310,popularity|Animation|retro,+0.369|+0.192|+0.184,12,8,14,10
3309,Drama|popularity|classic,+0.635|+0.377|+0.237,9,11,12,11
3308,War|popularity|Western,+0.883|+0.380|+0.281,12,8,9,8
3307,Mystery|popularity|Thriller,+0.937|+0.351|+0.324,12,8,5,2
3306,Thriller|popularity|Crime,+0.547|+0.435|+0.313,11,9,14,10
3305,Drama|modern|popularity,+0.688|+0.481|+0.294,6,14,6,10
3304,Musical|Animation|classic,+0.929|+0.436|+0.363,16,4,1,1
3303,Comedy|popularity|Musical,+0.681|+0.390|+0.248,13,7,19,15
3302,popularity|modern|Thriller,+0.604|+0.469|+0.312,10,10,13,16
3301,Fantasy|Crime|Mystery,+0.367|+0.335|+0.311,17,3,4,6
3300,Adventure|Action|Fantasy,+0.851|+0.308|+0.297,15,5,4,5
3299,Documentary|contemporary|popularity,+0.802|+0.336|+0.324,11,9,0,5
3298,popularity|contemporary|Animation,+0.402|+0.323|+0.306,12,8,16,10
3297,popularity|modern|contemporary,+0.620|+0.407|+0.293,4,16,17,15
3296,Western|popularity|contemporary,+0.392|+0.359|+0.350,17,3,7,6
3295,popularity|Thriller|modern,+0.692|+0.467|+0.348,3,17,17,11
3294,Mystery|Crime|Thriller,+0.833|+0.388|+0.302,14,6,0,2
3293,popularity|Animation|Horror,+0.354|+0.235|+0.223,17,3,8,6
3292,Fantasy|popularity|classic,+0.616|+0.374|+0.256,7,13,7,4
3291,Drama|modern|popularity,+0.523|+0.473|+0.281,11,9,15,14
3290,contemporary|Animation|Horror,+0.315|+0.264|+0.244,15,5,0,0
3289,War|Western|popularity,+0.957|+0.330|+0.251,12,8,7,5
3288,popularity|Documentary|classic,+0.385|+0.369|+0.307,15,5,20,20
3287,Drama|Western|popularity,+0.569|+0.330|+0.318,8,12,3,0
3286,Musical|Animation|classic,+0.944|+0.416|+0.358,12,8,4,3
3285,Mystery|popularity|Documentary,+0.241|+0.237|+0.176,16,4,10,7
3284,popularity|Drama|Comedy,+0.605|+0.263|+0.259,9,11,18,16
3283,Mystery|Fantasy|contemporary,+0.269|+0.244|+0.215,14,6,3,5
3282,classic|Western|Musical,+0.649|+0.424|+0.331,14,6,5,4
3281,popularity|Documentary|modern,+0.560|+0.343|+0.309,14,6,20,19
3280,modern|Comedy|Thriller,+0.546|+0.131|+0.110,9,11,1,3
3279,Sci-Fi|popularity|modern,+0.724|+0.407|+0.313,13,7,12,11
3278,Comedy|Musical|popularity,+0.749|+0.276|+0.271,12,8,9,7
3277,Romance|popularity|Mystery,+0.632|+0.618|+0.207,9,11,16,14
3276,popularity|modern|Drama,+0.566|+0.463|+0.186,7,13,17,20
3275,Comedy|popularity|Animation,+0.460|+0.380|+0.343,15,5,15,14
3274,popularity|Thriller|retro,+0.678|+0.330|+0.190,2,18,17,12
3273,Drama|popularity|retro,+0.474|+0.402|+0.360,11,9,8,10
3272,modern|Thriller|Adventure,+0.183|+0.087|+0.068,15,5,1,0
3271,Crime|Mystery|popularity,+0.897|+0.320|+0.279,15,5,3,5
3270,popularity|Animation|Documentary,+0.595|+0.279|+0.275,9,11,20,18
3269,retro|popularity|Documentary,+0.603|+0.457|+0.192,7,13,20,18
3268,popularity|Thriller|modern,+0.656|+0.452|+0.341,7,13,17,17
3267,Crime|popularity|Mystery,+0.806|+0.441|+0.249,12,8,9,6
3266,Drama|modern|popularity,+0.440|+0.401|+0.366,15,5,10,11
3265,contemporary|popularity|Thriller,+0.667|+0.387|+0.231,15,5,11,13
3264,contemporary|popularity|Horror,+0.526|+0.331|+0.235,9,11,6,3
3263,Action|popularity|Adventure,+0.854|+0.377|+0.287,8,12,16,6
3262,Comedy|popularity|contemporary,+0.646|+0.509|+0.487,8,12,9,9
3261,contemporary|popularity|Comedy,+0.697|+0.386|+0.315,13,7,4,8
3260,popularity|Thriller|War,+0.575|+0.534|+0.498,11,9,11,9
3259,Mystery|popularity|Crime,+0.824|+0.486|+0.357,12,8,6,5
3258,retro|popularity|contemporary,+0.464|+0.446|+0.200,8,12,17,14
3257,Mystery|popularity|Crime,+0.903|+0.336|+0.321,10,10,1,5
3256,popularity|Action|Sci-Fi,+0.683|+0.463|+0.225,8,12,20,20
3255,Romance|modern|popularity,+0.863|+0.353|+0.315,7,13,5,3
3254,Comedy|popularity|Musical,+0.693|+0.516|+0.247,13,7,20,19
3253,War|modern|popularity,+0.742|+0.474|+0.295,11,9,7,8
3252,Western|popularity|contemporary,+0.402|+0.390|+0.361,14,6,11,8
3251,retro|popularity|Documentary,+0.588|+0.350|+0.226,9,11,16,13
3249,popularity|Romance|Sci-Fi,+0.407|+0.295|+0.256,17,3,6,5
3250,Drama|modern|popularity,+0.699|+0.436|+0.384,6,14,3,4
3248,contemporary|popularity|Drama,+0.560|+0.513|+0.234,9,11,10,17
3247,Adventure|popularity|Action,+0.804|+0.428|+0.407,4,16,13,10
3246,Action|Adventure|popularity,+0.822|+0.299|+0.258,9,11,1,2
3245,contemporary|popularity|Animation,+0.888|+0.266|+0.250,13,7,1,1
3244,popularity|Animation|Comedy,+0.711|+0.265|+0.243,8,12,20,20
3243,Romance|modern|Musical,+0.737|+0.384|+0.281,11,9,2,2
3242,Comedy|popularity|Musical,+0.597|+0.408|+0.238,13,7,19,17
3241,Mystery|contemporary|Fantasy,+0.239|+0.230|+0.223,14,6,5,7
3240,popularity|contemporary|modern,+0.363|+0.284|+0.226,17,3,9,9
3239,War|popularity|modern,+0.535|+0.531|+0.286,12,8,18,19
3238,retro|popularity|contemporary,+0.574|+0.523|+0.362,6,14,18,16
3237,modern|popularity|Documentary,+0.498|+0.397|+0.283,9,11,18,19
3236,Comedy|popularity|retro,+0.679|+0.577|+0.275,7,13,16,18
3235,popularity|contemporary|Western,+0.423|+0.411|+0.359,13,7,11,8
3234,Drama|classic|niche,+0.457|+0.445|+0.371,9,11,7,13
3233,Drama|retro|popularity,+0.747|+0.303|+0.256,9,11,7,3
3232,Comedy|modern|popularity,+0.789|+0.372|+0.342,8,12,9,10
3231,Action|popularity|Adventure,+0.812|+0.486|+0.296,7,13,16,10
3230,contemporary|popularity|Animation,+0.673|+0.476|+0.308,13,7,10,13
3229,contemporary|popularity|Documentary,+0.834|+0.363|+0.228,8,12,6,10
3228,Western|contemporary|popularity,+0.409|+0.356|+0.329,17,3,7,6
3227,Comedy|modern|Romance,+0.775|+0.360|+0.140,10,10,0,2
3226,Action|popularity|Sci-Fi,+0.786|+0.424|+0.258,8,12,20,12
3225,Documentary|popularity|Comedy,+0.798|+0.371|+0.307,13,7,2,9
3224,Sci-Fi|contemporary|popularity,+0.725|+0.317|+0.296,12,8,4,4
3223,popularity|contemporary|Animation,+0.519|+0.383|+0.331,11,9,18,12
3222,popularity|modern|Documentary,+0.466|+0.437|+0.312,10,10,20,20
3221,Crime|popularity|Mystery,+0.622|+0.565|+0.225,9,11,14,19
3220,retro|popularity|Animation,+0.314|+0.205|+0.181,13,7,4,3
3218,Western|contemporary|popularity,+0.410|+0.314|+0.295,17,3,7,6
3217,contemporary|popularity|modern,+0.474|+0.448|+0.318,11,9,13,14
3216,Drama|popularity|War,+0.736|+0.258|+0.199,6,14,6,1
3215,popularity|Mystery|retro,+0.422|+0.241|+0.176,7,13,14,7
3219,popularity|Comedy|contemporary,+0.653|+0.478|+0.211,4,16,14,13
3214,popularity|Musical|Adventure,+0.244|+0.190|+0.177,11,9,13,8
3213,popularity|retro|Animation,+0.636|+0.395|+0.222,12,8,18,19
3212,popularity|Action|modern,+0.618|+0.415|+0.393,7,13,18,18
3211,contemporary|popularity|Documentary,+0.564|+0.362|+0.334,9,11,8,16
3210,contemporary|popularity|Drama,+0.827|+0.319|+0.259,9,11,6,7
3209,contemporary|Action|popularity,+0.870|+0.400|+0.305,14,6,4,4
3208,Action|popularity|Sci-Fi,+0.692|+0.611|+0.212,3,17,19,16
3207,Mystery|popularity|Crime,+0.847|+0.407|+0.246,10,10,5,2
3206,popularity|contemporary|Western,+0.413|+0.388|+0.346,11,9,14,10
3205,popularity|contemporary|Romance,+0.641|+0.373|+0.189,5,15,19,20
3204,Comedy|popularity|Musical,+0.814|+0.435|+0.227,8,12,15,11
3203,popularity|Romance|retro,+0.797|+0.242|+0.212,5,15,20,19
3202,popularity|contemporary|modern,+0.460|+0.361|+0.232,17,3,10,8
3201,retro|classic|popularity,+0.341|+0.211|+0.202,9,11,0,0
3200,popularity|classic|Documentary,+0.404|+0.316|+0.284,13,7,13,15
3199,Fantasy|popularity|Adventure,+0.883|+0.477|+0.418,5,15,3,11
3198,classic|Documentary|niche,+0.448|+0.395|+0.312,13,7,13,18
3197,Crime|Mystery|Thriller,+0.899|+0.302|+0.278,12,8,3,4
3196,contemporary|popularity|Horror,+0.913|+0.297|+0.288,13,7,1,1
3195,popularity|modern|contemporary,+0.681|+0.420|+0.269,7,13,17,17
3194,contemporary|popularity|Animation,+0.626|+0.448|+0.321,12,8,12,10
3193,Sci-Fi|popularity|Fantasy,+0.606|+0.292|+0.267,18,2,1,1
3192,Crime|popularity|Mystery,+0.840|+0.540|+0.277,5,15,9,8
3191,contemporary|popularity|Animation,+0.917|+0.262|+0.234,9,11,1,1
3190,popularity|Action|Adventure,+0.704|+0.420|+0.354,4,16,19,19
3189,contemporary|popularity|Mystery,+0.821|+0.416|+0.222,12,8,6,4
3188,niche|Drama|modern,+0.379|+0.293|+0.287,9,11,13,7
3187,classic|Documentary|popularity,+0.476|+0.344|+0.340,9,11,17,19
3186,popularity|contemporary|Sci-Fi,+0.318|+0.279|+0.193,16,4,11,10
3185,Comedy|popularity|Animation,+0.733|+0.542|+0.231,8,12,19,19
3184,Drama|modern|popularity,+0.649|+0.476|+0.308,7,13,9,9
3183,Adventure|popularity|Fantasy,+0.670|+0.433|+0.331,9,11,10,8
3182,popularity|classic|Documentary,+0.467|+0.409|+0.252,14,6,6,11
3181,classic|Documentary|War,+0.503|+0.376|+0.296,9,11,14,19
3179,contemporary|popularity|Comedy,+0.734|+0.437|+0.244,9,11,8,6
3180,Drama|modern|Crime,+0.621|+0.220|+0.144,13,7,1,0
3178,popularity|Animation|contemporary,+0.626|+0.455|+0.421,10,10,16,14
3177,contemporary|popularity|Comedy,+0.780|+0.544|+0.268,9,11,9,9
3176,contemporary|popularity|Animation,+0.850|+0.328|+0.246,13,7,2,2
3175,retro|popularity|Documentary,+0.603|+0.306|+0.255,9,11,14,14
3174,Thriller|modern|popularity,+0.673|+0.444|+0.393,8,12,6,7
3173,Action|popularity|Sci-Fi,+0.811|+0.414|+0.270,6,14,14,8
3172,Animation|popularity|contemporary,+0.570|+0.522|+0.338,7,13,13,8
3171,classic|Crime|Mystery,+0.384|+0.372|+0.348,9,11,13,15
3170,retro|popularity|Documentary,+0.630|+0.466|+0.164,9,11,17,15
3169,Action|popularity|War,+0.646|+0.423|+0.276,9,11,16,14
3168,contemporary|Western|popularity,+0.404|+0.385|+0.368,15,5,7,7
3167,contemporary|retro|popularity,+0.635|+0.467|+0.414,12,8,9,12
3166,popularity|retro|Animation,+0.736|+0.227|+0.207,6,14,20,20
3165,popularity|contemporary|Animation,+0.563|+0.227|+0.196,9,11,16,10
3164,popularity|contemporary|Romance,+0.375|+0.375|+0.262,16,4,8,5
3163,popularity|modern|Documentary,+0.350|+0.326|+0.225,5,15,16,16
3162,Mystery|Thriller|Crime,+0.900|+0.391|+0.326,16,4,3,2
3161,popularity|Animation|retro,+0.757|+0.192|+0.187,2,18,20,19
3160,Sci-Fi|popularity|Fantasy,+0.652|+0.439|+0.305,9,11,15,15
3159,Romance|popularity|contemporary,+0.452|+0.397|+0.257,7,13,13,4
3158,popularity|Documentary|contemporary,+0.415|+0.358|+0.350,16,4,16,18
3157,Crime|popularity|Mystery,+0.657|+0.602|+0.293,5,15,9,7
3156,contemporary|popularity|Crime,+0.804|+0.450|+0.276,11,9,6,10
3155,Mystery|popularity|Thriller,+0.502|+0.477|+0.374,7,13,7,4
3154,popularity|contemporary|classic,+0.516|+0.341|+0.306,12,8,19,19
3153,popularity|Comedy|Romance,+0.756|+0.380|+0.233,1,19,20,20
3152,popularity|contemporary|Animation,+0.480|+0.368|+0.238,7,13,8,6
3151,popularity|retro|Animation,+0.763|+0.355|+0.227,5,15,18,18
3150,popularity|contemporary|modern,+0.434|+0.298|+0.218,14,6,16,10
3149,contemporary|popularity|Horror,+0.870|+0.351|+0.290,12,8,2,4
3148,Drama|popularity|modern,+0.531|+0.419|+0.261,12,8,17,19
3147,Crime|popularity|Mystery,+0.872|+0.322|+0.317,9,11,4,5
3146,popularity|Documentary|Animation,+0.709|+0.170|+0.169,3,17,20,19
3145,Crime|popularity|Documentary,+0.529|+0.525|+0.317,11,9,17,18
3144,popularity|Animation|contemporary,+0.300|+0.199|+0.166,16,4,5,3
3143,Documentary|popularity|modern,+0.363|+0.362|+0.309,12,8,15,18
3142,popularity|modern|Thriller,+0.493|+0.340|+0.333,6,14,18,13
3141,Sci-Fi|popularity|Fantasy,+0.759|+0.597|+0.300,9,11,17,12
3140,popularity|Horror|retro,+0.432|+0.339|+0.267,6,14,9,12
3139,popularity|contemporary|Documentary,+0.403|+0.365|+0.252,12,8,14,10
3138,popularity|modern|Thriller,+0.618|+0.447|+0.196,12,8,19,19
3137,Western|contemporary|popularity,+0.361|+0.326|+0.325,17,3,7,7
3136,Comedy|popularity|Documentary,+0.672|+0.461|+0.243,12,8,20,18
3135,Drama|niche|modern,+0.642|+0.462|+0.276,5,15,2,2
3134,Sci-Fi|popularity|Fantasy,+0.697|+0.452|+0.289,4,16,18,8
3133,contemporary|popularity|Animation,+0.845|+0.378|+0.294,14,6,3,3
3132,contemporary|popularity|Animation,+0.843|+0.306|+0.249,15,5,3,4
3131,Drama|popularity|War,+0.804|+0.264|+0.180,4,16,8,4
3130,popularity|Thriller|Crime,+0.550|+0.392|+0.307,10,10,19,19
3129,modern|popularity|Thriller,+0.521|+0.476|+0.193,5,15,16,9
3128,Drama|popularity|contemporary,+0.471|+0.417|+0.253,10,10,9,5
3126,popularity|modern|Drama,+0.516|+0.456|+0.357,7,13,14,16
3125,Action|popularity|Adventure,+0.720|+0.388|+0.251,14,6,3,2
3127,Romance|modern|popularity,+0.826|+0.446|+0.330,9,11,10,8
3124,popularity|Animation|Sci-Fi,+0.415|+0.190|+0.170,9,11,15,8
3123,Animation|popularity|Musical,+0.860|+0.397|+0.348,11,9,6,3
3122,Fantasy|Crime|classic,+0.389|+0.367|+0.331,14,6,4,8
3121,Western|contemporary|popularity,+0.390|+0.329|+0.318,16,4,7,6
3120,popularity|Animation|Western,+0.421|+0.329|+0.323,17,3,8,6
3119,Sci-Fi|popularity|Action,+0.833|+0.494|+0.327,2,18,17,7
3118,Drama|popularity|War,+0.788|+0.300|+0.192,6,14,10,6
3117,popularity|Thriller|retro,+0.652|+0.506|+0.317,3,17,17,13
3116,Action|popularity|Adventure,+0.799|+0.498|+0.318,7,13,13,5
3114,Comedy|popularity|modern,+0.837|+0.310|+0.260,7,13,9,6
3113,popularity|modern|contemporary,+0.583|+0.444|+0.401,7,13,16,14
3112,Western|popularity|Crime,+0.571|+0.466|+0.420,5,15,13,7
3111,Comedy|modern|Documentary,+0.704|+0.315|+0.182,12,8,0,1
3110,Drama|popularity|classic,+0.479|+0.317|+0.312,12,8,12,12
3109,contemporary|Documentary|popularity,+0.620|+0.550|+0.354,12,8,3,8
3108,Western|War|classic,+0.973|+0.360|+0.358,17,3,3,4
3107,popularity|Crime|Horror,+0.305|+0.176|+0.150,10,10,10,5
3106,popularity|classic|contemporary,+0.501|+0.413|+0.295,10,10,9,9
3105,popularity|classic|Animation,+0.604|+0.357|+0.258,3,17,16,20
3104,Thriller|popularity|Crime,+0.639|+0.605|+0.314,9,11,17,16
3103,popularity|Musical|contemporary,+0.389|+0.208|+0.207,11,9,16,11
3102,popularity|Romance|Animation,+0.403|+0.275|+0.250,13,7,8,4
3101,Comedy|popularity|Musical,+0.525|+0.457|+0.255,12,8,19,18
3100,modern|popularity|Drama,+0.538|+0.427|+0.404,8,12,14,13
3099,contemporary|popularity|Sci-Fi,+0.744|+0.530|+0.304,12,8,11,10
3115,popularity|Sci-Fi|Musical,+0.449|+0.261|+0.244,9,11,14,8
3098,modern|popularity|Documentary,+0.467|+0.404|+0.339,15,5,20,20
3097,contemporary|popularity|Mystery,+0.863|+0.357|+0.235,13,7,6,5
3096,Romance|modern|Musical,+0.760|+0.312|+0.270,12,8,0,0
3095,contemporary|popularity|Comedy,+0.716|+0.534|+0.253,12,8,9,10
3094,popularity|Western|contemporary,+0.462|+0.367|+0.364,11,9,13,11
3093,classic|contemporary|niche,+0.616|+0.401|+0.275,9,11,2,5
3092,Sci-Fi|popularity|Fantasy,+0.732|+0.318|+0.284,9,11,10,7
3091,popularity|Adventure|Sci-Fi,+0.566|+0.557|+0.353,9,11,18,19
3090,popularity|Sci-Fi|Fantasy,+0.611|+0.526|+0.253,7,13,19,17
3089,popularity|modern|Romance,+0.525|+0.471|+0.423,10,10,16,11
3088,retro|popularity|Romance,+0.642|+0.459|+0.451,11,9,13,13
3087,Drama|modern|Mystery,+0.684|+0.399|+0.358,12,8,3,4
3086,modern|popularity|Drama,+0.585|+0.417|+0.165,1,19,12,9
3085,Action|Adventure|popularity,+0.914|+0.312|+0.307,11,9,5,4
3084,popularity|Musical|War,+0.426|+0.213|+0.209,12,8,15,12
3083,Animation|popularity|Musical,+0.261|+0.227|+0.177,16,4,7,9
3082,Thriller|Mystery|popularity,+0.863|+0.298|+0.280,13,7,1,2
3081,contemporary|Comedy|popularity,+0.300|+0.272|+0.248,15,5,3,2
3080,contemporary|popularity|Drama,+0.748|+0.409|+0.294,13,7,5,8
3079,contemporary|popularity|modern,+0.564|+0.445|+0.250,5,15,8,14
3078,classic|Documentary|War,+0.432|+0.351|+0.291,11,9,18,19
3077,Thriller|popularity|Mystery,+0.719|+0.514|+0.480,5,15,12,7
3076,Action|popularity|modern,+0.751|+0.454|+0.310,8,12,17,18
3075,contemporary|popularity|Drama,+0.611|+0.444|+0.370,14,6,5,9
3074,contemporary|popularity|Documentary,+0.814|+0.393|+0.260,9,11,4,10
3073,Comedy|popularity|Musical,+0.780|+0.414|+0.233,9,11,20,16
3072,popularity|Musical|Romance,+0.463|+0.376|+0.356,11,9,12,12
3071,popularity|contemporary|Western,+0.464|+0.335|+0.321,12,8,10,8
3070,popularity|Documentary|classic,+0.395|+0.393|+0.290,11,9,19,19
3069,contemporary|popularity|Mystery,+0.855|+0.399|+0.239,13,7,2,3
3068,popularity|Fantasy|Sci-Fi,+0.478|+0.434|+0.386,13,7,18,19
3067,classic|Musical|Western,+0.489|+0.486|+0.332,13,7,3,2
3066,popularity|modern|Animation,+0.594|+0.468|+0.171,2,18,17,15
3065,contemporary|popularity|Animation,+0.811|+0.476|+0.256,13,7,8,6
3064,popularity|retro|Action,+0.685|+0.476|+0.448,3,17,19,7
3063,popularity|Adventure|Action,+0.454|+0.284|+0.237,7,13,16,6
3062,popularity|Mystery|Adventure,+0.376|+0.203|+0.187,4,16,19,9
3061,War|popularity|Western,+0.626|+0.597|+0.264,12,8,12,7
3060,Thriller|modern|Mystery,+0.806|+0.401|+0.378,11,9,7,12
3059,popularity|Documentary|Animation,+0.599|+0.330|+0.268,9,11,20,18
3058,Comedy|popularity|Animation,+0.674|+0.664|+0.187,4,16,18,11
3057,popularity|contemporary|Thriller,+0.723|+0.299|+0.189,1,19,18,11
3056,Sci-Fi|popularity|Fantasy,+0.576|+0.472|+0.326,13,7,18,17
3055,Horror|Mystery|Sci-Fi,+0.800|+0.345|+0.303,9,11,0,0
3054,retro|popularity|Animation,+0.568|+0.400|+0.319,9,11,13,8
3053,Horror|popularity|retro,+0.740|+0.412|+0.311,9,11,9,7
3052,contemporary|Sci-Fi|Horror,+0.740|+0.541|+0.356,9,11,4,13
3050,contemporary|popularity|Drama,+0.600|+0.442|+0.229,14,6,12,12
3051,contemporary|popularity|Sci-Fi,+0.835|+0.414|+0.281,11,9,3,2
3049,Romance|Musical|popularity,+0.878|+0.294|+0.275,7,13,9,6
3048,Action|popularity|Sci-Fi,+0.761|+0.465|+0.230,12,8,19,15
3047,Sci-Fi|popularity|Fantasy,+0.756|+0.414|+0.267,6,14,17,10
3046,contemporary|Horror|popularity,+0.846|+0.478|+0.397,10,10,1,2
3045,popularity|War|Documentary,+0.437|+0.366|+0.322,8,12,15,17
3044,modern|Thriller|Horror,+0.178|+0.146|+0.136,12,8,5,5
3043,contemporary|niche|Horror,+0.896|+0.267|+0.243,9,11,1,6
3042,modern|popularity|Animation,+0.562|+0.402|+0.168,4,16,13,9
3040,Sci-Fi|popularity|modern,+0.698|+0.448|+0.319,13,7,13,14
3041,Crime|popularity|contemporary,+0.708|+0.588|+0.296,6,14,10,5
3039,classic|Musical|Western,+0.695|+0.295|+0.293,13,7,0,0
3038,popularity|Comedy|Musical,+0.467|+0.427|+0.299,15,5,16,16
3037,Drama|modern|popularity,+0.750|+0.432|+0.318,5,15,2,4
3036,popularity|retro|Musical,+0.536|+0.207|+0.190,7,13,15,11
3035,Action|popularity|Sci-Fi,+0.648|+0.512|+0.205,8,12,19,15
3034,popularity|Animation|contemporary,+0.348|+0.228|+0.226,17,3,9,7
3033,popularity|War|Action,+0.756|+0.551|+0.228,7,13,15,16
3032,Western|War|classic,+0.967|+0.377|+0.351,17,3,3,4
3031,contemporary|popularity|Mystery,+0.845|+0.306|+0.273,13,7,2,3
3030,Drama|popularity|modern,+0.591|+0.453|+0.443,10,10,12,16
3029,contemporary|popularity|Animation,+0.951|+0.306|+0.223,10,10,1,4
3028,Comedy|popularity|Musical,+0.824|+0.441|+0.200,7,13,12,10
3027,Crime|popularity|Mystery,+0.882|+0.484|+0.272,3,17,9,7
3026,Comedy|Documentary|Fantasy,+0.491|+0.367|+0.286,17,3,0,0
3025,Romance|popularity|classic,+0.776|+0.334|+0.263,6,14,8,8
3024,contemporary|popularity|Sci-Fi,+0.826|+0.416|+0.258,12,8,6,7
3023,popularity|Animation|contemporary,+0.399|+0.259|+0.242,17,3,8,6
3022,Action|popularity|Adventure,+0.868|+0.367|+0.253,6,14,12,8
3021,popularity|Drama|retro,+0.581|+0.501|+0.198,9,11,16,12
3020,Romance|popularity|War,+0.806|+0.316|+0.275,8,12,8,2
3019,popularity|Sci-Fi|contemporary,+0.424|+0.252|+0.230,13,7,11,6
3018,contemporary|popularity|Animation,+0.834|+0.414|+0.234,10,10,7,12
3017,Comedy|popularity|contemporary,+0.514|+0.475|+0.251,12,8,19,14
3016,Sci-Fi|popularity|Action,+0.737|+0.600|+0.463,9,11,18,14
3015,popularity|Animation|Western,+0.189|+0.178|+0.175,16,4,4,3
3014,popularity|Comedy|modern,+0.544|+0.491|+0.443,8,12,17,9
3013,Musical|Animation|classic,+0.756|+0.428|+0.416,9,11,1,6
3012,contemporary|popularity|Sci-Fi,+0.721|+0.524|+0.508,9,11,6,4
3011,popularity|Animation|Documentary,+0.436|+0.405|+0.280,12,8,16,18
3010,Sci-Fi|Horror|Adventure,+0.781|+0.287|+0.262,16,4,7,6
3009,popularity|contemporary|Romance,+0.623|+0.572|+0.261,8,12,9,10
3008,Sci-Fi|popularity|Fantasy,+0.625|+0.450|+0.306,18,2,3,3
3007,popularity|Drama|Fantasy,+0.607|+0.406|+0.229,9,11,18,16
3006,War|popularity|Western,+0.685|+0.612|+0.268,13,7,14,16
3005,Sci-Fi|Action|Adventure,+0.808|+0.293|+0.291,12,8,13,10
3004,Thriller|popularity|modern,+0.632|+0.407|+0.398,13,7,13,11
3002,Comedy|popularity|Musical,+0.748|+0.454|+0.209,10,10,19,17
3001,Action|popularity|Crime,+0.741|+0.485|+0.233,5,15,15,14
3000,Adventure|Romance|Fantasy,+0.741|+0.495|+0.362,11,9,2,6
2999,Fantasy|Animation|Adventure,+0.479|+0.467|+0.355,12,8,0,0
2998,popularity|Romance|Musical,+0.340|+0.316|+0.295,18,2,4,3
2997,War|popularity|classic,+0.513|+0.399|+0.348,12,8,15,17
2996,Fantasy|popularity|Documentary,+0.633|+0.555|+0.301,10,10,13,17
2995,Comedy|popularity|contemporary,+0.540|+0.460|+0.247,16,4,18,18
2994,Action|Adventure|Fantasy,+0.653|+0.281|+0.240,12,8,1,1
2993,popularity|Documentary|retro,+0.567|+0.360|+0.314,15,5,20,20
2992,contemporary|popularity|Animation,+0.910|+0.282|+0.268,11,9,3,5
2991,popularity|classic|Documentary,+0.424|+0.340|+0.244,7,13,8,12
2990,Romance|Musical|Adventure,+0.874|+0.317|+0.223,10,10,4,2
2989,Sci-Fi|popularity|Adventure,+0.655|+0.566|+0.307,9,11,19,11
3003,Adventure|Action|Sci-Fi,+0.840|+0.441|+0.345,9,11,11,8
2988,contemporary|popularity|Western,+0.557|+0.382|+0.345,9,11,10,7
2987,Fantasy|Action|popularity,+0.616|+0.480|+0.480,6,14,4,1
2986,contemporary|modern|Drama,+0.505|+0.356|+0.243,12,8,9,9
2985,popularity|Animation|Fantasy,+0.657|+0.369|+0.234,12,8,11,14
2984,popularity|Sci-Fi|contemporary,+0.402|+0.254|+0.254,13,7,8,5
2983,Action|popularity|Adventure,+0.910|+0.340|+0.289,11,9,7,5
2982,Mystery|Crime|Fantasy,+0.544|+0.435|+0.407,13,7,10,13
2981,popularity|modern|Documentary,+0.666|+0.396|+0.164,7,13,20,19
2979,popularity|Documentary|retro,+0.458|+0.330|+0.306,12,8,17,20
2978,classic|Mystery|Documentary,+0.559|+0.225|+0.219,16,4,1,2
2977,popularity|contemporary|Western,+0.483|+0.350|+0.317,12,8,16,14
2976,Comedy|popularity|Musical,+0.761|+0.476|+0.205,9,11,17,18
2975,popularity|Documentary|classic,+0.319|+0.298|+0.266,10,10,5,7
2974,popularity|Animation|Thriller,+0.721|+0.173|+0.136,2,18,17,13
2973,Western|contemporary|popularity,+0.401|+0.340|+0.335,16,4,7,5
2972,contemporary|popularity|Mystery,+0.901|+0.358|+0.229,11,9,2,4
2971,Documentary|popularity|modern,+0.897|+0.279|+0.271,12,8,0,5
2970,popularity|modern|Animation,+0.589|+0.493|+0.181,7,13,18,17
2969,popularity|Fantasy|Mystery,+0.606|+0.445|+0.339,11,9,15,10
2968,modern|popularity|Thriller,+0.368|+0.299|+0.203,8,12,8,10
2967,classic|Documentary|War,+0.517|+0.287|+0.278,10,10,6,13
2966,Thriller|popularity|modern,+0.721|+0.429|+0.393,6,14,14,11
2965,popularity|Drama|War,+0.521|+0.424|+0.279,5,15,16,11
2964,popularity|Documentary|classic,+0.436|+0.335|+0.299,12,8,19,20
2963,popularity|Drama|War,+0.722|+0.475|+0.185,9,11,16,18
2962,Thriller|modern|Mystery,+0.764|+0.308|+0.255,10,10,2,4
2961,popularity|contemporary|Horror,+0.276|+0.273|+0.262,13,7,4,2
2960,popularity|Documentary|retro,+0.543|+0.277|+0.228,9,11,20,19
2959,popularity|Action|War,+0.620|+0.376|+0.325,2,18,16,11
2958,popularity|Western|contemporary,+0.398|+0.376|+0.371,14,6,9,7
2957,popularity|Action|Crime,+0.706|+0.257|+0.188,5,15,20,20
2956,Sci-Fi|popularity|Action,+0.672|+0.547|+0.283,8,12,18,14
2955,contemporary|popularity|Drama,+0.555|+0.421|+0.264,12,8,10,11
2954,Western|popularity|contemporary,+0.404|+0.395|+0.349,12,8,11,7
2953,Western|contemporary|popularity,+0.399|+0.348|+0.336,14,6,9,7
2952,Thriller|popularity|Crime,+0.692|+0.335|+0.255,8,12,10,6
2951,popularity|Drama|modern,+0.585|+0.378|+0.325,12,8,18,20
2950,contemporary|popularity|Documentary,+0.532|+0.348|+0.314,13,7,15,16
2949,contemporary|popularity|Animation,+0.657|+0.450|+0.408,14,6,10,11
2948,popularity|Documentary|contemporary,+0.470|+0.395|+0.337,16,4,18,19
2946,Action|Adventure|Sci-Fi,+0.805|+0.291|+0.237,11,9,0,0
2945,modern|popularity|Drama,+0.531|+0.404|+0.236,6,14,16,17
2944,popularity|modern|Adventure,+0.482|+0.325|+0.296,3,17,18,6
2943,Adventure|popularity|Action,+0.657|+0.367|+0.311,12,8,9,10
2942,classic|popularity|Documentary,+0.380|+0.302|+0.276,5,15,4,14
2941,Animation|Fantasy|Musical,+0.607|+0.504|+0.357,11,9,0,1
2940,Action|popularity|modern,+0.755|+0.481|+0.288,8,12,17,16
2939,Thriller|popularity|Mystery,+0.817|+0.390|+0.371,9,11,7,4
2938,Animation|Fantasy|Musical,+0.725|+0.462|+0.429,10,10,0,1
2937,popularity|modern|Drama,+0.637|+0.499|+0.216,3,17,15,14
2936,Animation|Fantasy|Musical,+0.603|+0.364|+0.319,15,5,6,8
2935,popularity|contemporary|Action,+0.340|+0.284|+0.247,16,4,7,7
2934,Horror|modern|Animation,+0.209|+0.184|+0.170,11,9,0,0
2933,contemporary|popularity|Documentary,+0.643|+0.584|+0.243,15,5,10,13
2932,Thriller|popularity|modern,+0.718|+0.498|+0.379,7,13,14,9
2931,contemporary|popularity|Comedy,+0.716|+0.558|+0.204,6,14,10,9
2930,Horror|popularity|retro,+0.718|+0.385|+0.313,10,10,8,9
2929,Horror|Sci-Fi|Thriller,+0.898|+0.297|+0.222,12,8,3,1
2928,Comedy|popularity|Musical,+0.830|+0.344|+0.219,10,10,16,15
2927,Adventure|Action|popularity,+0.834|+0.389|+0.387,6,14,12,10
2926,modern|Comedy|Romance,+0.583|+0.231|+0.119,9,11,2,6
2925,contemporary|popularity|Animation,+0.753|+0.514|+0.277,11,9,9,7
2924,popularity|Animation|modern,+0.565|+0.553|+0.282,14,6,10,8
2923,popularity|Sci-Fi|Animation,+0.504|+0.437|+0.262,14,6,19,17
2922,popularity|Thriller|modern,+0.585|+0.409|+0.327,13,7,17,20
2921,Sci-Fi|Fantasy|contemporary,+0.554|+0.292|+0.285,18,2,1,1
2920,contemporary|popularity|Sci-Fi,+0.418|+0.362|+0.287,16,4,4,3
2919,Fantasy|Adventure|Animation,+0.957|+0.386|+0.385,11,9,2,8
2918,Romance|popularity|retro,+0.530|+0.496|+0.307,9,11,13,16
2917,popularity|Documentary|Crime,+0.408|+0.389|+0.320,9,11,19,17
2916,Comedy|Documentary|Musical,+0.902|+0.193|+0.165,13,7,0,0
2915,popularity|War|Action,+0.642|+0.620|+0.293,9,11,18,19
2914,Comedy|popularity|Musical,+0.806|+0.387|+0.220,8,12,18,17
2913,modern|Drama|popularity,+0.333|+0.330|+0.278,6,14,5,7
2912,popularity|contemporary|Animation,+0.243|+0.235|+0.235,19,1,8,7
2911,contemporary|popularity|Horror,+0.393|+0.330|+0.220,15,5,5,3
2909,Comedy|Documentary|popularity,+0.848|+0.158|+0.150,10,10,0,0
2908,Horror|popularity|Sci-Fi,+0.898|+0.337|+0.311,4,16,8,0
2907,popularity|Comedy|contemporary,+0.477|+0.395|+0.324,16,4,14,16
2906,Adventure|popularity|Action,+0.760|+0.399|+0.368,6,14,16,8
2905,Mystery|popularity|Crime,+0.865|+0.344|+0.254,16,4,3,2
2904,popularity|modern|Drama,+0.497|+0.476|+0.286,14,6,16,16
2903,popularity|Fantasy|Musical,+0.575|+0.379|+0.294,13,7,19,17
2902,Comedy|popularity|modern,+0.605|+0.553|+0.341,12,8,18,19
2901,popularity|Crime|Drama,+0.550|+0.195|+0.170,1,19,17,10
2900,popularity|Animation|Crime,+0.617|+0.230|+0.172,8,12,19,17
2899,Action|popularity|Adventure,+0.906|+0.310|+0.284,7,13,7,7
2898,popularity|contemporary|Romance,+0.394|+0.291|+0.279,17,3,7,5
2897,popularity|Documentary|contemporary,+0.531|+0.289|+0.281,15,5,20,19
2895,contemporary|popularity|Documentary,+0.758|+0.386|+0.261,11,9,3,8
2896,contemporary|popularity|Animation,+0.868|+0.474|+0.228,11,9,6,3
2894,Action|Adventure|Sci-Fi,+0.873|+0.314|+0.265,10,10,0,1
2893,popularity|Fantasy|Sci-Fi,+0.578|+0.511|+0.315,9,11,16,14
2892,Romance|classic|popularity,+0.556|+0.454|+0.337,12,8,6,11
2891,Western|popularity|contemporary,+0.394|+0.362|+0.362,17,3,7,5
2890,Adventure|Documentary|popularity,+0.470|+0.441|+0.391,2,18,14,3
2889,contemporary|Musical|Animation,+0.498|+0.488|+0.474,4,16,3,17
2888,War|popularity|Western,+0.892|+0.410|+0.313,12,8,6,6
2887,Thriller|modern|Mystery,+0.466|+0.242|+0.185,13,7,0,1
2886,Action|Adventure|popularity,+0.745|+0.283|+0.266,14,6,1,1
2885,contemporary|popularity|Animation,+0.771|+0.470|+0.286,12,8,10,8
2884,popularity|Drama|Western,+0.629|+0.179|+0.163,5,15,19,16
2882,popularity|modern|contemporary,+0.733|+0.310|+0.247,10,10,18,17
2881,Comedy|popularity|Animation,+0.803|+0.495|+0.201,4,16,13,12
2883,popularity|Animation|Crime,+0.236|+0.222|+0.212,15,5,5,4
2880,popularity|retro|Comedy,+0.388|+0.293|+0.273,15,5,13,12
2879,popularity|contemporary|Animation,+0.737|+0.480|+0.261,12,8,13,17
2878,Fantasy|popularity|Animation,+0.779|+0.355|+0.351,12,8,5,4
2877,contemporary|popularity|Mystery,+0.744|+0.566|+0.237,14,6,11,8
2876,Adventure|Fantasy|Action,+0.922|+0.383|+0.322,10,10,3,6
2875,Action|popularity|War,+0.638|+0.453|+0.260,13,7,17,16
2874,classic|Documentary|War,+0.503|+0.373|+0.252,8,12,6,13
2873,Animation|Fantasy|Adventure,+0.627|+0.459|+0.378,12,8,0,2
2872,Comedy|popularity|modern,+0.774|+0.343|+0.287,9,11,12,9
2871,Horror|popularity|Sci-Fi,+0.892|+0.360|+0.303,8,12,7,2
2870,modern|popularity|Drama,+0.643|+0.349|+0.268,6,14,10,12
2869,Animation|popularity|Musical,+0.280|+0.253|+0.200,13,7,7,7
2868,popularity|Action|Documentary,+0.492|+0.348|+0.287,12,8,18,19
2867,contemporary|Horror|Animation,+0.796|+0.314|+0.308,6,14,1,13
2866,Romance|popularity|Musical,+0.872|+0.378|+0.311,10,10,8,4
2865,contemporary|popularity|Animation,+0.755|+0.549|+0.240,12,8,11,10
2864,Western|contemporary|popularity,+0.371|+0.342|+0.341,16,4,7,7
2863,contemporary|popularity|Drama,+0.492|+0.382|+0.381,13,7,11,12
2862,War|popularity|classic,+0.842|+0.350|+0.287,12,8,8,6
2861,popularity|Western|contemporary,+0.427|+0.368|+0.360,14,6,12,8
2860,popularity|Drama|modern,+0.441|+0.384|+0.338,2,18,4,9
2859,popularity|contemporary|Comedy,+0.560|+0.330|+0.283,6,14,20,10
2858,Fantasy|Animation|contemporary,+0.415|+0.408|+0.407,8,12,4,13
2857,Drama|Fantasy|modern,+0.417|+0.218|+0.207,16,4,0,0
2856,classic|popularity|War,+0.510|+0.402|+0.312,10,10,12,15
2855,contemporary|popularity|Animation,+0.376|+0.322|+0.223,18,2,7,7
2854,contemporary|popularity|Animation,+0.701|+0.365|+0.271,14,6,7,11
2853,Comedy|popularity|Documentary,+0.840|+0.336|+0.187,10,10,9,7
2852,Horror|Sci-Fi|retro,+0.961|+0.341|+0.258,8,12,1,0
2851,popularity|Animation|Western,+0.387|+0.333|+0.300,16,4,8,5
2850,Adventure|Action|Fantasy,+0.943|+0.365|+0.357,9,11,3,8
2849,popularity|contemporary|Animation,+0.294|+0.256|+0.253,17,3,8,7
2848,Adventure|popularity|Action,+0.677|+0.403|+0.310,12,8,11,11
2847,popularity|Western|Animation,+0.496|+0.252|+0.174,11,9,20,17
2846,Comedy|popularity|Romance,+0.834|+0.387|+0.243,8,12,10,10
2845,Western|War|popularity,+0.919|+0.387|+0.367,15,5,5,4
2844,Crime|popularity|Mystery,+0.846|+0.449|+0.272,6,14,8,6
2843,contemporary|Horror|Sci-Fi,+0.379|+0.319|+0.300,16,4,3,3
2842,retro|popularity|Documentary,+0.537|+0.357|+0.243,13,7,14,16
2841,contemporary|Documentary|niche,+0.912|+0.258|+0.233,8,12,0,5
2840,Action|popularity|Adventure,+0.793|+0.306|+0.276,13,7,4,5
2839,Western|popularity|contemporary,+0.400|+0.358|+0.327,16,4,7,6
2838,popularity|Documentary|classic,+0.466|+0.297|+0.276,12,8,20,20
2837,War|popularity|Western,+0.798|+0.523|+0.242,11,9,14,13
2836,popularity|Western|Animation,+0.426|+0.330|+0.328,17,3,8,7
2835,popularity|Musical|contemporary,+0.374|+0.266|+0.258,11,9,12,6
2834,classic|Musical|Western,+0.752|+0.378|+0.298,10,10,0,4
2833,Animation|contemporary|popularity,+0.464|+0.386|+0.378,12,8,12,8
2832,Mystery|popularity|Crime,+0.741|+0.452|+0.264,14,6,6,3
2831,popularity|Animation|War,+0.713|+0.304|+0.205,10,10,20,20
2830,Action|popularity|Adventure,+0.857|+0.451|+0.296,6,14,15,12
2829,classic|niche|Documentary,+0.447|+0.399|+0.368,10,10,8,16
2828,popularity|retro|Documentary,+0.567|+0.393|+0.300,8,12,20,19
2827,retro|popularity|Sci-Fi,+0.617|+0.480|+0.373,13,7,18,18
2826,classic|niche|Documentary,+0.520|+0.283|+0.268,15,5,2,6
2825,Documentary|popularity|classic,+0.375|+0.327|+0.325,13,7,20,17
2824,popularity|Romance|modern,+0.540|+0.426|+0.322,7,13,16,7
2823,popularity|modern|Comedy,+0.513|+0.503|+0.303,10,10,16,18
2822,contemporary|popularity|Drama,+0.432|+0.332|+0.262,10,10,11,12
2821,contemporary|popularity|Horror,+0.396|+0.370|+0.300,11,9,9,6
2820,contemporary|popularity|modern,+0.360|+0.314|+0.239,16,4,10,11
2819,contemporary|popularity|Horror,+0.752|+0.274|+0.248,10,10,1,10
2818,Comedy|modern|popularity,+0.738|+0.324|+0.210,8,12,1,1
2817,popularity|Sci-Fi|Fantasy,+0.509|+0.485|+0.332,14,6,16,17
2816,Action|popularity|War,+0.750|+0.564|+0.227,4,16,18,14
2815,popularity|contemporary|classic,+0.297|+0.250|+0.220,15,5,5,5
2814,contemporary|popularity|Drama,+0.565|+0.508|+0.224,11,9,10,14
2813,retro|popularity|Documentary,+0.608|+0.360|+0.260,11,9,18,18
2812,Comedy|modern|popularity,+0.815|+0.336|+0.311,7,13,8,8
2811,Documentary|niche|classic,+0.707|+0.491|+0.386,9,11,3,11
2810,Musical|popularity|Animation,+0.512|+0.449|+0.340,4,16,6,1
2809,popularity|Action|retro,+0.496|+0.454|+0.239,11,9,10,2
2808,Sci-Fi|popularity|Fantasy,+0.594|+0.456|+0.282,8,12,15,12
2807,Romance|classic|popularity,+0.438|+0.431|+0.280,12,8,5,10
2806,popularity|contemporary|Animation,+0.664|+0.605|+0.262,15,5,13,13
2805,popularity|retro|classic,+0.384|+0.257|+0.237,2,18,10,3
2804,Romance|popularity|War,+0.813|+0.411|+0.303,3,17,14,8
2803,retro|popularity|Documentary,+0.678|+0.425|+0.227,9,11,10,9
2802,popularity|Drama|retro,+0.628|+0.396|+0.182,4,16,12,5
2801,Western|contemporary|Animation,+0.348|+0.307|+0.306,17,3,7,10
2800,modern|popularity|Thriller,+0.528|+0.500|+0.147,6,14,14,10
2799,Comedy|popularity|Musical,+0.674|+0.479|+0.258,10,10,20,18
2798,Romance|popularity|classic,+0.526|+0.416|+0.312,10,10,9,11
2797,Horror|popularity|retro,+0.809|+0.347|+0.300,10,10,9,5
2796,popularity|Animation|Fantasy,+0.413|+0.203|+0.173,5,15,16,14
2795,Documentary|Fantasy|popularity,+0.943|+0.265|+0.244,15,5,1,2
2794,contemporary|popularity|Mystery,+0.873|+0.366|+0.232,12,8,6,4
2793,Action|Thriller|modern,+0.608|+0.443|+0.325,11,9,4,6
2792,Comedy|popularity|Fantasy,+0.664|+0.602|+0.201,6,14,12,7
2791,Fantasy|classic|Mystery,+0.411|+0.410|+0.364,14,6,5,9
2790,Sci-Fi|popularity|Fantasy,+0.819|+0.377|+0.320,10,10,15,11
2789,Action|popularity|Crime,+0.811|+0.467|+0.250,4,16,18,11
2788,classic|popularity|Drama,+0.428|+0.320|+0.308,6,14,4,7
2787,popularity|Fantasy|retro,+0.650|+0.215|+0.187,6,14,19,13
2786,Mystery|popularity|Crime,+0.766|+0.494|+0.490,11,9,5,4
2785,War|Western|popularity,+0.928|+0.357|+0.325,15,5,8,7
2784,retro|popularity|War,+0.321|+0.247|+0.182,15,5,8,5
2783,Sci-Fi|popularity|Fantasy,+0.749|+0.366|+0.249,8,12,13,8
2782,Comedy|modern|popularity,+0.796|+0.348|+0.252,11,9,5,4
2781,popularity|contemporary|retro,+0.306|+0.249|+0.197,3,17,11,6
2780,popularity|Western|Animation,+0.366|+0.330|+0.304,17,3,8,7
2779,contemporary|popularity|Documentary,+0.797|+0.374|+0.269,12,8,9,11
2778,popularity|Documentary|Drama,+0.514|+0.282|+0.232,5,15,17,14
2777,Comedy|Documentary|modern,+0.562|+0.297|+0.276,15,5,0,0
2776,popularity|Romance|modern,+0.514|+0.484|+0.357,5,15,17,16
2775,Documentary|niche|Drama,+0.386|+0.339|+0.308,16,4,18,19
2774,retro|Musical|Animation,+0.287|+0.226|+0.223,17,3,2,2
2773,contemporary|popularity|Animation,+0.791|+0.424|+0.274,13,7,9,10
2772,contemporary|popularity|Crime,+0.660|+0.529|+0.283,13,7,10,13
2771,Action|Adventure|Sci-Fi,+0.898|+0.293|+0.269,10,10,0,1
2770,popularity|modern|Animation,+0.474|+0.361|+0.347,14,6,18,19
2769,classic|Musical|popularity,+0.534|+0.351|+0.343,14,6,2,1
2768,retro|popularity|Documentary,+0.632|+0.421|+0.192,8,12,19,17
2767,Mystery|Crime|popularity,+0.748|+0.666|+0.411,12,8,5,5
2766,popularity|Musical|Western,+0.556|+0.349|+0.255,8,12,13,10
2765,Adventure|popularity|Action,+0.772|+0.393|+0.340,12,8,10,7
2764,Romance|classic|popularity,+0.603|+0.420|+0.350,7,13,7,8
2763,Thriller|popularity|modern,+0.662|+0.454|+0.277,9,11,8,7
2762,popularity|Romance|Western,+0.329|+0.275|+0.234,18,2,8,6
2761,Comedy|popularity|Musical,+0.868|+0.193|+0.158,7,13,3,3
2760,popularity|Western|Romance,+0.442|+0.265|+0.263,17,3,11,9
2759,contemporary|popularity|Romance,+0.693|+0.522|+0.279,13,7,10,11
2758,Comedy|popularity|Animation,+0.726|+0.583|+0.221,10,10,19,18
2757,classic|Musical|Western,+0.428|+0.298|+0.253,13,7,1,4
2756,contemporary|popularity|Documentary,+0.670|+0.566|+0.266,15,5,7,10
2755,modern|Comedy|popularity,+0.517|+0.400|+0.396,13,7,15,15
2754,Comedy|popularity|Documentary,+0.861|+0.330|+0.174,7,13,10,9
2753,classic|niche|Documentary,+0.484|+0.442|+0.288,12,8,11,19
2752,modern|popularity|Drama,+0.586|+0.322|+0.221,4,16,11,15
2751,retro|popularity|Horror,+0.717|+0.320|+0.297,8,12,7,13
2750,Drama|popularity|War,+0.679|+0.334|+0.195,10,10,13,11
2749,War|Western|popularity,+0.947|+0.371|+0.341,9,11,10,4
2748,contemporary|popularity|Animation,+0.791|+0.406|+0.297,14,6,9,12
2747,Musical|Animation|classic,+0.801|+0.721|+0.363,15,5,6,10
2746,Comedy|popularity|Romance,+0.804|+0.464|+0.339,11,9,14,9
2745,Action|popularity|Adventure,+0.898|+0.375|+0.309,13,7,6,7
2744,popularity|contemporary|Sci-Fi,+0.358|+0.253|+0.238,16,4,17,14
2743,modern|contemporary|Mystery,+0.395|+0.151|+0.151,12,8,1,1
2742,Fantasy|Adventure|Animation,+0.855|+0.368|+0.351,5,15,0,15
2741,popularity|modern|Thriller,+0.537|+0.322|+0.318,14,6,12,9
2740,Action|popularity|modern,+0.752|+0.411|+0.318,11,9,16,17
2739,popularity|Western|Animation,+0.358|+0.287|+0.285,13,7,9,3
2738,Drama|modern|popularity,+0.762|+0.483|+0.252,4,16,1,6
2737,classic|Documentary|Drama,+0.428|+0.381|+0.288,14,6,16,18
2736,Comedy|popularity|retro,+0.775|+0.383|+0.288,9,11,11,12
2735,popularity|Western|Animation,+0.359|+0.309|+0.305,16,4,8,6
2734,popularity|Sci-Fi|Thriller,+0.585|+0.518|+0.263,11,9,17,16
2733,Drama|popularity|War,+0.826|+0.286|+0.191,4,16,8,3
2732,Western|classic|popularity,+0.887|+0.417|+0.377,14,6,4,6
2731,retro|popularity|Sci-Fi,+0.688|+0.245|+0.147,6,14,8,3
2730,popularity|Animation|retro,+0.554|+0.365|+0.188,7,13,11,9
2729,Action|popularity|War,+0.657|+0.512|+0.280,11,9,17,15
2728,popularity|Action|Adventure,+0.487|+0.356|+0.327,16,4,19,20
2727,Animation|Musical|popularity,+0.595|+0.577|+0.451,14,6,9,8
2726,popularity|retro|Drama,+0.491|+0.307|+0.278,2,18,13,9
2725,contemporary|popularity|Crime,+0.626|+0.497|+0.247,12,8,9,11
2724,Romance|popularity|War,+0.567|+0.426|+0.229,14,6,13,11
2723,Comedy|retro|popularity,+0.736|+0.396|+0.197,14,6,0,0
2722,Sci-Fi|popularity|Fantasy,+0.634|+0.481|+0.307,11,9,17,17
2721,Romance|popularity|Musical,+0.862|+0.447|+0.304,7,13,17,8
2720,War|Action|Western,+0.808|+0.448|+0.382,10,10,4,11
2719,classic|Documentary|War,+0.485|+0.322|+0.235,5,15,5,16
2718,Comedy|Fantasy|popularity,+0.461|+0.354|+0.340,10,10,6,5
2716,Adventure|popularity|Action,+0.681|+0.485|+0.343,11,9,16,12
2715,popularity|Action|Western,+0.616|+0.185|+0.184,4,16,14,7
2717,popularity|modern|Drama,+0.557|+0.410|+0.397,6,14,18,18
2714,popularity|contemporary|Sci-Fi,+0.400|+0.321|+0.296,14,6,9,4
2713,Sci-Fi|popularity|Fantasy,+0.702|+0.458|+0.335,8,12,7,2
2712,Action|Adventure|popularity,+0.795|+0.478|+0.314,7,13,3,1
2711,Fantasy|Adventure|popularity,+0.795|+0.434|+0.402,12,8,11,7
2710,contemporary|popularity|Horror,+0.852|+0.300|+0.266,10,10,2,6
2709,popularity|Romance|contemporary,+0.439|+0.438|+0.233,9,11,19,17
2708,Western|popularity|contemporary,+0.400|+0.390|+0.343,17,3,7,6
2707,Romance|popularity|Musical,+0.893|+0.365|+0.334,6,14,6,2
2706,popularity|Romance|Mystery,+0.650|+0.555|+0.239,5,15,18,14
2705,popularity|modern|Drama,+0.656|+0.336|+0.297,10,10,19,19
2704,Drama|popularity|classic,+0.559|+0.345|+0.239,7,13,8,4
2703,classic|Drama|Documentary,+0.492|+0.353|+0.340,11,9,8,15
2702,popularity|Sci-Fi|Fantasy,+0.448|+0.300|+0.269,17,3,20,20
2701,popularity|Crime|contemporary,+0.521|+0.392|+0.312,7,13,19,11
2700,Horror|popularity|retro,+0.907|+0.343|+0.272,4,16,5,4
2699,Drama|popularity|classic,+0.530|+0.462|+0.269,5,15,8,7
2698,Comedy|popularity|Musical,+0.768|+0.319|+0.274,12,8,13,9
2697,popularity|Western|contemporary,+0.394|+0.377|+0.367,17,3,8,7
2696,Mystery|Crime|Thriller,+0.870|+0.331|+0.329,17,3,1,2
2695,popularity|Adventure|classic,+0.459|+0.339|+0.336,11,9,17,19
2694,Horror|contemporary|Sci-Fi,+0.847|+0.341|+0.293,14,6,3,3
2693,Drama|popularity|War,+0.791|+0.272|+0.212,9,11,4,0
2692,Drama|modern|popularity,+0.723|+0.439|+0.336,4,16,3,7
2691,popularity|classic|Adventure,+0.501|+0.327|+0.277,4,16,10,19
2690,Drama|popularity|modern,+0.552|+0.487|+0.413,9,11,15,15
2689,popularity|Animation|retro,+0.723|+0.206|+0.167,2,18,20,14
2688,contemporary|popularity|Animation,+0.798|+0.561|+0.270,10,10,8,7
2687,Crime|popularity|Mystery,+0.880|+0.397|+0.269,4,16,7,6
2686,Animation|popularity|contemporary,+0.262|+0.242|+0.219,18,2,7,6
2685,popularity|contemporary|Mystery,+0.530|+0.438|+0.399,6,14,15,10
2684,Drama|modern|popularity,+0.658|+0.496|+0.310,4,16,7,9
2683,Comedy|modern|popularity,+0.755|+0.366|+0.335,8,12,10,9
2682,popularity|contemporary|Animation,+0.317|+0.271|+0.227,16,4,8,7
2681,Comedy|modern|Documentary,+0.706|+0.350|+0.160,8,12,0,1
2680,Western|contemporary|popularity,+0.389|+0.378|+0.309,17,3,6,6
2679,classic|War|popularity,+0.528|+0.343|+0.316,16,4,3,6
2678,Horror|popularity|Sci-Fi,+0.844|+0.393|+0.301,8,12,7,6
2677,Thriller|popularity|retro,+0.504|+0.386|+0.281,9,11,2,2
2676,Drama|modern|popularity,+0.561|+0.456|+0.327,11,9,13,15
2675,Sci-Fi|popularity|modern,+0.704|+0.387|+0.333,13,7,9,4
2674,popularity|contemporary|Animation,+0.294|+0.278|+0.236,18,2,9,8
2673,popularity|Fantasy|contemporary,+0.271|+0.206|+0.198,16,4,9,8
2672,Romance|popularity|War,+0.752|+0.440|+0.267,8,12,14,11
2671,popularity|contemporary|Sci-Fi,+0.409|+0.325|+0.285,11,9,11,4
2670,popularity|Drama|Documentary,+0.590|+0.353|+0.258,11,9,15,17
2669,contemporary|popularity|Horror,+0.904|+0.321|+0.286,14,6,2,3
2668,Comedy|Musical|Documentary,+0.879|+0.274|+0.186,4,16,2,1
2667,Romance|popularity|War,+0.835|+0.391|+0.261,3,17,11,5
2666,Comedy|popularity|Musical,+0.778|+0.448|+0.228,9,11,20,16
2665,classic|niche|Documentary,+0.607|+0.430|+0.269,7,13,1,8
2664,modern|popularity|Thriller,+0.197|+0.177|+0.139,9,11,8,6
2663,Crime|popularity|Mystery,+0.914|+0.415|+0.302,5,15,7,6
2662,classic|Musical|Western,+0.637|+0.267|+0.258,15,5,1,2
2661,Comedy|popularity|Musical,+0.837|+0.143|+0.142,9,11,1,1
2660,Romance|popularity|Musical,+0.912|+0.355|+0.325,9,11,8,4
2659,Fantasy|popularity|Sci-Fi,+0.709|+0.444|+0.276,17,3,11,11
2658,Comedy|popularity|modern,+0.616|+0.567|+0.359,9,11,17,17
2657,popularity|Fantasy|Animation,+0.727|+0.202|+0.197,12,8,20,18
2656,popularity|Animation|Musical,+0.633|+0.476|+0.232,10,10,8,9
2655,contemporary|popularity|Romance,+0.267|+0.256|+0.205,17,3,7,6
2653,popularity|contemporary|Sci-Fi,+0.540|+0.301|+0.249,11,9,12,7
2652,Comedy|popularity|Musical,+0.795|+0.393|+0.217,9,11,20,16
2651,Adventure|Action|popularity,+0.825|+0.389|+0.371,5,15,13,9
2650,Fantasy|popularity|Sci-Fi,+0.730|+0.553|+0.327,17,3,12,11
2649,Mystery|popularity|Crime,+0.845|+0.363|+0.309,11,9,5,3
2648,popularity|Animation|contemporary,+0.412|+0.406|+0.386,13,7,8,5
2654,modern|popularity|Drama,+0.584|+0.420|+0.202,5,15,14,10
2647,popularity|Horror|Sci-Fi,+0.462|+0.303|+0.143,10,10,11,5
2646,popularity|Fantasy|Sci-Fi,+0.554|+0.232|+0.228,16,4,20,20
2645,Comedy|modern|popularity,+0.798|+0.359|+0.267,5,15,7,4
2644,popularity|Sci-Fi|contemporary,+0.450|+0.274|+0.269,12,8,14,9
2643,Sci-Fi|contemporary|popularity,+0.297|+0.288|+0.284,17,3,6,5
2642,contemporary|popularity|Animation,+0.864|+0.474|+0.266,16,4,6,4
2641,Comedy|popularity|retro,+0.553|+0.380|+0.237,15,5,0,1
2640,popularity|Western|contemporary,+0.456|+0.400|+0.342,16,4,10,10
2639,contemporary|popularity|Animation,+0.815|+0.460|+0.237,14,6,6,5
2638,Thriller|popularity|modern,+0.725|+0.390|+0.317,12,8,10,9
2637,classic|popularity|Mystery,+0.438|+0.415|+0.340,15,5,17,18
2636,popularity|Drama|contemporary,+0.682|+0.410|+0.291,11,9,16,19
2635,contemporary|Horror|Sci-Fi,+0.518|+0.442|+0.254,11,9,0,5
2634,contemporary|popularity|Mystery,+0.885|+0.330|+0.233,12,8,5,4
2633,Western|popularity|contemporary,+0.406|+0.379|+0.335,14,6,9,7
2632,contemporary|popularity|Crime,+0.622|+0.384|+0.261,11,9,5,8
2631,Musical|Mystery|classic,+0.672|+0.576|+0.407,11,9,6,6
2630,contemporary|Western|popularity,+0.402|+0.375|+0.347,16,4,6,6
2629,popularity|retro|Western,+0.621|+0.230|+0.195,3,17,18,8
2628,Romance|retro|popularity,+0.596|+0.569|+0.393,14,6,5,4
2627,Animation|popularity|Fantasy,+0.376|+0.335|+0.325,10,10,8,9
2626,popularity|Western|contemporary,+0.440|+0.403|+0.320,13,7,10,7
2625,Horror|Sci-Fi|Thriller,+0.816|+0.269|+0.197,13,7,0,0
2624,Drama|popularity|War,+0.547|+0.335|+0.240,11,9,9,7
2623,Comedy|modern|Romance,+0.676|+0.409|+0.215,12,8,0,0
2622,Romance|modern|Musical,+0.887|+0.372|+0.275,12,8,5,6
2621,popularity|contemporary|Animation,+0.654|+0.388|+0.230,14,6,19,20
2620,popularity|Animation|retro,+0.802|+0.228|+0.209,5,15,19,19
2619,popularity|modern|Documentary,+0.527|+0.451|+0.218,11,9,18,19
2618,contemporary|popularity|Horror,+0.388|+0.352|+0.351,13,7,3,3
2617,modern|popularity|Drama,+0.538|+0.453|+0.150,4,16,13,10
2616,Drama|popularity|War,+0.698|+0.328|+0.180,6,14,9,8
2615,contemporary|popularity|Thriller,+0.769|+0.507|+0.274,14,6,8,5
2614,War|Western|popularity,+0.964|+0.370|+0.300,7,13,6,4
2613,Comedy|popularity|Musical,+0.724|+0.393|+0.252,11,9,19,16
2612,Crime|popularity|Mystery,+0.849|+0.444|+0.278,6,14,7,7
2611,Western|popularity|contemporary,+0.347|+0.339|+0.335,18,2,7,6
2610,contemporary|popularity|Horror,+0.636|+0.333|+0.324,10,10,4,4
2609,Thriller|contemporary|Mystery,+0.790|+0.361|+0.329,8,12,4,7
2608,retro|popularity|Documentary,+0.586|+0.316|+0.269,11,9,11,8
2607,modern|popularity|Drama,+0.515|+0.507|+0.263,7,13,16,19
2606,Comedy|Documentary|popularity,+0.785|+0.366|+0.356,8,12,17,11
2605,Mystery|Crime|popularity,+0.948|+0.353|+0.337,13,7,3,2
2604,popularity|contemporary|Sci-Fi,+0.521|+0.516|+0.234,15,5,13,14
2603,popularity|modern|Western,+0.642|+0.436|+0.166,2,18,17,17
2602,Drama|popularity|War,+0.544|+0.350|+0.234,9,11,11,9
2600,popularity|Animation|contemporary,+0.274|+0.222|+0.201,18,2,7,6
2599,Animation|Musical|Fantasy,+0.932|+0.452|+0.330,13,7,0,0
2598,popularity|Western|Animation,+0.659|+0.260|+0.247,11,9,19,19
2597,popularity|Drama|Romance,+0.420|+0.395|+0.342,4,16,4,0
2601,classic|Documentary|niche,+0.417|+0.379|+0.345,14,6,15,18
2596,Mystery|popularity|modern,+0.768|+0.381|+0.361,10,10,4,2
2595,Mystery|popularity|Sci-Fi,+0.551|+0.430|+0.332,10,10,6,4
2594,contemporary|popularity|Animation,+0.809|+0.563|+0.267,14,6,9,7
2593,modern|popularity|Documentary,+0.440|+0.372|+0.355,15,5,16,16
2592,War|Western|classic,+0.894|+0.441|+0.327,11,9,2,4
2591,popularity|Sci-Fi|Animation,+0.668|+0.278|+0.265,11,9,20,19
2590,retro|Drama|popularity,+0.593|+0.523|+0.323,7,13,7,9
2589,Thriller|popularity|Mystery,+0.523|+0.450|+0.320,16,4,19,18
2588,Comedy|modern|popularity,+0.807|+0.352|+0.313,9,11,10,8
2587,popularity|Action|Crime,+0.593|+0.267|+0.143,1,19,19,8
2586,popularity|Documentary|classic,+0.392|+0.308|+0.297,11,9,16,17
2584,Drama|modern|contemporary,+0.561|+0.474|+0.436,9,11,11,15
2585,popularity|modern|Drama,+0.607|+0.409|+0.283,9,11,16,19
2583,Comedy|popularity|Musical,+0.659|+0.461|+0.270,12,8,16,14
2582,Comedy|popularity|Musical,+0.668|+0.390|+0.266,14,6,18,15
2581,Mystery|Thriller|classic,+0.834|+0.518|+0.401,13,7,2,4
2580,Comedy|popularity|Musical,+0.917|+0.269|+0.177,5,15,8,5
2579,popularity|classic|Documentary,+0.405|+0.364|+0.329,5,15,15,18
2578,Thriller|popularity|modern,+0.700|+0.428|+0.345,6,14,13,11
2577,contemporary|popularity|modern,+0.675|+0.441|+0.219,13,7,12,11
2576,Action|Adventure|Fantasy,+0.755|+0.356|+0.257,12,8,0,1
2575,Crime|popularity|Documentary,+0.591|+0.479|+0.233,10,10,16,18
2574,popularity|Sci-Fi|War,+0.413|+0.377|+0.305,14,6,15,16
2573,War|popularity|Western,+0.946|+0.392|+0.335,8,12,9,5
2572,Horror|popularity|retro,+0.807|+0.412|+0.304,10,10,9,6
2571,Animation|Fantasy|Musical,+0.645|+0.487|+0.445,10,10,0,0
2570,popularity|Drama|modern,+0.449|+0.437|+0.436,10,10,17,19
2569,contemporary|Horror|Sci-Fi,+0.412|+0.315|+0.293,15,5,3,4
2568,Fantasy|popularity|Sci-Fi,+0.751|+0.474|+0.360,12,8,13,13
2567,Western|popularity|War,+0.639|+0.372|+0.323,11,9,5,10
2566,popularity|retro|Western,+0.692|+0.170|+0.166,4,16,18,8
2565,contemporary|popularity|Animation,+0.841|+0.509|+0.228,10,10,6,8
2564,contemporary|popularity|War,+0.781|+0.441|+0.242,12,8,7,5
2563,Drama|modern|popularity,+0.629|+0.488|+0.357,10,10,14,14
2562,Animation|Musical|Fantasy,+0.913|+0.524|+0.398,15,5,0,0
2561,Comedy|popularity|Musical,+0.790|+0.395|+0.237,8,12,13,12
2560,Drama|modern|popularity,+0.675|+0.421|+0.397,9,11,9,9
2559,Sci-Fi|popularity|modern,+0.687|+0.352|+0.343,14,6,9,5
2558,Fantasy|Adventure|Animation,+0.832|+0.390|+0.346,10,10,1,11
2557,modern|Drama|popularity,+0.637|+0.408|+0.361,9,11,12,16
2556,popularity|Documentary|Crime,+0.342|+0.334|+0.279,6,14,16,13
2555,popularity|Fantasy|retro,+0.603|+0.395|+0.261,4,16,14,12
2554,contemporary|popularity|Drama,+0.624|+0.471|+0.276,10,10,9,12
2553,Thriller|popularity|Mystery,+0.811|+0.505|+0.380,6,14,11,8
2552,retro|popularity|Fantasy,+0.675|+0.386|+0.209,11,9,9,3
2551,popularity|Romance|contemporary,+0.304|+0.264|+0.260,19,1,5,5
2550,Western|classic|War,+0.862|+0.371|+0.344,17,3,5,5
2549,Adventure|Action|popularity,+0.720|+0.493|+0.421,12,8,14,12
2548,Western|popularity|contemporary,+0.400|+0.382|+0.348,14,6,9,7
2547,popularity|Documentary|Romance,+0.365|+0.261|+0.240,9,11,14,9
2546,contemporary|popularity|Documentary,+0.785|+0.434|+0.257,13,7,9,10
2545,retro|popularity|Documentary,+0.579|+0.339|+0.242,12,8,14,11
2544,Horror|popularity|Fantasy,+0.588|+0.371|+0.334,9,11,8,5
2543,popularity|Drama|Western,+0.607|+0.318|+0.243,11,9,14,16
2542,popularity|contemporary|Sci-Fi,+0.366|+0.316|+0.305,13,7,8,4
2541,Romance|modern|popularity,+0.603|+0.301|+0.282,16,4,0,0
2540,modern|Thriller|Romance,+0.548|+0.145|+0.073,10,10,3,3
2539,Action|popularity|Crime,+0.791|+0.452|+0.235,9,11,15,10
2538,Adventure|popularity|Action,+0.861|+0.385|+0.366,7,13,13,9
2537,popularity|retro|Drama,+0.435|+0.191|+0.152,4,16,16,4
2535,Drama|popularity|classic,+0.599|+0.350|+0.260,4,16,6,6
2536,Comedy|modern|popularity,+0.788|+0.364|+0.194,9,11,3,1
2534,Comedy|Musical|popularity,+0.685|+0.273|+0.271,10,10,12,7
2533,Romance|modern|Musical,+0.715|+0.403|+0.247,9,11,0,0
2532,Drama|popularity|classic,+0.779|+0.301|+0.251,4,16,6,1
2531,Romance|popularity|Musical,+0.792|+0.355|+0.282,9,11,9,6
2530,popularity|contemporary|Animation,+0.330|+0.258|+0.229,16,4,10,7
2529,Comedy|Fantasy|contemporary,+0.686|+0.214|+0.214,15,5,0,1
2528,contemporary|popularity|Animation,+0.317|+0.284|+0.241,16,4,8,6
2527,Action|popularity|Western,+0.595|+0.453|+0.278,13,7,17,15
2526,Sci-Fi|Horror|Adventure,+0.716|+0.307|+0.284,17,3,1,1
2525,Comedy|popularity|Musical,+0.858|+0.385|+0.214,6,14,16,13
2524,Thriller|popularity|classic,+0.482|+0.472|+0.414,9,11,9,16
2523,Fantasy|Adventure|popularity,+0.903|+0.398|+0.352,10,10,6,8
2522,Action|Adventure|popularity,+0.753|+0.339|+0.336,12,8,1,1
2521,popularity|Comedy|Musical,+0.674|+0.569|+0.229,11,9,19,19
2520,Mystery|Crime|Fantasy,+0.662|+0.394|+0.355,14,6,11,15
2519,Musical|Animation|classic,+0.947|+0.568|+0.372,10,10,4,5
2518,Adventure|popularity|Action,+0.612|+0.596|+0.214,5,15,19,12
2517,contemporary|popularity|Animation,+0.859|+0.391|+0.238,10,10,5,3
2516,Comedy|popularity|modern,+0.688|+0.478|+0.361,12,8,15,13
2515,popularity|Romance|Mystery,+0.634|+0.310|+0.162,5,15,17,7
2514,Mystery|classic|Thriller,+0.690|+0.362|+0.328,13,7,3,8
2513,Comedy|popularity|Musical,+0.825|+0.338|+0.219,9,11,12,9
2512,Drama|popularity|classic,+0.534|+0.343|+0.318,6,14,6,10
2511,retro|popularity|Documentary,+0.593|+0.441|+0.211,7,13,17,17
2510,Fantasy|Adventure|Animation,+0.938|+0.377|+0.356,15,5,4,8
2509,Action|popularity|War,+0.646|+0.404|+0.262,11,9,16,16
2508,contemporary|popularity|Animation,+0.715|+0.447|+0.333,11,9,9,8
2507,popularity|Action|Drama,+0.395|+0.354|+0.295,15,5,16,17
2506,contemporary|popularity|Drama,+0.643|+0.411|+0.305,7,13,9,12
2505,popularity|Animation|Western,+0.812|+0.220|+0.187,1,19,18,16
2504,contemporary|popularity|Sci-Fi,+0.759|+0.419|+0.258,14,6,7,8
2503,retro|Fantasy|popularity,+0.615|+0.281|+0.270,14,6,0,0
2502,popularity|Musical|modern,+0.418|+0.257|+0.225,17,3,11,10
2501,popularity|classic|Documentary,+0.389|+0.376|+0.345,10,10,18,19
2500,War|Western|Fantasy,+0.711|+0.493|+0.366,12,8,8,11
2499,Western|contemporary|popularity,+0.414|+0.334|+0.327,16,4,7,5
2498,Western|War|classic,+0.945|+0.386|+0.380,16,4,3,5
2497,popularity|War|Fantasy,+0.255|+0.208|+0.172,10,10,11,9
2496,retro|popularity|Horror,+0.402|+0.387|+0.362,12,8,10,10
2495,popularity|Animation|modern,+0.500|+0.420|+0.358,11,9,16,14
2494,Mystery|popularity|Crime,+0.773|+0.386|+0.290,12,8,2,1
2493,Sci-Fi|popularity|Fantasy,+0.619|+0.440|+0.262,11,9,18,15
2492,popularity|modern|Documentary,+0.516|+0.343|+0.302,14,6,20,20
2491,Adventure|Action|popularity,+0.885|+0.376|+0.321,8,12,10,7
2490,popularity|contemporary|Sci-Fi,+0.415|+0.284|+0.267,11,9,14,7
2489,modern|contemporary|popularity,+0.453|+0.422|+0.269,13,7,11,11
2488,Drama|popularity|War,+0.642|+0.387|+0.243,8,12,17,15
2487,Western|popularity|War,+0.907|+0.398|+0.395,12,8,5,4
2486,Comedy|popularity|Musical,+0.816|+0.354|+0.206,9,11,17,15
2485,Drama|popularity|modern,+0.494|+0.338|+0.335,13,7,6,6
2484,Horror|popularity|retro,+0.490|+0.339|+0.298,9,11,1,0
2483,classic|Animation|Musical,+0.338|+0.257|+0.245,18,2,8,8
2482,popularity|contemporary|Mystery,+0.558|+0.501|+0.229,12,8,14,12
2481,Comedy|popularity|Musical,+0.767|+0.421|+0.206,7,13,15,10
2480,popularity|Musical|contemporary,+0.383|+0.333|+0.329,12,8,11,9
2479,Horror|popularity|Sci-Fi,+0.877|+0.386|+0.311,4,16,10,3
2478,popularity|retro|classic,+0.340|+0.288|+0.270,13,7,8,4
2476,Drama|popularity|War,+0.638|+0.260|+0.216,9,11,5,3
2477,classic|popularity|Musical,+0.469|+0.362|+0.321,3,17,9,14
2475,Horror|popularity|Sci-Fi,+0.820|+0.320|+0.284,10,10,9,5
2474,Thriller|popularity|Crime,+0.652|+0.550|+0.266,5,15,15,11
2473,contemporary|popularity|Sci-Fi,+0.387|+0.310|+0.301,16,4,3,3
2472,popularity|Romance|Musical,+0.287|+0.281|+0.261,17,3,3,1
2471,Romance|popularity|Musical,+0.694|+0.407|+0.310,9,11,10,8
2470,Adventure|Fantasy|modern,+0.590|+0.471|+0.396,11,9,7,15
2469,Action|popularity|War,+0.629|+0.433|+0.223,12,8,18,15
2468,retro|Musical|Animation,+0.323|+0.317|+0.283,16,4,2,1
2467,popularity|Animation|Sci-Fi,+0.472|+0.274|+0.189,14,6,10,7
2466,Documentary|popularity|Crime,+0.933|+0.269|+0.254,16,4,1,1
2465,Romance|Mystery|popularity,+0.309|+0.305|+0.304,17,3,4,3
2464,Romance|retro|popularity,+0.649|+0.567|+0.403,13,7,5,4
2462,popularity|Sci-Fi|Fantasy,+0.616|+0.543|+0.357,11,9,18,14
2463,contemporary|retro|Action,+0.597|+0.531|+0.392,10,10,1,4
2461,contemporary|popularity|Mystery,+0.820|+0.466|+0.240,14,6,7,6
2460,popularity|Western|Animation,+0.442|+0.426|+0.307,13,7,14,12
2459,modern|popularity|Thriller,+0.587|+0.343|+0.139,6,14,10,7
2458,Comedy|retro|popularity,+0.707|+0.465|+0.252,12,8,8,8
2457,Musical|popularity|classic,+0.719|+0.352|+0.348,12,8,6,7
2456,retro|Horror|Fantasy,+0.665|+0.247|+0.200,11,9,0,0
2455,Animation|Musical|Fantasy,+0.955|+0.486|+0.300,14,6,2,3
2454,contemporary|popularity|Comedy,+0.665|+0.565|+0.344,8,12,3,4
2453,Horror|Sci-Fi|popularity,+0.930|+0.285|+0.275,8,12,2,0
2452,Thriller|popularity|modern,+0.771|+0.392|+0.368,8,12,8,6
2451,popularity|retro|Adventure,+0.462|+0.458|+0.164,9,11,8,6
2450,Drama|popularity|modern,+0.652|+0.468|+0.394,7,13,11,8
2449,popularity|Sci-Fi|Musical,+0.505|+0.240|+0.237,9,11,20,15
2448,popularity|Animation|retro,+0.633|+0.277|+0.239,5,15,18,14
2447,Comedy|retro|Fantasy,+0.654|+0.401|+0.203,13,7,0,0
2446,contemporary|popularity|Crime,+0.746|+0.433|+0.227,8,12,6,10
2445,Action|Adventure|Fantasy,+0.617|+0.289|+0.276,13,7,0,1
2444,Fantasy|Animation|Adventure,+0.579|+0.520|+0.434,13,7,0,0
2443,Comedy|popularity|modern,+0.756|+0.358|+0.277,10,10,7,2
2442,Musical|classic|Animation,+0.913|+0.485|+0.434,12,8,1,3
2441,Mystery|Crime|Thriller,+0.876|+0.341|+0.322,16,4,2,2
2440,contemporary|Animation|popularity,+0.257|+0.253|+0.216,19,1,7,8
2439,contemporary|Horror|Sci-Fi,+0.464|+0.419|+0.253,12,8,1,5
2438,popularity|retro|Documentary,+0.583|+0.312|+0.242,8,12,17,17
2436,Drama|modern|popularity,+0.697|+0.385|+0.373,12,8,2,4
2435,Comedy|popularity|Animation,+0.738|+0.480|+0.210,10,10,20,18
2437,contemporary|popularity|Horror,+0.713|+0.517|+0.229,13,7,5,5
2433,Musical|popularity|Animation,+0.757|+0.494|+0.366,13,7,10,6
2431,popularity|Drama|Documentary,+0.569|+0.312|+0.250,11,9,20,20
2430,popularity|Comedy|retro,+0.575|+0.563|+0.432,9,11,12,17
2434,popularity|retro|Romance,+0.675|+0.433|+0.356,13,7,19,19
2432,popularity|Action|Sci-Fi,+0.726|+0.525|+0.304,2,18,20,14
2429,popularity|Drama|retro,+0.487|+0.296|+0.237,6,14,7,3
2428,Comedy|popularity|Musical,+0.774|+0.401|+0.273,8,12,18,11
2427,popularity|contemporary|Romance,+0.597|+0.473|+0.371,10,10,15,19
2426,Drama|popularity|classic,+0.533|+0.299|+0.252,12,8,6,7
2424,popularity|contemporary|Sci-Fi,+0.518|+0.299|+0.280,15,5,17,17
2423,Mystery|Thriller|popularity,+0.439|+0.410|+0.377,16,4,10,11
2422,Comedy|popularity|Musical,+0.777|+0.509|+0.229,7,13,20,16
2421,Crime|popularity|Mystery,+0.856|+0.407|+0.250,10,10,10,9
2420,popularity|contemporary|Sci-Fi,+0.473|+0.238|+0.227,15,5,20,17
2425,War|popularity|retro,+0.747|+0.471|+0.380,11,9,8,11
2419,Documentary|contemporary|popularity,+0.714|+0.472|+0.434,12,8,5,12
2418,Comedy|modern|popularity,+0.774|+0.382|+0.242,10,10,5,2
2417,Comedy|popularity|Musical,+0.762|+0.445|+0.255,10,10,19,14
2415,contemporary|popularity|Sci-Fi,+0.685|+0.394|+0.269,15,5,7,6
2416,Thriller|popularity|Horror,+0.481|+0.411|+0.330,11,9,18,14
2414,Fantasy|popularity|Sci-Fi,+0.745|+0.475|+0.291,11,9,6,2
2413,Crime|retro|Action,+0.749|+0.483|+0.315,13,7,6,11
2412,Action|Adventure|Sci-Fi,+0.630|+0.296|+0.278,16,4,1,1
2411,Comedy|popularity|Musical,+0.862|+0.283|+0.176,6,14,8,7
2410,Drama|popularity|War,+0.795|+0.260|+0.174,3,17,4,1
2409,Romance|popularity|War,+0.538|+0.508|+0.404,10,10,14,13
2408,Thriller|Mystery|popularity,+0.879|+0.302|+0.277,7,13,4,4
2407,Animation|Comedy|Musical,+0.572|+0.472|+0.326,14,6,9,5
2406,retro|popularity|War,+0.337|+0.263|+0.186,15,5,8,5
2405,Adventure|popularity|classic,+0.705|+0.406|+0.333,12,8,7,14
2404,Western|popularity|War,+0.888|+0.358|+0.348,17,3,3,5
2403,Comedy|popularity|Musical,+0.615|+0.471|+0.247,14,6,19,18
2402,retro|Fantasy|Horror,+0.595|+0.280|+0.236,16,4,0,3
2401,Action|popularity|Sci-Fi,+0.750|+0.460|+0.240,5,15,20,12
2400,Action|popularity|War,+0.542|+0.448|+0.253,12,8,18,17
2399,popularity|contemporary|Musical,+0.394|+0.303|+0.275,13,7,15,10
2398,Comedy|popularity|modern,+0.602|+0.470|+0.396,9,11,18,14
2397,classic|popularity|Documentary,+0.443|+0.350|+0.335,6,14,12,17
2396,modern|popularity|Documentary,+0.498|+0.434|+0.231,7,13,19,17
2395,Crime|popularity|Action,+0.788|+0.500|+0.256,10,10,12,8
2394,Horror|popularity|retro,+0.756|+0.397|+0.312,12,8,7,7
2393,Animation|popularity|modern,+0.613|+0.461|+0.371,14,6,8,9
2392,Western|popularity|Animation,+0.343|+0.335|+0.321,16,4,7,6
2391,Thriller|popularity|Crime,+0.701|+0.452|+0.348,11,9,12,10
2390,contemporary|popularity|Animation,+0.868|+0.376|+0.240,14,6,5,4
2389,popularity|Animation|Crime,+0.574|+0.211|+0.185,1,19,19,14
2388,Action|popularity|War,+0.735|+0.488|+0.266,10,10,16,11
2387,modern|popularity|Documentary,+0.514|+0.514|+0.197,6,14,17,15
2386,Action|popularity|modern,+0.703|+0.496|+0.255,10,10,20,20
2385,Drama|popularity|War,+0.576|+0.399|+0.217,8,12,12,10
2384,popularity|modern|Drama,+0.592|+0.340|+0.236,12,8,20,20
2383,Romance|Musical|popularity,+0.810|+0.353|+0.346,7,13,5,0
2382,popularity|Documentary|contemporary,+0.384|+0.319|+0.292,16,4,18,19
2381,popularity|contemporary|Musical,+0.367|+0.291|+0.251,16,4,10,13
2380,popularity|classic|Musical,+0.580|+0.474|+0.439,10,10,7,7
2378,popularity|modern|Drama,+0.534|+0.511|+0.212,4,16,19,17
2379,popularity|Animation|retro,+0.747|+0.292|+0.204,9,11,20,20
2377,Action|popularity|War,+0.761|+0.494|+0.231,8,12,17,12
2376,Mystery|popularity|retro,+0.466|+0.462|+0.267,6,14,7,4
2375,contemporary|Horror|popularity,+0.382|+0.382|+0.325,13,7,3,3
2374,Action|popularity|Adventure,+0.897|+0.309|+0.284,10,10,5,5
2373,classic|Fantasy|Mystery,+0.411|+0.392|+0.321,16,4,5,8
2372,Comedy|popularity|modern,+0.699|+0.403|+0.399,10,10,15,12
2371,Action|popularity|modern,+0.765|+0.387|+0.311,10,10,11,12
2370,popularity|classic|retro,+0.507|+0.312|+0.256,10,10,17,17
2369,Thriller|popularity|Mystery,+0.803|+0.460|+0.283,4,16,15,8
2368,Drama|modern|Romance,+0.468|+0.229|+0.205,12,8,0,0
2367,Comedy|popularity|modern,+0.665|+0.506|+0.348,11,9,15,13
2366,Action|popularity|modern,+0.809|+0.361|+0.274,11,9,10,11
2365,Action|retro|popularity,+0.631|+0.473|+0.408,6,14,15,13
2364,Musical|classic|Animation,+0.860|+0.425|+0.419,15,5,4,6
2363,Sci-Fi|popularity|Horror,+0.535|+0.426|+0.422,17,3,14,14
2362,contemporary|popularity|Crime,+0.631|+0.563|+0.236,10,10,8,13
2361,Comedy|retro|Documentary,+0.698|+0.437|+0.210,17,3,0,0
2360,popularity|Action|Comedy,+0.686|+0.276|+0.270,9,11,20,18
2359,popularity|contemporary|Animation,+0.337|+0.324|+0.309,15,5,7,7
2358,Drama|modern|popularity,+0.428|+0.372|+0.353,14,6,18,17
2357,contemporary|popularity|Horror,+0.835|+0.315|+0.287,12,8,1,6
2356,classic|Western|popularity,+0.431|+0.305|+0.287,11,9,5,2
2354,Sci-Fi|popularity|Fantasy,+0.823|+0.342|+0.301,8,12,15,10
2355,popularity|Musical|classic,+0.498|+0.245|+0.242,10,10,8,8
2352,Horror|contemporary|Mystery,+0.744|+0.248|+0.221,12,8,0,0
2353,Western|popularity|War,+0.861|+0.396|+0.298,17,3,4,3
2351,retro|popularity|Western,+0.320|+0.258|+0.162,13,7,6,3
2350,popularity|Thriller|Animation,+0.529|+0.445|+0.354,13,7,17,14
2348,retro|Western|popularity,+0.310|+0.196|+0.196,13,7,2,3
2349,retro|Drama|popularity,+0.608|+0.595|+0.283,7,13,4,3
2347,Action|popularity|Adventure,+0.733|+0.636|+0.259,5,15,19,10
2346,Action|Adventure|popularity,+0.848|+0.331|+0.323,11,9,7,6
2345,popularity|contemporary|Animation,+0.605|+0.519|+0.288,9,11,20,19
2344,Comedy|popularity|Musical,+0.821|+0.462|+0.188,5,15,12,12
2342,Action|popularity|Sci-Fi,+0.774|+0.452|+0.289,7,13,19,13
2343,Musical|classic|Animation,+0.917|+0.488|+0.425,13,7,1,1
2341,Comedy|popularity|modern,+0.471|+0.459|+0.409,10,10,18,16
2340,Drama|popularity|retro,+0.602|+0.359|+0.315,11,9,8,9
2339,Romance|popularity|Musical,+0.883|+0.437|+0.274,5,15,16,6
2338,Thriller|classic|popularity,+0.602|+0.311|+0.310,11,9,6,8
2337,Action|popularity|modern,+0.760|+0.409|+0.299,13,7,12,10
2336,Western|War|popularity,+0.949|+0.379|+0.376,14,6,4,4
2335,Adventure|popularity|classic,+0.637|+0.375|+0.355,11,9,7,12
2334,Romance|popularity|Musical,+0.572|+0.419|+0.244,7,13,10,4
2333,Comedy|modern|popularity,+0.769|+0.350|+0.262,9,11,5,3
2332,classic|popularity|Western,+0.494|+0.332|+0.313,10,10,8,9
2331,popularity|Documentary|classic,+0.435|+0.349|+0.312,11,9,20,19
2330,Horror|popularity|retro,+0.813|+0.385|+0.297,8,12,6,6
2329,classic|Musical|Western,+0.672|+0.302|+0.271,14,6,0,0
2328,Horror|contemporary|Sci-Fi,+0.441|+0.419|+0.347,16,4,2,1
2327,contemporary|popularity|Animation,+0.470|+0.356|+0.257,17,3,7,7
2326,contemporary|popularity|Animation,+0.873|+0.445|+0.258,14,6,6,4
2325,popularity|contemporary|Mystery,+0.372|+0.286|+0.266,14,6,9,5
2324,Drama|popularity|War,+0.700|+0.343|+0.202,7,13,13,7
2323,retro|Musical|Horror,+0.300|+0.221|+0.200,15,5,0,0
2322,popularity|modern|Drama,+0.584|+0.471|+0.179,3,17,14,15
2321,contemporary|popularity|Animation,+0.793|+0.564|+0.266,11,9,6,6
2320,Comedy|modern|Romance,+0.769|+0.367|+0.133,10,10,0,1
2319,contemporary|popularity|Drama,+0.615|+0.524|+0.223,13,7,11,11
2318,popularity|Animation|Musical,+0.253|+0.250|+0.173,16,4,8,8
2317,Western|popularity|contemporary,+0.397|+0.344|+0.342,15,5,7,6
2316,contemporary|popularity|Animation,+0.882|+0.503|+0.242,12,8,6,6
2315,Animation|Musical|popularity,+0.361|+0.273|+0.260,13,7,8,8
2314,popularity|Western|contemporary,+0.384|+0.367|+0.333,19,1,7,7
2313,Sci-Fi|Fantasy|popularity,+0.824|+0.355|+0.330,9,11,17,8
2312,retro|Sci-Fi|Fantasy,+0.559|+0.519|+0.353,11,9,8,13
2311,popularity|contemporary|Sci-Fi,+0.424|+0.350|+0.277,14,6,11,5
2310,Animation|popularity|Musical,+0.733|+0.422|+0.321,11,9,10,12
2309,Drama|popularity|War,+0.745|+0.365|+0.179,4,16,9,3
2308,Fantasy|Adventure|Animation,+0.930|+0.364|+0.325,12,8,3,8
2307,popularity|contemporary|Animation,+0.409|+0.320|+0.298,16,4,9,7
2306,Drama|popularity|War,+0.420|+0.395|+0.385,15,5,11,8
2305,Comedy|modern|popularity,+0.812|+0.338|+0.236,7,13,6,8
2304,Romance|Comedy|modern,+0.338|+0.254|+0.232,18,2,7,6
2303,Comedy|popularity|Crime,+0.649|+0.597|+0.180,5,15,16,15
2302,popularity|classic|retro,+0.563|+0.283|+0.265,10,10,14,17
2301,retro|Drama|popularity,+0.616|+0.558|+0.214,11,9,0,0
2300,War|popularity|Western,+0.687|+0.474|+0.322,16,4,14,13
2299,Sci-Fi|Fantasy|popularity,+0.570|+0.297|+0.290,18,2,1,1
2298,contemporary|Horror|Sci-Fi,+0.398|+0.293|+0.290,15,5,3,4
2297,popularity|contemporary|classic,+0.406|+0.251|+0.219,15,5,11,9
2296,popularity|Comedy|modern,+0.534|+0.521|+0.314,14,6,18,19
2295,Animation|popularity|Musical,+0.319|+0.275|+0.226,14,6,9,7
2294,popularity|Musical|classic,+0.559|+0.345|+0.305,9,11,8,5
2293,Western|classic|War,+0.965|+0.386|+0.384,12,8,3,6
2292,popularity|Crime|Fantasy,+0.516|+0.311|+0.293,10,10,20,18
2291,Adventure|Fantasy|Action,+0.850|+0.385|+0.370,5,15,2,13
2290,Drama|popularity|modern,+0.640|+0.457|+0.431,7,13,11,9
2289,popularity|Crime|Mystery,+0.597|+0.514|+0.220,16,4,18,18
2288,contemporary|popularity|Sci-Fi,+0.792|+0.505|+0.306,9,11,7,6
2287,War|Western|popularity,+0.943|+0.361|+0.339,10,10,8,4
2286,Comedy|popularity|contemporary,+0.410|+0.406|+0.378,13,7,5,4
2285,popularity|modern|Drama,+0.632|+0.479|+0.234,7,13,18,17
2284,Sci-Fi|popularity|Fantasy,+0.773|+0.408|+0.285,7,13,13,10
2283,Western|popularity|Animation,+0.341|+0.311|+0.292,16,4,7,7
2282,popularity|contemporary|Animation,+0.455|+0.397|+0.190,15,5,11,8
2281,classic|popularity|Musical,+0.431|+0.392|+0.330,7,13,13,15
2280,Drama|modern|popularity,+0.682|+0.493|+0.283,5,15,4,9
2279,retro|Horror|Fantasy,+0.561|+0.284|+0.205,17,3,0,0
2278,Western|popularity|contemporary,+0.402|+0.346|+0.312,18,2,8,7
2277,Comedy|popularity|modern,+0.756|+0.395|+0.360,10,10,12,7
2276,Crime|popularity|Mystery,+0.944|+0.315|+0.310,8,12,3,4
2275,contemporary|popularity|Crime,+0.574|+0.472|+0.266,11,9,7,13
2274,Sci-Fi|popularity|Fantasy,+0.494|+0.391|+0.309,15,5,20,17
2273,popularity|Western|Animation,+0.588|+0.334|+0.325,6,14,16,13
2272,contemporary|popularity|Thriller,+0.794|+0.389|+0.248,7,13,6,6
2271,classic|popularity|Western,+0.570|+0.306|+0.294,9,11,6,5
2270,Sci-Fi|popularity|Action,+0.694|+0.639|+0.363,9,11,20,14
2269,popularity|Animation|contemporary,+0.302|+0.284|+0.243,16,4,10,6
2268,Comedy|popularity|modern,+0.787|+0.383|+0.375,10,10,10,10
2267,Drama|retro|popularity,+0.607|+0.590|+0.282,8,12,5,5
2266,Musical|modern|popularity,+0.587|+0.535|+0.342,9,11,4,7
2265,Adventure|Fantasy|Action,+0.913|+0.336|+0.305,10,10,0,2
2264,Action|popularity|Thriller,+0.534|+0.527|+0.324,14,6,19,19
2263,Comedy|popularity|Documentary,+0.838|+0.329|+0.176,6,14,10,8
2262,Thriller|popularity|Mystery,+0.591|+0.493|+0.266,13,7,17,17
2261,popularity|contemporary|Western,+0.385|+0.373|+0.365,12,8,10,7
2260,Comedy|popularity|modern,+0.713|+0.465|+0.347,9,11,18,16
2259,popularity|classic|Drama,+0.364|+0.235|+0.212,10,10,13,12
2258,modern|popularity|Comedy,+0.553|+0.384|+0.311,9,11,16,13
2257,Romance|popularity|Musical,+0.855|+0.457|+0.260,6,14,15,8
2256,Adventure|Action|modern,+0.783|+0.367|+0.358,10,10,10,13
2255,Comedy|popularity|Musical,+0.723|+0.487|+0.238,9,11,19,18
2254,Action|popularity|Sci-Fi,+0.831|+0.399|+0.259,5,15,14,10
2253,Adventure|Fantasy|Action,+0.906|+0.411|+0.361,6,14,3,10
2252,popularity|Fantasy|Mystery,+0.285|+0.266|+0.263,14,6,3,3
2250,contemporary|Animation|popularity,+0.596|+0.475|+0.473,11,9,8,9
2251,Horror|contemporary|retro,+0.255|+0.221|+0.218,15,5,0,0
2248,Comedy|popularity|Musical,+0.569|+0.358|+0.282,12,8,15,13
2246,Drama|popularity|Documentary,+0.582|+0.436|+0.202,8,12,8,5
2244,contemporary|niche|Horror,+0.590|+0.228|+0.170,8,12,4,8
2243,popularity|classic|Documentary,+0.424|+0.357|+0.308,8,12,15,18
2242,popularity|Adventure|Fantasy,+0.604|+0.597|+0.345,5,15,15,12
2249,popularity|Animation|Musical,+0.271|+0.270|+0.160,13,7,9,6
2245,contemporary|popularity|Animation,+0.912|+0.329|+0.265,14,6,3,4
2241,classic|Musical|Western,+0.564|+0.410|+0.354,12,8,0,6
2240,popularity|Musical|contemporary,+0.552|+0.289|+0.243,14,6,18,15
2239,contemporary|popularity|Sci-Fi,+0.593|+0.584|+0.247,12,8,7,12
2238,Drama|modern|popularity,+0.757|+0.514|+0.264,8,12,5,7
2237,Drama|retro|popularity,+0.420|+0.371|+0.243,16,4,1,1
2235,Drama|modern|popularity,+0.693|+0.439|+0.398,6,14,5,8
2236,contemporary|Horror|Animation,+0.911|+0.257|+0.241,15,5,1,1
2234,Mystery|popularity|Thriller,+0.758|+0.363|+0.359,7,13,3,1
2233,Drama|popularity|War,+0.781|+0.279|+0.156,6,14,1,1
2232,contemporary|popularity|Crime,+0.939|+0.366|+0.255,7,13,5,7
2231,popularity|Musical|contemporary,+0.349|+0.284|+0.281,15,5,12,10
2230,Drama|modern|Romance,+0.479|+0.469|+0.231,14,6,0,0
2229,Comedy|popularity|modern,+0.801|+0.367|+0.340,9,11,10,9
2228,Action|popularity|modern,+0.823|+0.356|+0.271,11,9,10,13
2227,Action|popularity|Crime,+0.773|+0.527|+0.242,3,17,15,9
2226,Comedy|popularity|modern,+0.683|+0.505|+0.352,11,9,14,12
2224,Animation|Musical|popularity,+0.872|+0.414|+0.388,11,9,6,4
2225,niche|classic|Documentary,+0.393|+0.363|+0.248,8,12,6,14
2223,modern|Fantasy|contemporary,+0.436|+0.132|+0.119,14,6,1,1
2222,Animation|popularity|contemporary,+0.669|+0.481|+0.465,7,13,11,10
2221,modern|popularity|Drama,+0.546|+0.395|+0.241,8,12,16,14
2220,Comedy|popularity|Musical,+0.676|+0.475|+0.289,13,7,20,19
2219,contemporary|popularity|Drama,+0.603|+0.445|+0.270,13,7,11,13
2218,classic|Mystery|Fantasy,+0.477|+0.328|+0.290,15,5,5,8
2217,Horror|contemporary|popularity,+0.447|+0.419|+0.239,14,6,0,1
2216,contemporary|popularity|Action,+0.297|+0.247|+0.194,18,2,3,3
2215,retro|popularity|Thriller,+0.570|+0.448|+0.434,9,11,11,9
2214,Documentary|popularity|Fantasy,+0.964|+0.286|+0.283,15,5,1,2
2212,contemporary|popularity|Horror,+0.859|+0.331|+0.272,11,9,1,2
2213,contemporary|Sci-Fi|Horror,+0.415|+0.322|+0.309,13,7,3,4
2211,contemporary|classic|popularity,+0.591|+0.405|+0.391,11,9,13,13
2210,contemporary|popularity|Documentary,+0.791|+0.370|+0.245,10,10,8,9
2209,Comedy|popularity|Musical,+0.696|+0.366|+0.259,12,8,17,12
2207,contemporary|popularity|Sci-Fi,+0.617|+0.506|+0.255,11,9,13,14
2208,popularity|modern|Drama,+0.578|+0.492|+0.282,7,13,17,17
2206,modern|popularity|Comedy,+0.585|+0.286|+0.123,4,16,6,10
2205,Action|popularity|Sci-Fi,+0.721|+0.442|+0.243,7,13,19,13
2203,Comedy|Documentary|Fantasy,+0.674|+0.257|+0.205,16,4,0,0
2204,Sci-Fi|classic|Horror,+0.618|+0.524|+0.311,9,11,0,1
2202,contemporary|popularity|Animation,+0.877|+0.392|+0.236,13,7,4,3
2201,Adventure|popularity|Action,+0.835|+0.427|+0.378,7,13,12,9
2200,Sci-Fi|contemporary|Fantasy,+0.558|+0.282|+0.272,17,3,1,2
2199,Romance|Sci-Fi|Musical,+0.303|+0.246|+0.217,18,2,4,5
2197,contemporary|popularity|Musical,+0.729|+0.358|+0.301,11,9,5,8
2198,Comedy|popularity|Musical,+0.865|+0.277|+0.189,4,16,9,4
2196,popularity|contemporary|Romance,+0.368|+0.331|+0.309,16,4,6,4
2195,Horror|popularity|Fantasy,+0.674|+0.424|+0.276,7,13,10,5
2192,Action|popularity|Sci-Fi,+0.867|+0.333|+0.313,10,10,9,7
2193,popularity|Animation|contemporary,+0.433|+0.336|+0.315,15,5,9,7
2191,Thriller|popularity|modern,+0.697|+0.507|+0.336,6,14,11,7
2194,Action|popularity|Adventure,+0.880|+0.361|+0.271,9,11,9,6
2190,popularity|Drama|Animation,+0.742|+0.193|+0.183,5,15,20,20
2189,popularity|Western|contemporary,+0.493|+0.369|+0.347,11,9,15,14
2188,Comedy|modern|Crime,+0.656|+0.335|+0.267,8,12,1,2
2186,Adventure|Fantasy|Animation,+0.826|+0.379|+0.310,15,5,0,1
2185,War|popularity|classic,+0.394|+0.361|+0.350,8,12,11,13
2187,popularity|Sci-Fi|retro,+0.508|+0.452|+0.359,17,3,19,19
2184,popularity|Western|contemporary,+0.414|+0.393|+0.324,18,2,8,8
2182,contemporary|popularity|Animation,+0.834|+0.376|+0.269,14,6,6,4
2183,Western|popularity|contemporary,+0.411|+0.373|+0.317,18,2,7,7
2181,Romance|Musical|popularity,+0.914|+0.314|+0.240,4,16,6,1
2180,Animation|Fantasy|Comedy,+0.562|+0.430|+0.352,12,8,5,5
2179,modern|Thriller|contemporary,+0.381|+0.359|+0.294,12,8,1,3
2178,contemporary|popularity|Crime,+0.844|+0.355|+0.240,8,12,3,7
2177,modern|popularity|Drama,+0.544|+0.370|+0.328,7,13,13,14
2175,popularity|Western|modern,+0.566|+0.474|+0.386,12,8,19,19
2176,Sci-Fi|popularity|Fantasy,+0.677|+0.505|+0.275,5,15,17,16
2174,Romance|modern|Musical,+0.777|+0.492|+0.247,9,11,5,8
2173,modern|Thriller|popularity,+0.639|+0.129|+0.112,6,14,7,6
2172,modern|popularity|Animation,+0.295|+0.224|+0.161,15,5,9,7
2171,Comedy|popularity|Documentary,+0.450|+0.379|+0.277,11,9,16,14
2169,Comedy|modern|popularity,+0.545|+0.420|+0.402,14,6,16,19
2170,retro|popularity|Fantasy,+0.694|+0.313|+0.163,8,12,10,5
2168,popularity|contemporary|Fantasy,+0.459|+0.247|+0.228,9,11,17,13
2167,Sci-Fi|Horror|contemporary,+0.511|+0.360|+0.330,16,4,2,5
2166,popularity|Animation|Fantasy,+0.672|+0.375|+0.298,6,14,14,17
2165,popularity|contemporary|Documentary,+0.643|+0.464|+0.191,11,9,13,16
2164,Drama|Fantasy|retro,+0.432|+0.213|+0.169,15,5,0,0
2163,Comedy|popularity|modern,+0.739|+0.428|+0.345,6,14,13,12
2162,popularity|Drama|Romance,+0.519|+0.380|+0.275,15,5,20,20
2161,contemporary|popularity|Mystery,+0.623|+0.384|+0.237,8,12,5,9
2160,popularity|Comedy|contemporary,+0.574|+0.530|+0.497,12,8,14,19
2159,classic|War|Musical,+0.643|+0.325|+0.320,9,11,9,11
2158,popularity|modern|Documentary,+0.593|+0.335|+0.281,8,12,19,20
2157,Animation|Musical|Fantasy,+0.946|+0.506|+0.361,14,6,2,1
2156,modern|Fantasy|Animation,+0.382|+0.268|+0.254,15,5,1,1
2155,Horror|contemporary|Sci-Fi,+0.894|+0.304|+0.285,8,12,0,0
2154,popularity|Animation|classic,+0.530|+0.341|+0.295,9,11,20,20
2153,popularity|contemporary|Horror,+0.501|+0.375|+0.225,10,10,12,12
2152,Horror|popularity|retro,+0.768|+0.472|+0.281,8,12,10,9
2150,Horror|popularity|Sci-Fi,+0.869|+0.317|+0.307,13,7,2,0
2151,contemporary|Sci-Fi|popularity,+0.373|+0.306|+0.289,16,4,4,4
2149,Animation|classic|popularity,+0.366|+0.348|+0.326,13,7,17,18
2148,Comedy|popularity|Fantasy,+0.844|+0.221|+0.169,12,8,2,3
2147,Animation|Musical|Fantasy,+0.859|+0.463|+0.442,17,3,0,0
2146,Action|popularity|Sci-Fi,+0.830|+0.413|+0.272,6,14,13,12
2145,Animation|Fantasy|Adventure,+0.594|+0.486|+0.346,12,8,0,0
2144,Horror|popularity|Sci-Fi,+0.823|+0.480|+0.290,5,15,10,4
2143,Romance|popularity|War,+0.573|+0.567|+0.373,8,12,14,13
2142,Thriller|modern|Mystery,+0.809|+0.372|+0.285,10,10,4,7
2141,contemporary|popularity|Horror,+0.361|+0.338|+0.306,11,9,5,5
2140,retro|popularity|War,+0.555|+0.382|+0.195,1,19,14,5
2139,popularity|Mystery|Western,+0.273|+0.152|+0.142,8,12,12,5
2138,Sci-Fi|modern|Fantasy,+0.558|+0.283|+0.260,16,4,1,1
2137,contemporary|Sci-Fi|popularity,+0.657|+0.626|+0.503,13,7,8,8
2136,contemporary|popularity|Animation,+0.811|+0.374|+0.260,14,6,4,2
2135,popularity|modern|Animation,+0.536|+0.444|+0.193,9,11,19,19
2134,Comedy|popularity|modern,+0.782|+0.416|+0.304,8,12,14,10
2133,contemporary|popularity|Sci-Fi,+0.476|+0.360|+0.282,15,5,3,3
2132,Sci-Fi|Action|Adventure,+0.832|+0.284|+0.281,12,8,11,8
2131,Sci-Fi|popularity|Fantasy,+0.749|+0.503|+0.276,0,20,19,11
2130,contemporary|Horror|Sci-Fi,+0.509|+0.484|+0.257,12,8,1,4
2129,contemporary|popularity|Mystery,+0.894|+0.233|+0.227,9,11,2,4
2128,popularity|Musical|Sci-Fi,+0.406|+0.288|+0.286,10,10,12,9
2127,Thriller|popularity|Mystery,+0.752|+0.452|+0.275,13,7,6,6
2126,Sci-Fi|popularity|retro,+0.667|+0.456|+0.307,12,8,15,15
2125,Musical|Animation|classic,+0.923|+0.507|+0.364,16,4,1,1
2123,Romance|modern|Musical,+0.807|+0.397|+0.286,9,11,1,0
2124,Horror|Sci-Fi|retro,+0.716|+0.280|+0.251,10,10,0,0
2122,popularity|War|retro,+0.568|+0.338|+0.301,7,13,14,8
2121,classic|Western|Musical,+0.519|+0.315|+0.304,17,3,7,9
2120,popularity|contemporary|Animation,+0.325|+0.318|+0.248,18,2,9,8
2119,contemporary|popularity|Animation,+0.928|+0.399|+0.275,10,10,3,5
2118,Comedy|retro|popularity,+0.713|+0.398|+0.344,11,9,10,12
2117,Comedy|popularity|classic,+0.657|+0.364|+0.282,11,9,12,12
2116,Thriller|modern|Mystery,+0.736|+0.379|+0.269,12,8,0,1
2115,popularity|Action|War,+0.509|+0.372|+0.286,14,6,19,20
2113,Horror|contemporary|Sci-Fi,+0.420|+0.418|+0.337,17,3,2,2
2114,Fantasy|popularity|Horror,+0.714|+0.501|+0.392,11,9,10,8
2112,popularity|modern|Animation,+0.586|+0.497|+0.169,5,15,17,19
2111,retro|popularity|War,+0.324|+0.259|+0.238,12,8,12,8
2110,Comedy|popularity|Musical,+0.878|+0.224|+0.180,8,12,5,5
2109,popularity|contemporary|Animation,+0.558|+0.371|+0.247,13,7,19,18
2108,popularity|modern|Animation,+0.610|+0.447|+0.218,8,12,19,17
2107,popularity|War|retro,+0.580|+0.340|+0.286,10,10,18,15
2106,modern|contemporary|popularity,+0.506|+0.338|+0.288,8,12,11,10
2105,contemporary|popularity|Documentary,+0.780|+0.465|+0.251,12,8,8,7
2104,popularity|contemporary|Crime,+0.349|+0.328|+0.218,12,8,19,15
2103,contemporary|popularity|Animation,+0.874|+0.391|+0.386,12,8,2,3
2102,retro|Horror|popularity,+0.700|+0.234|+0.174,12,8,1,0
2101,Horror|popularity|Sci-Fi,+0.862|+0.309|+0.302,6,14,5,3
2100,Sci-Fi|popularity|Fantasy,+0.691|+0.446|+0.377,3,17,17,7
2099,contemporary|popularity|Sci-Fi,+0.870|+0.391|+0.308,14,6,3,4
2098,popularity|contemporary|Musical,+0.394|+0.314|+0.282,11,9,13,10
2097,contemporary|popularity|Documentary,+0.675|+0.563|+0.243,12,8,7,13
2096,Action|popularity|Sci-Fi,+0.663|+0.395|+0.270,9,11,18,17
2095,Western|contemporary|popularity,+0.404|+0.340|+0.313,16,4,7,5
2093,popularity|Animation|contemporary,+0.280|+0.237|+0.224,18,2,8,6
2092,retro|Western|contemporary,+0.414|+0.211|+0.207,11,9,1,0
2094,Crime|popularity|Mystery,+0.964|+0.337|+0.299,4,16,4,5
2091,Musical|Animation|classic,+0.927|+0.491|+0.454,15,5,1,1
2090,Comedy|retro|Documentary,+0.557|+0.426|+0.300,17,3,0,0
2088,classic|Musical|Western,+0.570|+0.396|+0.336,11,9,0,5
2089,contemporary|Western|popularity,+0.390|+0.366|+0.357,11,9,12,9
2087,contemporary|Horror|popularity,+0.417|+0.334|+0.264,14,6,1,2
2085,popularity|Drama|modern,+0.511|+0.408|+0.262,11,9,17,16
2086,Western|popularity|contemporary,+0.405|+0.364|+0.314,19,1,8,8
2084,modern|popularity|Animation,+0.512|+0.500|+0.155,3,17,16,14
2083,popularity|Animation|Documentary,+0.757|+0.255|+0.174,5,15,19,19
2082,Comedy|popularity|Animation,+0.672|+0.655|+0.216,6,14,17,16
2081,contemporary|Horror|popularity,+0.837|+0.302|+0.280,15,5,1,3
2080,classic|Documentary|popularity,+0.367|+0.360|+0.353,13,7,19,19
2079,popularity|Sci-Fi|Thriller,+0.500|+0.343|+0.311,11,9,14,9
2078,popularity|Comedy|modern,+0.597|+0.455|+0.413,12,8,19,20
2077,popularity|Action|contemporary,+0.601|+0.430|+0.248,13,7,20,20
2075,contemporary|popularity|Romance,+0.299|+0.273|+0.271,16,4,8,5
2073,popularity|Drama|Crime,+0.376|+0.162|+0.137,6,14,14,4
2074,popularity|Horror|Thriller,+0.715|+0.333|+0.309,1,19,18,13
2076,popularity|contemporary|retro,+0.408|+0.328|+0.277,13,7,15,11
2072,Romance|Musical|Adventure,+0.796|+0.357|+0.265,11,9,0,0
2071,Fantasy|popularity|retro,+0.773|+0.433|+0.327,9,11,7,3
2070,popularity|modern|contemporary,+0.629|+0.402|+0.304,9,11,14,8
2069,Fantasy|popularity|Sci-Fi,+0.877|+0.373|+0.344,17,3,10,8
2068,popularity|Thriller|Mystery,+0.507|+0.370|+0.299,17,3,20,20
2067,retro|popularity|Fantasy,+0.694|+0.298|+0.199,6,14,11,7
2066,Adventure|popularity|Action,+0.669|+0.456|+0.422,13,7,12,10
2064,Comedy|popularity|Musical,+0.418|+0.328|+0.275,12,8,14,11
2065,popularity|retro|Documentary,+0.564|+0.409|+0.310,11,9,19,20
2063,contemporary|niche|modern,+0.410|+0.366|+0.296,6,14,0,4
2062,Crime|Mystery|popularity,+0.942|+0.314|+0.312,12,8,5,5
2061,popularity|contemporary|Musical,+0.384|+0.272|+0.264,13,7,14,11
2060,popularity|contemporary|Documentary,+0.588|+0.426|+0.336,15,5,20,20
2059,contemporary|popularity|Horror,+0.491|+0.418|+0.323,9,11,7,10
2057,Western|popularity|contemporary,+0.404|+0.359|+0.347,13,7,10,6
2058,contemporary|Horror|Sci-Fi,+0.524|+0.320|+0.300,12,8,1,6
2056,Horror|contemporary|Sci-Fi,+0.826|+0.259|+0.254,11,9,0,0
2055,Horror|Sci-Fi|popularity,+0.917|+0.324|+0.244,10,10,4,1
2054,Adventure|popularity|Action,+0.841|+0.431|+0.340,9,11,9,6
2053,Musical|Horror|contemporary,+0.337|+0.332|+0.330,7,13,5,13
2052,popularity|Animation|contemporary,+0.290|+0.283|+0.242,18,2,8,7
2051,War|popularity|Western,+0.900|+0.332|+0.294,17,3,9,8
2050,popularity|Sci-Fi|Thriller,+0.773|+0.300|+0.253,9,11,19,20
2049,classic|Documentary|War,+0.500|+0.345|+0.272,6,14,11,18
2048,Mystery|popularity|Fantasy,+0.466|+0.394|+0.348,13,7,11,5
2047,contemporary|popularity|Sci-Fi,+0.716|+0.506|+0.217,10,10,8,11
2046,Drama|modern|popularity,+0.543|+0.458|+0.402,8,12,15,16
2044,Comedy|popularity|Musical,+0.780|+0.480|+0.235,7,13,20,16
2043,contemporary|popularity|Animation,+0.863|+0.378|+0.271,16,4,4,4
2045,Animation|popularity|modern,+0.394|+0.333|+0.298,15,5,7,6
2042,Western|classic|popularity,+0.805|+0.400|+0.345,16,4,4,4
2041,popularity|Mystery|War,+0.254|+0.200|+0.190,15,5,17,18
2039,Action|Adventure|popularity,+0.828|+0.336|+0.309,8,12,1,2
2038,Romance|popularity|War,+0.892|+0.301|+0.275,5,15,11,1
2040,popularity|modern|Drama,+0.540|+0.520|+0.285,5,15,17,17
2036,Romance|popularity|classic,+0.585|+0.341|+0.337,16,4,9,11
2037,contemporary|popularity|Thriller,+0.418|+0.357|+0.304,12,8,15,17
2035,classic|popularity|War,+0.510|+0.469|+0.381,7,13,11,9
2034,Comedy|popularity|Musical,+0.816|+0.385|+0.235,9,11,16,11
2033,contemporary|popularity|Documentary,+0.862|+0.347|+0.224,9,11,5,7
2032,popularity|Action|Thriller,+0.497|+0.482|+0.379,10,10,9,8
2031,contemporary|Documentary|Animation,+0.842|+0.215|+0.213,12,8,2,4
2030,Animation|Musical|classic,+0.916|+0.444|+0.340,9,11,0,0
2029,Comedy|popularity|Musical,+0.860|+0.235|+0.140,10,10,3,5
2028,popularity|contemporary|Sci-Fi,+0.361|+0.350|+0.319,14,6,6,4
2027,modern|popularity|Documentary,+0.532|+0.495|+0.267,9,11,16,19
2026,Western|classic|War,+0.962|+0.391|+0.354,14,6,2,4
2025,popularity|Adventure|Animation,+0.414|+0.381|+0.240,11,9,14,8
2024,Comedy|Musical|popularity,+0.841|+0.137|+0.136,10,10,2,2
2023,Documentary|popularity|Crime,+0.736|+0.518|+0.251,10,10,2,9
2022,popularity|Comedy|Musical,+0.668|+0.613|+0.197,8,12,20,19
2020,Horror|popularity|retro,+0.644|+0.395|+0.261,14,6,9,8
2021,Action|popularity|modern,+0.829|+0.294|+0.258,12,8,6,9
2019,contemporary|popularity|Animation,+0.475|+0.445|+0.325,11,9,15,13
2018,classic|popularity|Documentary,+0.449|+0.242|+0.210,12,8,7,4
2017,Drama|popularity|modern,+0.552|+0.479|+0.430,11,9,15,17
2016,Action|popularity|Sci-Fi,+0.890|+0.309|+0.297,8,12,8,5
2015,popularity|Action|Crime,+0.502|+0.463|+0.292,4,16,19,12
2014,Sci-Fi|popularity|Fantasy,+0.665|+0.392|+0.303,9,11,14,14
2013,Sci-Fi|Fantasy|popularity,+0.824|+0.310|+0.303,6,14,12,8
2012,Comedy|popularity|modern,+0.651|+0.373|+0.274,11,9,4,3
2010,modern|Fantasy|Thriller,+0.621|+0.158|+0.114,10,10,4,4
2011,contemporary|popularity|Animation,+0.661|+0.332|+0.221,14,6,5,4
2009,contemporary|popularity|modern,+0.632|+0.459|+0.254,12,8,12,11
2008,Thriller|popularity|Crime,+0.782|+0.384|+0.310,8,12,13,6
2005,contemporary|popularity|Western,+0.410|+0.383|+0.352,12,8,11,10
2007,Documentary|popularity|Crime,+0.709|+0.368|+0.266,10,10,3,12
2006,classic|Animation|Mystery,+0.510|+0.309|+0.304,14,6,5,9
2004,Sci-Fi|contemporary|Horror,+0.548|+0.332|+0.326,14,6,1,5
2002,Comedy|popularity|Documentary,+0.890|+0.240|+0.182,13,7,5,6
2003,Animation|Fantasy|Adventure,+0.607|+0.436|+0.360,15,5,0,0
2001,Western|contemporary|popularity,+0.412|+0.346|+0.309,16,4,7,6
2000,Comedy|popularity|modern,+0.642|+0.554|+0.385,8,12,17,16
1999,Mystery|popularity|classic,+0.566|+0.429|+0.410,12,8,8,12
1998,Crime|popularity|Mystery,+0.636|+0.386|+0.256,17,3,11,11
1997,Comedy|popularity|modern,+0.736|+0.461|+0.326,9,11,16,15
1996,contemporary|popularity|Sci-Fi,+0.648|+0.456|+0.300,15,5,11,9
1995,Fantasy|retro|Adventure,+0.573|+0.479|+0.450,4,16,7,20
1994,popularity|Western|modern,+0.530|+0.471|+0.432,10,10,19,18
1993,Comedy|popularity|Animation,+0.688|+0.554|+0.248,10,10,20,19
1992,contemporary|popularity|Animation,+0.785|+0.432|+0.243,12,8,8,7
1991,popularity|modern|Documentary,+0.504|+0.467|+0.243,11,9,20,20
1990,Drama|popularity|War,+0.682|+0.468|+0.231,8,12,16,13
1989,contemporary|popularity|Sci-Fi,+0.489|+0.349|+0.320,13,7,7,4
1988,popularity|retro|Horror,+0.356|+0.278|+0.204,7,13,11,8
1985,Action|Sci-Fi|Adventure,+0.856|+0.296|+0.284,14,6,3,4
1986,Thriller|classic|Mystery,+0.377|+0.354|+0.349,12,8,14,19
1987,Animation|Musical|popularity,+0.925|+0.474|+0.387,10,10,2,1
1984,Action|Adventure|popularity,+0.702|+0.328|+0.289,14,6,1,1
1983,popularity|classic|Mystery,+0.352|+0.324|+0.297,16,4,12,13
1981,Fantasy|classic|Mystery,+0.428|+0.382|+0.350,17,3,5,8
1980,contemporary|retro|Drama,+0.284|+0.230|+0.136,15,5,0,1
1982,popularity|contemporary|Crime,+0.669|+0.388|+0.322,8,12,18,16
1979,contemporary|popularity|Animation,+0.867|+0.339|+0.260,14,6,3,4
1978,popularity|Animation|Fantasy,+0.508|+0.276|+0.242,12,8,2,5
1977,Comedy|Musical|classic,+0.623|+0.323|+0.277,13,7,7,13
1974,Drama|Documentary|retro,+0.451|+0.311|+0.270,11,9,6,10
1975,Western|classic|War,+0.830|+0.456|+0.328,16,4,3,5
1973,popularity|contemporary|Sci-Fi,+0.378|+0.307|+0.297,14,6,9,7
1976,modern|popularity|Animation,+0.523|+0.434|+0.188,4,16,17,14
1971,popularity|Comedy|Animation,+0.656|+0.651|+0.211,9,11,20,20
1969,Drama|modern|popularity,+0.509|+0.421|+0.408,7,13,16,14
1972,popularity|Western|classic,+0.581|+0.576|+0.276,8,12,7,10
1968,Thriller|retro|Horror,+0.687|+0.529|+0.267,16,4,0,0
1970,classic|Documentary|niche,+0.547|+0.339|+0.303,10,10,13,17
1967,popularity|Animation|Western,+0.344|+0.308|+0.303,16,4,8,7
1966,Horror|popularity|retro,+0.787|+0.332|+0.320,8,12,8,7
1964,contemporary|popularity|Animation,+0.535|+0.494|+0.239,14,6,12,11
1965,Drama|modern|popularity,+0.575|+0.439|+0.390,14,6,14,14
1963,Drama|modern|popularity,+0.771|+0.464|+0.259,4,16,2,5
1962,contemporary|popularity|Animation,+0.977|+0.279|+0.237,12,8,2,2
1961,Action|popularity|Sci-Fi,+0.796|+0.397|+0.237,7,13,15,7
1960,contemporary|popularity|Mystery,+0.747|+0.376|+0.247,14,6,7,6
1959,contemporary|popularity|Crime,+0.734|+0.463|+0.262,12,8,6,11
1958,Comedy|popularity|Musical,+0.853|+0.314|+0.190,4,16,7,5
1957,popularity|Documentary|classic,+0.381|+0.324|+0.301,6,14,12,18
1956,contemporary|popularity|Animation,+0.835|+0.404|+0.277,14,6,6,5
1955,popularity|Western|contemporary,+0.418|+0.378|+0.347,15,5,10,8
1952,contemporary|popularity|Documentary,+0.825|+0.373|+0.254,12,8,6,10
1954,contemporary|popularity|modern,+0.518|+0.321|+0.262,7,13,8,11
1951,contemporary|Animation|Fantasy,+0.853|+0.317|+0.306,11,9,0,5
1945,Action|popularity|modern,+0.772|+0.375|+0.268,13,7,15,15
1948,Action|Adventure|Fantasy,+0.737|+0.291|+0.263,14,6,1,1
1937,Comedy|popularity|modern,+0.664|+0.401|+0.399,8,12,16,15
1949,popularity|contemporary|Horror,+0.520|+0.367|+0.333,9,11,12,7
1950,Horror|modern|Mystery,+0.782|+0.359|+0.237,10,10,0,1
1943,Animation|Musical|Fantasy,+0.715|+0.499|+0.398,14,6,0,0
1946,popularity|Musical|Adventure,+0.672|+0.542|+0.337,9,11,20,20
1941,Sci-Fi|classic|niche,+0.588|+0.439|+0.385,13,7,0,1
1942,modern|popularity|contemporary,+0.569|+0.504|+0.238,7,13,16,18
1938,Action|Adventure|Fantasy,+0.699|+0.391|+0.319,10,10,0,1
1935,contemporary|Horror|Animation,+0.924|+0.256|+0.250,13,7,1,3
1944,contemporary|popularity|Animation,+0.918|+0.344|+0.251,13,7,2,3
1939,Mystery|popularity|Thriller,+0.942|+0.342|+0.268,5,15,4,1
1947,Fantasy|popularity|retro,+0.547|+0.380|+0.336,9,11,16,14
1953,contemporary|popularity|Romance,+0.677|+0.468|+0.291,13,7,4,3
1934,Western|popularity|contemporary,+0.399|+0.354|+0.343,17,3,7,5
1931,Fantasy|Adventure|Sci-Fi,+0.919|+0.409|+0.346,15,5,6,5
1940,Western|popularity|War,+0.894|+0.405|+0.344,14,6,5,5
1928,popularity|modern|Drama,+0.543|+0.500|+0.264,3,17,10,11
1929,popularity|contemporary|Musical,+0.390|+0.257|+0.246,16,4,9,10
1927,classic|Mystery|popularity,+0.478|+0.452|+0.287,14,6,8,13
1926,contemporary|Animation|popularity,+0.640|+0.585|+0.373,7,13,8,16
1925,Romance|Musical|Adventure,+0.904|+0.316|+0.255,12,8,1,1
1923,contemporary|Horror|Sci-Fi,+0.911|+0.377|+0.282,12,8,1,3
1921,Adventure|Fantasy|Animation,+0.849|+0.385|+0.333,11,9,0,1
1920,War|Western|popularity,+0.926|+0.371|+0.280,12,8,5,2
1924,Romance|modern|popularity,+0.787|+0.428|+0.362,9,11,11,9
1922,contemporary|popularity|modern,+0.437|+0.435|+0.236,13,7,14,14
1936,Drama|Documentary|classic,+0.385|+0.316|+0.312,12,8,12,18
1919,Horror|modern|contemporary,+0.722|+0.346|+0.242,13,7,0,0
1916,popularity|Drama|retro,+0.331|+0.295|+0.187,5,15,8,5
1914,Comedy|popularity|modern,+0.622|+0.487|+0.373,15,5,18,19
1918,popularity|modern|Animation,+0.522|+0.475|+0.215,11,9,20,18
1917,Fantasy|Adventure|popularity,+0.641|+0.604|+0.489,3,17,2,5
1930,Sci-Fi|popularity|Fantasy,+0.563|+0.539|+0.285,10,10,19,18
1909,Crime|popularity|modern,+0.658|+0.445|+0.402,14,6,8,9
1911,popularity|Documentary|classic,+0.603|+0.341|+0.252,13,7,20,20
1906,popularity|Sci-Fi|contemporary,+0.421|+0.275|+0.271,14,6,12,9
1904,Drama|popularity|War,+0.725|+0.430|+0.159,7,13,10,9
1905,classic|popularity|Documentary,+0.388|+0.290|+0.290,6,14,12,16
1903,Western|popularity|classic,+0.843|+0.303|+0.301,17,3,4,4
1908,Drama|classic|War,+0.452|+0.397|+0.325,11,9,14,17
1907,classic|War|Western,+0.582|+0.335|+0.289,12,8,8,11
1902,Thriller|modern|Mystery,+0.832|+0.398|+0.281,10,10,1,5
1901,War|popularity|Western,+0.523|+0.385|+0.331,4,16,6,1
1900,Western|contemporary|popularity,+0.406|+0.359|+0.347,18,2,8,8
1933,contemporary|popularity|Sci-Fi,+0.421|+0.309|+0.299,15,5,4,3
1915,Musical|popularity|Horror,+0.528|+0.371|+0.359,11,9,7,6
1910,contemporary|popularity|Horror,+0.937|+0.282|+0.251,13,7,1,1
1896,Drama|classic|popularity,+0.411|+0.283|+0.268,10,10,4,4
1894,Drama|modern|Romance,+0.823|+0.493|+0.176,6,14,0,4
1898,popularity|modern|Animation,+0.514|+0.469|+0.273,10,10,19,19
1899,Drama|retro|classic,+0.598|+0.234|+0.228,6,14,2,3
1893,contemporary|popularity|Documentary,+0.910|+0.253|+0.240,15,5,4,4
1892,retro|popularity|War,+0.351|+0.251|+0.202,11,9,13,5
1891,contemporary|popularity|Sci-Fi,+0.755|+0.413|+0.257,15,5,9,8
1895,Drama|popularity|classic,+0.437|+0.369|+0.311,13,7,14,14
1913,Animation|Fantasy|popularity,+0.581|+0.503|+0.412,6,14,6,6
1889,retro|niche|Documentary,+0.297|+0.276|+0.230,10,10,11,3
1888,Adventure|Action|popularity,+0.656|+0.416|+0.409,11,9,9,4
1890,popularity|Action|War,+0.509|+0.432|+0.318,11,9,18,16
1886,contemporary|popularity|Crime,+0.689|+0.453|+0.291,9,11,7,10
1885,Animation|Musical|popularity,+0.876|+0.442|+0.343,12,8,4,3
1897,contemporary|popularity|Documentary,+0.794|+0.288|+0.263,10,10,5,10
1887,Action|retro|popularity,+0.701|+0.522|+0.394,9,11,13,10
1882,contemporary|popularity|Sci-Fi,+0.728|+0.517|+0.222,13,7,13,13
1881,Comedy|modern|popularity,+0.793|+0.366|+0.266,5,15,3,1
1880,classic|Musical|Western,+0.611|+0.377|+0.327,14,6,0,0
1883,Animation|Musical|Fantasy,+0.942|+0.557|+0.342,14,6,2,3
1879,popularity|retro|Animation,+0.717|+0.287|+0.204,2,18,19,17
1884,Drama|popularity|War,+0.715|+0.205|+0.186,8,12,6,2
1932,Adventure|retro|popularity,+0.589|+0.544|+0.411,11,9,15,16
1878,Fantasy|popularity|Animation,+0.903|+0.384|+0.382,15,5,4,3
1876,popularity|Action|War,+0.502|+0.475|+0.250,13,7,20,20
1873,contemporary|popularity|Animation,+0.766|+0.504|+0.243,12,8,8,9
1872,Comedy|classic|popularity,+0.502|+0.351|+0.311,14,6,9,12
1874,Crime|popularity|Mystery,+0.865|+0.411|+0.266,10,10,10,5
1871,Comedy|popularity|Musical,+0.803|+0.422|+0.229,9,11,20,17
1869,popularity|Documentary|classic,+0.412|+0.304|+0.261,11,9,18,17
1870,Comedy|popularity|retro,+0.704|+0.402|+0.400,10,10,11,14
1868,Mystery|popularity|classic,+0.865|+0.315|+0.300,7,13,1,2
1867,popularity|classic|Mystery,+0.401|+0.366|+0.361,16,4,10,14
1866,popularity|War|classic,+0.616|+0.485|+0.310,9,11,17,20
1865,contemporary|niche|Musical,+0.935|+0.268|+0.237,7,13,0,5
1864,contemporary|Crime|classic,+0.548|+0.256|+0.242,11,9,2,11
1863,classic|Documentary|popularity,+0.421|+0.354|+0.327,5,15,13,18
1862,contemporary|Comedy|popularity,+0.372|+0.346|+0.333,17,3,10,8
1861,War|popularity|Western,+0.746|+0.463|+0.322,11,9,9,6
1859,popularity|Romance|Fantasy,+0.753|+0.263|+0.209,7,13,18,18
1860,Sci-Fi|Fantasy|Horror,+0.632|+0.322|+0.299,12,8,1,8
1858,contemporary|popularity|Animation,+0.674|+0.575|+0.331,11,9,11,9
1857,popularity|modern|Thriller,+0.611|+0.414|+0.407,4,16,20,12
1856,Thriller|popularity|Mystery,+0.630|+0.318|+0.278,13,7,8,8
1855,Action|Adventure|popularity,+0.829|+0.277|+0.261,10,10,3,3
1854,popularity|retro|Western,+0.634|+0.278|+0.239,9,11,19,19
1851,popularity|retro|Documentary,+0.447|+0.447|+0.316,14,6,19,19
1852,Sci-Fi|popularity|Fantasy,+0.803|+0.423|+0.305,7,13,15,13
1850,Sci-Fi|popularity|Fantasy,+0.678|+0.427|+0.291,9,11,16,12
1849,Action|popularity|modern,+0.716|+0.467|+0.271,9,11,20,17
1846,popularity|contemporary|retro,+0.572|+0.514|+0.396,12,8,17,16
1844,contemporary|popularity|Documentary,+0.826|+0.302|+0.277,13,7,2,4
1843,retro|popularity|War,+0.319|+0.242|+0.178,12,8,6,4
1848,popularity|Sci-Fi|contemporary,+0.379|+0.311|+0.301,13,7,10,6
1847,Drama|modern|popularity,+0.562|+0.498|+0.299,7,13,12,11
1842,Western|contemporary|popularity,+0.397|+0.389|+0.331,17,3,7,5
1841,contemporary|popularity|Animation,+0.692|+0.406|+0.325,4,16,4,4
1840,Fantasy|popularity|Mystery,+0.401|+0.384|+0.351,13,7,10,4
1839,Crime|Action|popularity,+0.752|+0.511|+0.486,12,8,9,6
1838,contemporary|popularity|Horror,+0.900|+0.337|+0.262,11,9,2,4
1837,classic|Mystery|Documentary,+0.478|+0.374|+0.323,8,12,12,19
1835,Musical|Animation|classic,+0.957|+0.416|+0.328,13,7,4,4
1833,contemporary|popularity|Horror,+0.510|+0.465|+0.406,7,13,10,7
1834,popularity|contemporary|Romance,+0.349|+0.299|+0.292,17,3,5,2
1824,contemporary|popularity|Animation,+0.927|+0.389|+0.230,13,7,3,3
1836,Thriller|popularity|Mystery,+0.846|+0.346|+0.327,6,14,7,5
1826,Comedy|popularity|Musical,+0.556|+0.418|+0.261,13,7,19,18
1832,Drama|modern|popularity,+0.725|+0.542|+0.236,5,15,3,8
1830,Action|popularity|Adventure,+0.789|+0.539|+0.357,8,12,18,14
1822,modern|popularity|Drama,+0.461|+0.404|+0.391,10,10,17,19
1828,contemporary|popularity|Documentary,+0.623|+0.556|+0.478,10,10,12,13
1823,Comedy|popularity|modern,+0.660|+0.468|+0.378,11,9,15,10
1829,modern|popularity|Documentary,+0.511|+0.390|+0.304,13,7,19,20
1827,popularity|Animation|Musical,+0.559|+0.558|+0.359,12,8,10,11
1845,classic|Drama|popularity,+0.431|+0.349|+0.300,13,7,14,13
1820,Drama|popularity|modern,+0.641|+0.423|+0.238,12,8,15,15
1819,Fantasy|Adventure|Sci-Fi,+0.914|+0.370|+0.357,13,7,7,8
1818,popularity|Action|Fantasy,+0.666|+0.576|+0.266,3,17,20,17
1817,Sci-Fi|popularity|Fantasy,+0.672|+0.383|+0.271,8,12,17,9
1816,Romance|popularity|Musical,+0.586|+0.490|+0.359,10,10,10,7
1814,Sci-Fi|popularity|contemporary,+0.746|+0.419|+0.376,9,11,10,8
1813,Romance|modern|popularity,+0.787|+0.405|+0.358,9,11,11,11
1811,popularity|Western|Animation,+0.349|+0.337|+0.303,17,3,8,7
1821,classic|niche|Documentary,+0.705|+0.302|+0.296,12,8,4,7
1809,Western|popularity|contemporary,+0.363|+0.349|+0.336,18,2,7,6
1812,popularity|Sci-Fi|Action,+0.605|+0.482|+0.414,4,16,18,9
1808,Adventure|popularity|Action,+0.681|+0.440|+0.389,10,10,14,10
1810,Mystery|Crime|popularity,+0.957|+0.379|+0.297,13,7,3,2
1807,Adventure|Fantasy|Action,+0.903|+0.376|+0.329,11,9,5,9
1831,popularity|modern|Drama,+0.543|+0.477|+0.278,9,11,19,20
1805,Romance|popularity|Mystery,+0.698|+0.467|+0.249,10,10,15,11
1804,popularity|Documentary|classic,+0.473|+0.332|+0.312,14,6,20,20
1806,modern|popularity|Thriller,+0.593|+0.243|+0.130,8,12,4,5
1815,Sci-Fi|popularity|Fantasy,+0.720|+0.459|+0.362,15,5,2,2
1803,Comedy|modern|popularity,+0.795|+0.373|+0.276,8,12,7,8
1801,contemporary|popularity|Horror,+0.373|+0.369|+0.360,11,9,4,7
1800,Animation|Musical|popularity,+0.873|+0.507|+0.353,13,7,2,1
1802,Horror|Sci-Fi|popularity,+0.844|+0.323|+0.243,7,13,4,2
1798,popularity|Mystery|Thriller,+0.595|+0.558|+0.263,7,13,8,8
1799,contemporary|popularity|Drama,+0.645|+0.440|+0.254,10,10,10,11
1797,popularity|classic|retro,+0.374|+0.315|+0.272,4,16,12,8
1796,Musical|classic|Animation,+0.903|+0.410|+0.365,13,7,4,6
1793,Action|popularity|Adventure,+0.633|+0.284|+0.282,14,6,1,1
1795,Sci-Fi|popularity|Fantasy,+0.595|+0.546|+0.283,10,10,19,17
1792,Crime|popularity|modern,+0.699|+0.559|+0.283,11,9,8,6
1794,contemporary|popularity|Animation,+0.901|+0.314|+0.202,8,12,0,3
1790,popularity|retro|Mystery,+0.620|+0.282|+0.229,3,17,13,10
1791,Crime|Fantasy|Mystery,+0.896|+0.345|+0.341,16,4,4,5
1787,popularity|Documentary|Mystery,+0.475|+0.296|+0.295,14,6,18,19
1875,Musical|Animation|classic,+0.966|+0.396|+0.381,12,8,4,4
1789,contemporary|popularity|Crime,+0.746|+0.423|+0.273,11,9,4,9
1788,Sci-Fi|Fantasy|popularity,+0.531|+0.503|+0.480,6,14,18,12
1783,popularity|contemporary|Drama,+0.632|+0.206|+0.190,4,16,18,13
1785,popularity|Action|modern,+0.623|+0.477|+0.307,8,12,18,19
1784,Drama|modern|popularity,+0.460|+0.429|+0.404,10,10,15,17
1782,Western|popularity|Animation,+0.378|+0.332|+0.297,18,2,7,6
1780,Fantasy|modern|Adventure,+0.316|+0.287|+0.220,6,14,1,5
1781,Fantasy|Adventure|Animation,+0.845|+0.337|+0.336,4,16,0,16
1778,contemporary|popularity|Animation,+0.694|+0.547|+0.206,8,12,5,6
1779,contemporary|popularity|Comedy,+0.532|+0.501|+0.274,14,6,8,6
1786,popularity|contemporary|Sci-Fi,+0.361|+0.319|+0.272,15,5,15,12
1777,classic|Documentary|niche,+0.384|+0.367|+0.329,14,6,16,19
1773,contemporary|popularity|Drama,+0.563|+0.532|+0.338,15,5,12,14
1776,popularity|modern|Thriller,+0.473|+0.354|+0.296,7,13,11,12
1775,Action|popularity|War,+0.583|+0.539|+0.292,10,10,19,18
1772,popularity|contemporary|Musical,+0.278|+0.261|+0.241,17,3,3,3
1774,contemporary|popularity|Horror,+0.845|+0.378|+0.366,13,7,2,3
1769,Western|popularity|contemporary,+0.398|+0.345|+0.344,16,4,7,6
1771,Sci-Fi|popularity|Fantasy,+0.678|+0.443|+0.322,9,11,18,12
1770,Comedy|retro|Documentary,+0.633|+0.401|+0.175,16,4,0,0
1768,retro|Musical|Western,+0.277|+0.208|+0.185,16,4,1,1
1767,popularity|retro|Sci-Fi,+0.560|+0.269|+0.254,8,12,20,16
1762,popularity|modern|Crime,+0.525|+0.434|+0.344,9,11,19,20
1766,contemporary|popularity|Sci-Fi,+0.395|+0.346|+0.283,15,5,4,4
1764,Comedy|Documentary|contemporary,+0.732|+0.202|+0.155,15,5,0,1
1763,Comedy|popularity|contemporary,+0.669|+0.637|+0.371,8,12,19,19
1760,Western|popularity|War,+0.901|+0.337|+0.321,15,5,5,4
1765,Horror|contemporary|Sci-Fi,+0.498|+0.426|+0.277,16,4,1,1
1912,classic|niche|Sci-Fi,+0.391|+0.234|+0.203,12,8,4,4
1759,contemporary|popularity|Animation,+0.909|+0.348|+0.276,11,9,2,2
1756,popularity|Fantasy|Sci-Fi,+0.500|+0.420|+0.331,14,6,19,20
1758,popularity|Drama|Crime,+0.361|+0.307|+0.256,14,6,11,10
1757,Thriller|modern|Mystery,+0.673|+0.326|+0.291,9,11,0,2
1761,Sci-Fi|popularity|Adventure,+0.861|+0.321|+0.291,6,14,13,6
1755,Animation|Fantasy|Adventure,+0.676|+0.347|+0.314,15,5,1,2
1753,popularity|Comedy|Documentary,+0.406|+0.379|+0.336,12,8,16,13
1752,popularity|contemporary|Drama,+0.556|+0.347|+0.321,11,9,10,13
1751,popularity|contemporary|Sci-Fi,+0.423|+0.346|+0.291,12,8,12,7
1754,popularity|Crime|Mystery,+0.668|+0.242|+0.240,1,19,15,12
1749,contemporary|popularity|Sci-Fi,+0.429|+0.335|+0.288,11,9,12,7
1750,contemporary|popularity|Sci-Fi,+0.569|+0.322|+0.304,12,8,7,5
1747,Crime|popularity|Adventure,+0.200|+0.190|+0.165,17,3,5,3
1746,Comedy|popularity|Musical,+0.820|+0.354|+0.216,8,12,15,14
1745,Western|popularity|contemporary,+0.370|+0.350|+0.347,18,2,7,6
1748,modern|Adventure|popularity,+0.479|+0.448|+0.318,15,5,12,12
1744,Comedy|popularity|Musical,+0.841|+0.349|+0.181,5,15,9,9
1743,Horror|popularity|retro,+0.758|+0.375|+0.308,11,9,8,9
1742,Action|popularity|modern,+0.698|+0.483|+0.279,10,10,19,18
1740,popularity|contemporary|Sci-Fi,+0.353|+0.333|+0.317,16,4,8,6
1739,popularity|Documentary|classic,+0.452|+0.358|+0.308,14,6,19,20
1738,Western|popularity|contemporary,+0.377|+0.364|+0.346,18,2,7,6
1737,modern|Horror|niche,+0.267|+0.246|+0.228,16,4,0,0
1736,Fantasy|Mystery|popularity,+0.265|+0.225|+0.209,15,5,3,3
1735,Comedy|modern|popularity,+0.788|+0.348|+0.302,10,10,7,6
1733,niche|Documentary|modern,+0.406|+0.311|+0.294,14,6,12,14
1734,Drama|popularity|retro,+0.631|+0.250|+0.202,7,13,7,3
1729,contemporary|Documentary|Horror,+0.904|+0.254|+0.229,18,2,1,2
1730,contemporary|Horror|popularity,+0.402|+0.392|+0.303,16,4,2,2
1732,popularity|contemporary|Animation,+0.354|+0.289|+0.224,16,4,8,7
1728,Mystery|popularity|Horror,+0.873|+0.492|+0.320,7,13,5,1
1731,modern|Documentary|contemporary,+0.478|+0.380|+0.342,14,6,14,19
1726,Action|Adventure|Fantasy,+0.623|+0.292|+0.277,14,6,0,1
1727,Documentary|Fantasy|Crime,+0.952|+0.299|+0.232,11,9,0,6
1725,popularity|Horror|Fantasy,+0.549|+0.349|+0.264,1,19,17,6
1722,Sci-Fi|popularity|Fantasy,+0.762|+0.319|+0.267,12,8,9,5
1719,popularity|Animation|Musical,+0.317|+0.267|+0.232,18,2,7,6
1721,Comedy|retro|popularity,+0.726|+0.326|+0.229,16,4,0,0
1720,retro|popularity|War,+0.318|+0.306|+0.186,12,8,13,8
1724,Drama|popularity|contemporary,+0.464|+0.236|+0.209,16,4,0,1
1723,popularity|Animation|Western,+0.353|+0.313|+0.268,14,6,8,5
1718,Crime|popularity|Mystery,+0.870|+0.448|+0.267,6,14,8,8
1717,classic|retro|Drama,+0.292|+0.281|+0.221,9,11,2,3
1715,popularity|retro|contemporary,+0.633|+0.361|+0.318,10,10,20,20
1741,Romance|Musical|War,+0.859|+0.305|+0.289,9,11,5,5
1714,retro|Horror|Adventure,+0.670|+0.235|+0.164,9,11,0,0
1713,contemporary|popularity|Sci-Fi,+0.680|+0.330|+0.284,15,5,5,4
1712,popularity|Drama|retro,+0.504|+0.224|+0.211,3,17,19,9
1716,contemporary|popularity|Animation,+0.912|+0.341|+0.251,7,13,2,6
1711,Romance|Comedy|popularity,+0.421|+0.380|+0.363,3,17,8,8
1710,Crime|popularity|modern,+0.773|+0.515|+0.297,10,10,10,13
1708,popularity|Fantasy|Mystery,+0.428|+0.361|+0.347,16,4,9,6
1709,Comedy|Documentary|Fantasy,+0.574|+0.305|+0.265,17,3,0,0
1707,Comedy|Documentary|contemporary,+0.423|+0.297|+0.262,16,4,11,12
1706,popularity|Action|modern,+0.481|+0.419|+0.362,15,5,18,18
1704,popularity|Animation|Fantasy,+0.603|+0.355|+0.330,1,19,12,7
1705,contemporary|popularity|Animation,+0.805|+0.395|+0.257,16,4,2,1
1703,Sci-Fi|popularity|modern,+0.616|+0.524|+0.314,11,9,18,15
1700,contemporary|popularity|Animation,+0.826|+0.389|+0.253,14,6,7,5
1701,Drama|modern|War,+0.786|+0.316|+0.158,6,14,0,2
1698,Fantasy|modern|Documentary,+0.538|+0.491|+0.291,10,10,4,10
1697,popularity|Animation|Fantasy,+0.476|+0.445|+0.268,12,8,5,10
1695,Comedy|popularity|Musical,+0.726|+0.437|+0.242,7,13,20,17
1702,popularity|Fantasy|Animation,+0.654|+0.639|+0.297,11,9,11,13
1699,popularity|Drama|Documentary,+0.373|+0.366|+0.229,4,16,9,8
1694,Documentary|popularity|classic,+0.370|+0.339|+0.317,11,9,18,18
1693,popularity|Drama|Animation,+0.477|+0.203|+0.171,7,13,18,9
1691,Fantasy|retro|popularity,+0.608|+0.359|+0.338,9,11,17,10
1692,popularity|Drama|retro,+0.369|+0.350|+0.229,5,15,13,8
1688,Horror|popularity|retro,+0.628|+0.466|+0.381,14,6,10,13
1696,Drama|popularity|modern,+0.680|+0.202|+0.193,9,11,1,2
1686,contemporary|popularity|Horror,+0.452|+0.335|+0.301,10,10,3,6
1687,popularity|retro|Fantasy,+0.267|+0.263|+0.232,12,8,5,2
1685,modern|popularity|Drama,+0.712|+0.157|+0.141,2,18,3,7
1684,contemporary|popularity|Animation,+0.889|+0.399|+0.267,13,7,3,3
1689,Thriller|popularity|modern,+0.798|+0.393|+0.311,8,12,12,9
1682,popularity|retro|Horror,+0.368|+0.310|+0.246,14,6,15,15
1683,Romance|popularity|Thriller,+0.439|+0.348|+0.329,4,16,16,3
1681,retro|popularity|Western,+0.304|+0.261|+0.234,12,8,5,4
1690,contemporary|Animation|popularity,+0.884|+0.357|+0.357,13,7,3,9
1680,Western|War|classic,+0.962|+0.354|+0.321,17,3,3,4
1679,popularity|contemporary|Musical,+0.447|+0.269|+0.263,12,8,17,12
1678,contemporary|popularity|Animation,+0.717|+0.502|+0.265,10,10,7,15
1676,Animation|Adventure|popularity,+0.616|+0.344|+0.303,8,12,5,9
1677,contemporary|popularity|Crime,+0.638|+0.536|+0.251,10,10,10,13
1675,Animation|Musical|Fantasy,+0.923|+0.469|+0.390,16,4,0,0
1672,Comedy|popularity|modern,+0.618|+0.538|+0.376,13,7,18,19
1674,Comedy|modern|popularity,+0.713|+0.417|+0.391,10,10,15,15
1669,Comedy|popularity|modern,+0.716|+0.395|+0.369,12,8,16,15
1671,Drama|Comedy|modern,+0.482|+0.391|+0.187,13,7,0,1
1668,Drama|popularity|War,+0.619|+0.500|+0.243,8,12,14,9
1673,popularity|Comedy|retro,+0.639|+0.436|+0.347,12,8,10,11
1670,Comedy|retro|popularity,+0.659|+0.487|+0.385,12,8,10,12
1667,Action|Adventure|Fantasy,+0.618|+0.283|+0.272,14,6,0,1
1666,War|popularity|classic,+0.599|+0.459|+0.386,13,7,12,15
1665,Sci-Fi|popularity|Fantasy,+0.838|+0.393|+0.332,6,14,14,12
1664,Comedy|popularity|modern,+0.655|+0.540|+0.326,12,8,19,18
1663,Drama|popularity|modern,+0.647|+0.462|+0.429,6,14,10,12
1662,popularity|modern|contemporary,+0.613|+0.328|+0.197,10,10,20,19
1661,modern|popularity|Drama,+0.515|+0.379|+0.330,5,15,13,17
1660,Documentary|modern|niche,+0.855|+0.346|+0.242,12,8,0,5
1659,popularity|Fantasy|Comedy,+0.345|+0.291|+0.288,16,4,4,3
1658,classic|Documentary|popularity,+0.379|+0.369|+0.354,8,12,17,19
1655,contemporary|popularity|Animation,+0.643|+0.614|+0.231,13,7,12,14
1657,Animation|Fantasy|Adventure,+0.586|+0.432|+0.325,11,9,1,2
1654,popularity|Documentary|retro,+0.387|+0.340|+0.312,5,15,9,11
1656,contemporary|popularity|Animation,+0.850|+0.398|+0.324,14,6,5,6
1653,contemporary|popularity|Animation,+0.507|+0.393|+0.260,10,10,9,13
1652,contemporary|popularity|Horror,+0.407|+0.342|+0.322,13,7,4,6
1651,Western|War|classic,+0.835|+0.587|+0.379,16,4,5,7
1649,Drama|popularity|classic,+0.496|+0.336|+0.330,8,12,13,15
1650,Comedy|popularity|modern,+0.767|+0.402|+0.234,11,9,17,16
1648,contemporary|popularity|Thriller,+0.730|+0.436|+0.295,11,9,11,10
1647,popularity|contemporary|modern,+0.407|+0.370|+0.337,7,13,10,6
1646,War|modern|Western,+0.836|+0.368|+0.323,12,8,4,10
1645,Fantasy|Adventure|Animation,+0.792|+0.424|+0.400,8,12,0,12
1644,popularity|modern|Documentary,+0.423|+0.408|+0.343,16,4,19,19
1641,popularity|contemporary|Sci-Fi,+0.418|+0.319|+0.276,11,9,15,9
1643,Horror|Sci-Fi|Mystery,+0.941|+0.327|+0.225,10,10,1,0
1642,retro|Musical|Western,+0.281|+0.231|+0.221,18,2,1,1
1640,Action|Adventure|Sci-Fi,+0.746|+0.293|+0.234,15,5,2,2
1639,Romance|popularity|Comedy,+0.395|+0.321|+0.198,10,10,7,3
1638,contemporary|popularity|Documentary,+0.800|+0.435|+0.286,10,10,11,12
1637,Sci-Fi|modern|popularity,+0.632|+0.295|+0.275,17,3,1,1
1636,Drama|modern|popularity,+0.608|+0.498|+0.364,8,12,10,9
1634,Drama|modern|popularity,+0.703|+0.446|+0.343,10,10,4,7
1635,classic|Horror|niche,+0.312|+0.251|+0.194,11,9,0,0
1633,contemporary|popularity|Sci-Fi,+0.379|+0.370|+0.295,12,8,9,4
1632,Comedy|classic|Musical,+0.428|+0.326|+0.314,14,6,10,15
1631,contemporary|popularity|Musical,+0.336|+0.336|+0.239,11,9,14,10
1628,popularity|retro|Drama,+0.475|+0.234|+0.212,1,19,18,12
1629,Action|popularity|Adventure,+0.860|+0.408|+0.283,9,11,13,8
1630,Sci-Fi|Fantasy|Horror,+0.546|+0.264|+0.243,19,1,1,1
1627,popularity|Action|Documentary,+0.465|+0.434|+0.280,12,8,17,18
1626,contemporary|Drama|modern,+0.645|+0.388|+0.309,12,8,2,7
1625,Mystery|Fantasy|Crime,+0.345|+0.341|+0.318,12,8,10,15
1624,popularity|contemporary|Romance,+0.568|+0.364|+0.325,11,9,19,20
1623,Sci-Fi|popularity|Fantasy,+0.739|+0.396|+0.258,7,13,14,7
1622,Documentary|popularity|contemporary,+0.794|+0.398|+0.288,10,10,1,10
1621,contemporary|popularity|Animation,+0.852|+0.391|+0.268,15,5,4,4
1620,Crime|popularity|Mystery,+0.938|+0.375|+0.276,4,16,7,6
1618,Drama|popularity|classic,+0.572|+0.260|+0.232,10,10,9,7
1617,popularity|modern|Drama,+0.538|+0.507|+0.213,7,13,17,18
1619,Drama|classic|War,+0.544|+0.535|+0.306,9,11,5,12
1616,Action|modern|popularity,+0.816|+0.298|+0.269,12,8,3,6
1614,Adventure|Action|modern,+0.802|+0.360|+0.325,9,11,4,4
1615,contemporary|Crime|popularity,+0.640|+0.278|+0.262,11,9,2,6
1613,classic|popularity|Musical,+0.569|+0.265|+0.252,12,8,3,5
1612,popularity|contemporary|Western,+0.491|+0.468|+0.459,10,10,15,15
1611,Horror|Animation|Sci-Fi,+0.723|+0.319|+0.290,12,8,0,0
1610,Thriller|popularity|Crime,+0.763|+0.503|+0.292,4,16,15,8
1609,popularity|classic|Western,+0.411|+0.235|+0.219,11,9,10,7
1608,contemporary|Western|popularity,+0.437|+0.351|+0.327,14,6,9,7
1825,modern|popularity|Drama,+0.587|+0.438|+0.155,4,16,10,11
1607,popularity|Drama|retro,+0.383|+0.254|+0.221,6,14,13,3
1606,Thriller|modern|Mystery,+0.801|+0.383|+0.280,6,14,3,4
1605,Drama|niche|modern,+0.361|+0.311|+0.284,10,10,6,6
1604,Drama|modern|popularity,+0.595|+0.454|+0.431,6,14,12,14
1603,Mystery|Crime|Thriller,+0.856|+0.394|+0.334,15,5,1,2
1602,contemporary|popularity|Documentary,+0.594|+0.568|+0.265,12,8,8,14
1601,Action|Adventure|modern,+0.811|+0.246|+0.239,13,7,2,5
1600,retro|Fantasy|Documentary,+0.283|+0.258|+0.213,15,5,0,0
1599,Horror|modern|popularity,+0.584|+0.320|+0.291,5,15,7,12
1598,Sci-Fi|Horror|Adventure,+0.615|+0.257|+0.244,18,2,1,1
1597,popularity|Documentary|modern,+0.687|+0.244|+0.219,6,14,17,18
1596,Western|popularity|contemporary,+0.410|+0.391|+0.348,12,8,11,6
1595,retro|popularity|Documentary,+0.655|+0.333|+0.209,8,12,16,13
1594,Comedy|popularity|Musical,+0.834|+0.298|+0.220,9,11,11,7
1593,Horror|popularity|Sci-Fi,+0.864|+0.305|+0.296,4,16,5,4
1592,Comedy|popularity|Musical,+0.823|+0.339|+0.184,6,14,9,6
1591,Drama|modern|popularity,+0.487|+0.432|+0.359,12,8,15,18
1590,retro|popularity|Documentary,+0.638|+0.324|+0.199,9,11,14,12
1589,contemporary|Horror|Sci-Fi,+0.543|+0.364|+0.332,15,5,2,4
1588,popularity|contemporary|Comedy,+0.527|+0.476|+0.351,15,5,14,14
1587,contemporary|popularity|modern,+0.642|+0.411|+0.278,8,12,6,10
1586,Mystery|Fantasy|classic,+0.401|+0.392|+0.385,16,4,9,11
1585,Comedy|retro|popularity,+0.629|+0.493|+0.400,9,11,13,14
1584,Comedy|popularity|Documentary,+0.823|+0.322|+0.211,12,8,12,9
1583,Fantasy|popularity|Sci-Fi,+0.771|+0.402|+0.312,17,3,11,10
1579,popularity|classic|Fantasy,+0.358|+0.320|+0.297,14,6,11,8
1580,Romance|popularity|War,+0.778|+0.413|+0.238,9,11,10,8
1578,Action|popularity|War,+0.745|+0.493|+0.241,8,12,18,12
1582,popularity|Animation|contemporary,+0.294|+0.252|+0.230,19,1,8,8
1577,retro|popularity|Documentary,+0.591|+0.379|+0.195,6,14,15,14
1576,Romance|Musical|popularity,+0.962|+0.325|+0.311,3,17,7,1
1574,Animation|Musical|Fantasy,+0.935|+0.510|+0.299,16,4,1,2
1575,contemporary|popularity|Action,+0.556|+0.492|+0.402,16,4,15,17
1573,contemporary|Animation|Fantasy,+0.778|+0.277|+0.271,14,6,0,4
1572,contemporary|Western|popularity,+0.393|+0.376|+0.332,15,5,6,6
1571,Thriller|popularity|Mystery,+0.663|+0.438|+0.285,9,11,15,13
1570,Mystery|Fantasy|classic,+0.456|+0.417|+0.396,15,5,4,6
1569,Drama|popularity|War,+0.603|+0.247|+0.202,9,11,5,1
1568,popularity|Comedy|Animation,+0.824|+0.306|+0.282,3,17,20,19
1567,Drama|classic|War,+0.525|+0.331|+0.279,10,10,5,8
1566,popularity|Action|War,+0.495|+0.492|+0.341,6,14,16,17
1564,Action|popularity|Adventure,+0.705|+0.289|+0.282,14,6,1,1
1565,Comedy|modern|popularity,+0.782|+0.375|+0.343,11,9,10,9
1563,contemporary|Sci-Fi|popularity,+0.500|+0.338|+0.320,14,6,3,3
1562,Horror|modern|Mystery,+0.725|+0.351|+0.242,10,10,0,1
1559,Musical|Animation|classic,+0.856|+0.491|+0.389,13,7,7,9
1560,contemporary|Western|popularity,+0.406|+0.391|+0.353,15,5,8,7
1558,Action|popularity|Sci-Fi,+0.688|+0.605|+0.239,6,14,19,16
1561,classic|Drama|Documentary,+0.493|+0.325|+0.302,8,12,5,14
1556,contemporary|popularity|Animation,+0.580|+0.529|+0.258,9,11,12,13
1555,popularity|Comedy|retro,+0.648|+0.215|+0.211,2,18,19,16
1554,Thriller|popularity|Mystery,+0.775|+0.418|+0.275,5,15,9,4
1553,Romance|popularity|Musical,+0.848|+0.469|+0.381,6,14,14,6
1552,Comedy|retro|Fantasy,+0.717|+0.402|+0.211,15,5,0,0
1550,modern|popularity|Documentary,+0.466|+0.454|+0.265,9,11,19,19
1549,contemporary|popularity|Sci-Fi,+0.390|+0.366|+0.291,15,5,4,3
1548,classic|contemporary|popularity,+0.305|+0.291|+0.277,16,4,7,6
1547,popularity|classic|War,+0.489|+0.273|+0.248,7,13,20,19
1546,popularity|Crime|Comedy,+0.656|+0.404|+0.328,4,16,19,18
1545,Documentary|Fantasy|War,+0.976|+0.246|+0.237,14,6,1,1
1551,popularity|contemporary|Documentary,+0.512|+0.338|+0.264,10,10,15,12
1544,Western|popularity|contemporary,+0.399|+0.360|+0.345,14,6,8,7
1543,Mystery|popularity|Crime,+0.805|+0.442|+0.352,12,8,6,5
1542,popularity|retro|Documentary,+0.565|+0.491|+0.217,12,8,19,19
1540,contemporary|popularity|Documentary,+0.569|+0.417|+0.400,12,8,7,13
1541,popularity|classic|Western,+0.487|+0.375|+0.294,10,10,14,17
1539,classic|Musical|Western,+0.641|+0.278|+0.256,13,7,1,3
1538,contemporary|popularity|Fantasy,+0.694|+0.489|+0.300,10,10,7,12
1537,contemporary|popularity|Sci-Fi,+0.768|+0.365|+0.280,8,12,6,13
1535,Comedy|retro|popularity,+0.445|+0.241|+0.215,18,2,6,5
1536,popularity|Action|Western,+0.565|+0.443|+0.322,12,8,18,17
1533,contemporary|popularity|Animation,+0.707|+0.469|+0.270,15,5,9,12
1532,popularity|contemporary|Animation,+0.389|+0.324|+0.271,15,5,7,4
1531,contemporary|Horror|Sci-Fi,+0.427|+0.353|+0.327,14,6,3,5
1530,popularity|modern|Fantasy,+0.412|+0.305|+0.183,12,8,12,11
1529,Adventure|Action|modern,+0.841|+0.334|+0.328,11,9,8,10
1528,popularity|Comedy|Animation,+0.568|+0.458|+0.263,12,8,20,17
1527,contemporary|popularity|Horror,+0.780|+0.350|+0.275,12,8,4,6
1534,Drama|popularity|War,+0.640|+0.464|+0.217,8,12,13,6
1526,Romance|popularity|Musical,+0.836|+0.369|+0.282,8,12,10,11
1525,Animation|Musical|popularity,+0.687|+0.414|+0.396,13,7,13,14
1524,Mystery|popularity|classic,+0.485|+0.450|+0.389,14,6,10,14
1523,Action|popularity|Sci-Fi,+0.771|+0.416|+0.242,6,14,18,9
1521,Mystery|Thriller|Crime,+0.822|+0.397|+0.387,16,4,2,3
1522,Sci-Fi|popularity|Fantasy,+0.808|+0.343|+0.280,10,10,13,9
1520,popularity|contemporary|Sci-Fi,+0.394|+0.380|+0.311,14,6,5,4
1519,popularity|Sci-Fi|retro,+0.582|+0.406|+0.319,3,17,20,10
1518,Sci-Fi|popularity|Fantasy,+0.635|+0.404|+0.307,12,8,17,15
1517,modern|popularity|Documentary,+0.516|+0.370|+0.336,7,13,16,18
1516,modern|popularity|Comedy,+0.551|+0.266|+0.264,9,11,4,5
1515,popularity|contemporary|Sci-Fi,+0.440|+0.357|+0.292,10,10,13,9
1514,popularity|Sci-Fi|War,+0.496|+0.415|+0.275,13,7,19,19
1512,contemporary|popularity|Sci-Fi,+0.438|+0.320|+0.310,15,5,3,3
1513,Horror|classic|retro,+0.751|+0.330|+0.306,12,8,5,7
1511,retro|Drama|popularity,+0.586|+0.330|+0.272,13,7,9,8
1510,contemporary|Horror|Sci-Fi,+0.403|+0.372|+0.322,14,6,2,2
1509,contemporary|popularity|Horror,+0.482|+0.309|+0.282,10,10,2,3
1508,Action|popularity|modern,+0.789|+0.434|+0.282,10,10,13,13
1507,Animation|Musical|popularity,+0.902|+0.482|+0.317,11,9,1,1
1581,popularity|Sci-Fi|modern,+0.577|+0.395|+0.390,13,7,17,17
1506,popularity|Fantasy|Adventure,+0.517|+0.330|+0.311,8,12,13,11
1504,Comedy|popularity|modern,+0.681|+0.489|+0.320,11,9,16,18
1503,popularity|Sci-Fi|Thriller,+0.449|+0.238|+0.237,7,13,14,7
1501,contemporary|popularity|Animation,+0.694|+0.550|+0.265,14,6,11,14
1500,Fantasy|popularity|Animation,+0.801|+0.477|+0.277,11,9,6,4
1502,contemporary|popularity|Fantasy,+0.841|+0.327|+0.263,8,12,2,6
1499,popularity|contemporary|Action,+0.665|+0.313|+0.308,3,17,19,10
1497,Action|Sci-Fi|popularity,+0.874|+0.291|+0.283,7,13,8,6
1498,popularity|Thriller|Sci-Fi,+0.749|+0.215|+0.211,6,14,20,16
1496,Horror|retro|niche,+0.683|+0.249|+0.195,12,8,0,0
1495,Fantasy|Animation|Adventure,+0.495|+0.485|+0.352,12,8,0,0
1494,popularity|Fantasy|Adventure,+0.615|+0.585|+0.542,10,10,14,14
1493,Comedy|popularity|modern,+0.645|+0.537|+0.331,13,7,19,18
1492,Action|Adventure|Sci-Fi,+0.739|+0.288|+0.266,12,8,3,2
1491,Comedy|popularity|modern,+0.520|+0.493|+0.467,9,11,15,16
1490,Action|Adventure|popularity,+0.892|+0.284|+0.280,10,10,7,6
1489,contemporary|niche|classic,+0.750|+0.433|+0.302,10,10,1,2
1488,Action|popularity|War,+0.592|+0.502|+0.291,9,11,19,18
1487,contemporary|popularity|Horror,+0.869|+0.273|+0.267,13,7,3,4
1486,popularity|contemporary|Animation,+0.370|+0.298|+0.292,15,5,8,5
1484,modern|Comedy|Thriller,+0.621|+0.147|+0.118,6,14,2,3
1485,Comedy|popularity|retro,+0.562|+0.552|+0.434,14,6,16,20
1483,contemporary|popularity|Horror,+0.838|+0.492|+0.324,14,6,5,5
1482,Mystery|popularity|classic,+0.585|+0.379|+0.343,13,7,6,9
1479,classic|popularity|Documentary,+0.412|+0.349|+0.322,12,8,16,17
1481,Romance|popularity|modern,+0.627|+0.498|+0.472,8,12,12,6
1478,popularity|Animation|Musical,+0.582|+0.386|+0.302,6,14,12,15
1476,popularity|Documentary|Animation,+0.546|+0.280|+0.259,11,9,20,18
1477,Mystery|classic|popularity,+0.786|+0.317|+0.292,11,9,1,5
1474,Musical|Animation|classic,+0.841|+0.432|+0.389,15,5,7,8
1473,classic|Western|Musical,+0.439|+0.331|+0.324,11,9,1,3
1475,Romance|modern|popularity,+0.813|+0.440|+0.271,8,12,6,6
1472,Musical|Animation|classic,+0.868|+0.610|+0.393,12,8,7,10
1470,Western|popularity|Action,+0.626|+0.458|+0.252,11,9,5,6
1471,popularity|contemporary|Sci-Fi,+0.421|+0.283|+0.270,15,5,16,12
1469,Comedy|popularity|Musical,+0.717|+0.335|+0.253,10,10,17,12
1468,Action|popularity|Crime,+0.797|+0.475|+0.240,2,18,14,10
1467,contemporary|Animation|Western,+0.405|+0.387|+0.374,15,5,7,11
1480,contemporary|popularity|Crime,+0.808|+0.342|+0.266,8,12,2,8
1466,Action|Sci-Fi|Adventure,+0.834|+0.283|+0.280,12,8,4,5
1465,classic|Horror|Adventure,+0.571|+0.244|+0.196,13,7,2,3
1463,popularity|contemporary|Romance,+0.397|+0.390|+0.354,17,3,6,4
1464,popularity|War|Action,+0.596|+0.575|+0.424,10,10,16,13
1462,contemporary|popularity|Sci-Fi,+0.434|+0.310|+0.307,15,5,3,3
1461,Mystery|popularity|Thriller,+0.910|+0.347|+0.326,6,14,4,1
1460,contemporary|popularity|Sci-Fi,+0.507|+0.387|+0.282,16,4,9,8
1459,Comedy|popularity|modern,+0.661|+0.411|+0.407,12,8,15,17
1458,popularity|Horror|Animation,+0.659|+0.386|+0.250,10,10,11,12
1457,contemporary|popularity|Crime,+0.456|+0.362|+0.253,5,15,7,10
1456,popularity|Action|Crime,+0.696|+0.643|+0.270,1,19,19,12
1454,War|Western|modern,+0.859|+0.418|+0.327,14,6,6,11
1452,contemporary|Crime|popularity,+0.574|+0.240|+0.226,11,9,2,4
1453,popularity|contemporary|Horror,+0.321|+0.277|+0.209,17,3,7,5
1451,Drama|popularity|retro,+0.791|+0.246|+0.165,7,13,5,3
1455,Sci-Fi|popularity|Fantasy,+0.554|+0.384|+0.358,13,7,16,16
1450,Horror|popularity|Fantasy,+0.626|+0.492|+0.337,9,11,12,11
1446,classic|Documentary|popularity,+0.391|+0.318|+0.281,13,7,17,16
1448,contemporary|modern|Crime,+0.875|+0.249|+0.246,7,13,0,3
1445,contemporary|popularity|Animation,+0.333|+0.301|+0.260,17,3,8,7
1449,contemporary|popularity|Animation,+0.741|+0.395|+0.197,14,6,10,13
1447,Sci-Fi|Adventure|popularity,+0.617|+0.582|+0.453,7,13,12,9
1443,popularity|classic|Animation,+0.482|+0.304|+0.300,10,10,20,20
1444,contemporary|popularity|Animation,+0.908|+0.313|+0.266,14,6,2,2
1442,Animation|Musical|Fantasy,+0.925|+0.547|+0.342,15,5,0,0
1441,Comedy|modern|popularity,+0.789|+0.345|+0.169,11,9,4,3
1440,contemporary|popularity|Sci-Fi,+0.735|+0.465|+0.334,14,6,8,7
1439,Fantasy|Crime|Mystery,+0.401|+0.375|+0.349,18,2,4,5
1438,popularity|contemporary|Action,+0.372|+0.314|+0.234,16,4,8,8
1437,popularity|retro|Drama,+0.550|+0.229|+0.188,4,16,18,12
1436,Mystery|popularity|Crime,+0.788|+0.367|+0.272,14,6,2,6
1435,contemporary|popularity|Sci-Fi,+0.488|+0.318|+0.302,14,6,6,3
1434,Horror|Sci-Fi|contemporary,+0.923|+0.244|+0.216,12,8,0,0
1433,Action|Adventure|Fantasy,+0.686|+0.306|+0.270,13,7,0,1
1432,popularity|Sci-Fi|Horror,+0.492|+0.412|+0.300,12,8,18,19
1430,contemporary|popularity|Animation,+0.618|+0.411|+0.358,8,12,7,5
1429,popularity|contemporary|Sci-Fi,+0.404|+0.277|+0.266,15,5,15,11
1431,popularity|Musical|contemporary,+0.435|+0.279|+0.274,13,7,15,10
1427,Animation|Musical|Fantasy,+0.892|+0.485|+0.427,17,3,0,0
1426,popularity|Romance|classic,+0.536|+0.456|+0.304,9,11,12,13
1423,contemporary|popularity|modern,+0.643|+0.356|+0.249,13,7,9,12
1425,Horror|retro|niche,+0.527|+0.189|+0.128,17,3,0,0
1424,Horror|modern|Sci-Fi,+0.758|+0.379|+0.233,10,10,0,0
1422,Crime|popularity|Mystery,+0.644|+0.497|+0.166,11,9,12,13
1421,Documentary|popularity|Musical,+0.765|+0.480|+0.350,6,14,3,15
1420,Adventure|popularity|War,+0.660|+0.397|+0.342,15,5,9,11
1419,contemporary|Horror|Fantasy,+0.695|+0.425|+0.269,1,19,2,17
1418,Action|Adventure|Fantasy,+0.695|+0.326|+0.264,14,6,0,1
1416,popularity|Musical|contemporary,+0.368|+0.278|+0.257,17,3,10,9
1415,Musical|classic|popularity,+0.567|+0.488|+0.471,12,8,5,6
1417,contemporary|popularity|Animation,+0.818|+0.370|+0.255,14,6,8,7
1414,Action|modern|popularity,+0.801|+0.290|+0.264,13,7,4,7
1413,classic|Documentary|popularity,+0.352|+0.303|+0.283,10,10,14,13
1412,popularity|Animation|Action,+0.325|+0.278|+0.212,18,2,6,7
1411,Western|contemporary|popularity,+0.407|+0.331|+0.328,16,4,7,5
1409,Sci-Fi|popularity|Fantasy,+0.781|+0.497|+0.297,7,13,17,13
1408,Horror|popularity|retro,+0.805|+0.376|+0.296,8,12,9,4
1407,contemporary|popularity|Mystery,+0.929|+0.261|+0.237,12,8,3,4
1406,Drama|popularity|modern,+0.548|+0.520|+0.402,10,10,14,18
1405,Comedy|popularity|Musical,+0.695|+0.359|+0.244,12,8,12,11
1404,contemporary|popularity|Documentary,+0.470|+0.321|+0.229,11,9,14,12
1402,popularity|modern|Animation,+0.558|+0.504|+0.209,8,12,18,19
1401,popularity|Documentary|classic,+0.448|+0.306|+0.278,9,11,18,17
1403,Sci-Fi|popularity|Fantasy,+0.782|+0.406|+0.313,7,13,14,11
1410,Animation|Musical|popularity,+0.302|+0.243|+0.204,14,6,9,10
1399,contemporary|popularity|Crime,+0.624|+0.560|+0.249,11,9,8,13
1400,popularity|modern|Documentary,+0.530|+0.482|+0.363,6,14,19,19
1397,Comedy|popularity|classic,+0.576|+0.313|+0.267,15,5,16,15
1398,Mystery|classic|popularity,+0.835|+0.321|+0.296,9,11,0,3
1396,Thriller|popularity|Mystery,+0.747|+0.489|+0.329,7,13,12,10
1393,modern|popularity|Drama,+0.520|+0.505|+0.200,6,14,16,15
1394,contemporary|popularity|Sci-Fi,+0.605|+0.432|+0.244,13,7,8,10
1395,contemporary|popularity|Sci-Fi,+0.803|+0.357|+0.291,9,11,4,7
1392,retro|Western|Sci-Fi,+0.310|+0.205|+0.203,17,3,3,3
1390,popularity|Romance|Musical,+0.676|+0.432|+0.206,6,14,13,10
1389,modern|popularity|Drama,+0.571|+0.469|+0.290,5,15,14,15
1388,Thriller|modern|popularity,+0.762|+0.384|+0.364,9,11,9,5
1391,Comedy|popularity|Musical,+0.725|+0.475|+0.253,8,12,19,19
1387,War|Western|Romance,+0.929|+0.338|+0.269,18,2,7,8
1386,popularity|Comedy|Animation,+0.564|+0.494|+0.244,11,9,19,18
1385,popularity|contemporary|Sci-Fi,+0.426|+0.296|+0.277,10,10,16,9
1384,popularity|contemporary|Sci-Fi,+0.468|+0.438|+0.274,11,9,16,12
1383,classic|popularity|Mystery,+0.388|+0.314|+0.277,18,2,10,12
1381,contemporary|popularity|Sci-Fi,+0.825|+0.358|+0.261,14,6,3,4
1380,Adventure|popularity|Action,+0.805|+0.450|+0.419,6,14,13,10
1382,classic|Documentary|War,+0.539|+0.379|+0.296,8,12,10,17
1378,contemporary|popularity|Documentary,+0.584|+0.378|+0.289,11,9,6,10
1379,popularity|Animation|contemporary,+0.265|+0.225|+0.206,18,2,8,8
1377,Action|Adventure|Sci-Fi,+0.803|+0.279|+0.222,10,10,0,1
1376,Drama|modern|popularity,+0.675|+0.471|+0.373,7,13,9,11
1375,Romance|modern|popularity,+0.769|+0.394|+0.370,11,9,13,10
1374,Drama|popularity|classic,+0.544|+0.285|+0.256,10,10,9,9
1373,Sci-Fi|popularity|Fantasy,+0.744|+0.378|+0.256,5,15,15,5
1372,Sci-Fi|popularity|Action,+0.644|+0.373|+0.297,18,2,3,3
1371,contemporary|Documentary|Comedy,+0.875|+0.571|+0.244,2,18,0,9
1370,Crime|popularity|retro,+0.547|+0.547|+0.329,4,16,13,6
1369,Horror|retro|niche,+0.576|+0.291|+0.162,13,7,0,0
1368,contemporary|popularity|Comedy,+0.740|+0.439|+0.275,14,6,8,8
1367,popularity|Drama|War,+0.424|+0.343|+0.297,14,6,20,18
1366,popularity|Drama|retro,+0.637|+0.238|+0.223,1,19,19,18
1364,Comedy|Musical|popularity,+0.631|+0.325|+0.307,13,7,11,11
1363,Documentary|modern|popularity,+0.911|+0.300|+0.285,11,9,0,8
1365,Western|War|classic,+0.957|+0.377|+0.371,14,6,4,6
1362,classic|Western|Documentary,+0.449|+0.398|+0.369,9,11,15,19
1361,popularity|Drama|Animation,+0.583|+0.246|+0.175,3,17,19,10
1360,Drama|popularity|War,+0.708|+0.437|+0.236,3,17,10,4
1358,Action|Adventure|Sci-Fi,+0.814|+0.314|+0.248,11,9,0,1
1359,popularity|contemporary|Animation,+0.352|+0.333|+0.313,16,4,7,6
1357,Horror|contemporary|Mystery,+0.744|+0.294|+0.237,11,9,0,0
1356,Sci-Fi|popularity|Fantasy,+0.625|+0.429|+0.320,12,8,16,16
1355,Romance|popularity|War,+0.836|+0.368|+0.279,8,12,10,4
1354,popularity|Drama|retro,+0.427|+0.236|+0.211,8,12,7,7
1353,Comedy|popularity|Musical,+0.683|+0.435|+0.348,9,11,18,19
1352,Drama|niche|classic,+0.681|+0.464|+0.321,8,12,5,3
1351,popularity|Comedy|Animation,+0.782|+0.353|+0.263,12,8,20,19
1350,Comedy|popularity|Musical,+0.795|+0.460|+0.207,7,13,20,18
1349,Action|popularity|Sci-Fi,+0.783|+0.441|+0.240,5,15,19,9
1347,Romance|contemporary|modern,+0.632|+0.370|+0.365,12,8,8,12
1348,Musical|Animation|classic,+0.887|+0.488|+0.413,10,10,7,12
1346,Horror|popularity|classic,+0.597|+0.392|+0.282,8,12,6,4
1345,Comedy|modern|popularity,+0.809|+0.436|+0.330,8,12,15,10
1344,Comedy|popularity|Musical,+0.646|+0.517|+0.220,12,8,19,19
1343,contemporary|popularity|Sci-Fi,+0.731|+0.385|+0.343,9,11,7,8
1342,Action|popularity|modern,+0.729|+0.393|+0.293,13,7,15,15
1341,Horror|niche|modern,+0.607|+0.306|+0.253,11,9,0,0
1340,Action|popularity|Adventure,+0.753|+0.344|+0.295,13,7,1,1
1338,contemporary|popularity|Mystery,+0.477|+0.462|+0.286,9,11,10,5
1339,contemporary|popularity|Mystery,+0.755|+0.468|+0.257,14,6,10,10
1336,popularity|modern|Documentary,+0.492|+0.462|+0.283,12,8,20,20
1335,popularity|Musical|Animation,+0.264|+0.223|+0.222,18,2,7,6
1337,Animation|Fantasy|Musical,+0.601|+0.464|+0.392,13,7,0,1
1334,popularity|Sci-Fi|modern,+0.578|+0.490|+0.221,11,9,19,19
1333,contemporary|popularity|Mystery,+0.698|+0.483|+0.236,15,5,10,13
1332,Comedy|popularity|Musical,+0.748|+0.496|+0.235,9,11,20,18
1331,Drama|popularity|War,+0.761|+0.301|+0.203,6,14,8,4
1330,Western|classic|popularity,+0.871|+0.359|+0.335,17,3,5,5
1329,contemporary|popularity|Animation,+0.782|+0.571|+0.252,11,9,10,10
1328,Action|Sci-Fi|Adventure,+0.850|+0.292|+0.279,10,10,5,7
1326,modern|popularity|Drama,+0.512|+0.470|+0.227,6,14,17,18
1324,popularity|classic|Documentary,+0.473|+0.310|+0.255,8,12,16,16
1325,contemporary|popularity|Mystery,+0.807|+0.433|+0.251,14,6,8,11
1327,Musical|Animation|modern,+0.824|+0.612|+0.301,10,10,1,4
1323,Romance|Fantasy|retro,+0.530|+0.442|+0.382,6,14,3,10
1322,Sci-Fi|Fantasy|popularity,+0.614|+0.443|+0.374,13,7,15,16
1321,contemporary|popularity|Comedy,+0.668|+0.536|+0.287,11,9,11,15
1320,popularity|Documentary|contemporary,+0.423|+0.306|+0.287,14,6,20,19
1319,popularity|Comedy|contemporary,+0.697|+0.545|+0.221,3,17,18,16
1316,popularity|contemporary|Comedy,+0.363|+0.333|+0.310,15,5,7,4
1317,retro|popularity|contemporary,+0.639|+0.160|+0.130,13,7,0,0
1318,contemporary|popularity|Sci-Fi,+0.680|+0.388|+0.277,16,4,9,8
1315,contemporary|popularity|Documentary,+0.810|+0.355|+0.284,11,9,7,12
1314,Fantasy|Animation|Adventure,+0.445|+0.402|+0.306,10,10,0,0
1313,contemporary|popularity|Action,+0.785|+0.499|+0.335,11,9,6,4
1312,Sci-Fi|Fantasy|Horror,+0.601|+0.303|+0.295,16,4,1,1
1311,Horror|popularity|retro,+0.790|+0.393|+0.295,9,11,8,8
1310,retro|Drama|popularity,+0.609|+0.504|+0.309,9,11,9,6
1309,contemporary|popularity|Horror,+0.797|+0.382|+0.254,12,8,1,4
1308,contemporary|popularity|Action,+0.725|+0.557|+0.344,12,8,12,9
1307,Action|popularity|Sci-Fi,+0.597|+0.546|+0.252,9,11,19,17
1306,modern|popularity|Thriller,+0.634|+0.506|+0.393,4,16,12,12
1305,Documentary|Musical|Comedy,+0.941|+0.328|+0.247,13,7,1,6
1304,Fantasy|popularity|Sci-Fi,+0.905|+0.413|+0.360,15,5,10,6
1303,Documentary|contemporary|Fantasy,+0.976|+0.236|+0.217,14,6,0,1
1301,popularity|contemporary|Musical,+0.481|+0.380|+0.224,6,14,11,9
1299,Action|popularity|Adventure,+0.860|+0.428|+0.252,6,14,14,11
1300,contemporary|popularity|Western,+0.446|+0.380|+0.359,13,7,9,7
1298,Adventure|popularity|Fantasy,+0.777|+0.408|+0.389,6,14,4,6
1297,Thriller|Horror|Mystery,+0.772|+0.296|+0.263,10,10,1,2
1302,Mystery|Thriller|modern,+0.517|+0.437|+0.414,10,10,4,5
1296,retro|popularity|Documentary,+0.579|+0.550|+0.175,10,10,19,19
1295,contemporary|popularity|Documentary,+0.818|+0.308|+0.219,12,8,5,7
1293,Comedy|popularity|modern,+0.749|+0.439|+0.354,7,13,15,12
1294,Fantasy|Adventure|Sci-Fi,+0.928|+0.360|+0.316,17,3,6,4
1292,contemporary|popularity|Sci-Fi,+0.612|+0.415|+0.286,15,5,10,9
1291,Comedy|popularity|retro,+0.680|+0.398|+0.299,9,11,11,10
1290,Horror|popularity|contemporary,+0.572|+0.420|+0.325,11,9,8,8
1289,Drama|popularity|classic,+0.434|+0.406|+0.339,9,11,15,17
1288,Horror|modern|popularity,+0.787|+0.366|+0.255,10,10,4,6
1286,Western|classic|War,+0.966|+0.376|+0.371,13,7,1,4
1285,popularity|contemporary|niche,+0.330|+0.317|+0.280,8,12,5,8
1284,contemporary|popularity|Horror,+0.908|+0.283|+0.266,15,5,2,2
1282,Comedy|popularity|Musical,+0.664|+0.602|+0.211,10,10,20,19
1281,contemporary|popularity|Documentary,+0.695|+0.378|+0.302,12,8,7,11
1280,contemporary|popularity|Western,+0.544|+0.405|+0.359,15,5,8,7
1279,popularity|Drama|modern,+0.448|+0.422|+0.248,5,15,7,9
1283,popularity|Crime|Animation,+0.651|+0.536|+0.275,12,8,16,19
1278,War|popularity|Western,+0.817|+0.526|+0.248,12,8,14,10
1277,popularity|Documentary|Sci-Fi,+0.493|+0.204|+0.198,15,5,20,15
1276,Comedy|popularity|Musical,+0.827|+0.330|+0.219,6,14,14,11
1275,War|popularity|Western,+0.890|+0.387|+0.304,9,11,9,5
1274,classic|niche|retro,+0.383|+0.338|+0.299,7,13,7,4
1273,Comedy|popularity|Musical,+0.840|+0.271|+0.185,6,14,3,6
1272,Crime|popularity|Thriller,+0.772|+0.482|+0.348,8,12,13,15
1271,Fantasy|Animation|Adventure,+0.873|+0.415|+0.373,11,9,0,9
1270,contemporary|popularity|Horror,+0.879|+0.255|+0.249,12,8,3,4
1269,popularity|Western|Animation,+0.390|+0.331|+0.323,17,3,8,7
1268,Comedy|retro|popularity,+0.348|+0.300|+0.273,15,5,6,5
1267,Adventure|Action|popularity,+0.480|+0.356|+0.347,8,12,12,5
1266,Animation|niche|Fantasy,+0.509|+0.297|+0.270,9,11,0,0
1264,contemporary|popularity|modern,+0.686|+0.429|+0.258,9,11,9,13
1263,contemporary|popularity|Western,+0.422|+0.379|+0.357,14,6,11,9
1262,contemporary|popularity|Mystery,+0.902|+0.334|+0.241,13,7,2,4
1261,contemporary|Horror|Sci-Fi,+0.430|+0.322|+0.311,14,6,2,6
1557,Fantasy|Animation|Adventure,+0.896|+0.384|+0.378,7,13,0,12
1260,retro|popularity|Documentary,+0.360|+0.347|+0.307,13,7,17,13
1259,Sci-Fi|popularity|Fantasy,+0.607|+0.388|+0.302,13,7,16,16
1258,Crime|popularity|Mystery,+0.790|+0.334|+0.252,10,10,12,11
1255,Comedy|popularity|Documentary,+0.703|+0.344|+0.237,15,5,17,14
1256,Thriller|popularity|Mystery,+0.719|+0.324|+0.292,12,8,6,2
1257,Adventure|Fantasy|popularity,+0.892|+0.350|+0.285,12,8,1,1
1254,Romance|Musical|Adventure,+0.836|+0.285|+0.255,14,6,1,0
1253,Comedy|modern|popularity,+0.738|+0.400|+0.328,9,11,11,13
1252,contemporary|niche|Drama,+0.546|+0.414|+0.400,3,17,2,10
1251,popularity|Western|Animation,+0.361|+0.320|+0.302,16,4,8,7
1250,contemporary|popularity|Crime,+0.664|+0.387|+0.284,11,9,4,8
1249,Sci-Fi|popularity|Fantasy,+0.643|+0.385|+0.267,9,11,16,10
1247,contemporary|popularity|classic,+0.775|+0.349|+0.316,12,8,7,5
1248,Mystery|Thriller|Crime,+0.969|+0.344|+0.342,15,5,1,2
1246,contemporary|Sci-Fi|popularity,+0.655|+0.342|+0.322,8,12,7,5
1245,Sci-Fi|popularity|Fantasy,+0.687|+0.417|+0.280,8,12,17,12
1244,contemporary|Sci-Fi|classic,+0.704|+0.299|+0.260,9,11,3,14
1243,Drama|popularity|Fantasy,+0.513|+0.408|+0.210,6,14,12,10
1242,War|contemporary|popularity,+0.448|+0.349|+0.343,12,8,9,7
1241,contemporary|Comedy|popularity,+0.439|+0.378|+0.314,11,9,2,4
1240,contemporary|popularity|Animation,+0.894|+0.299|+0.246,15,5,4,4
1239,modern|popularity|Drama,+0.526|+0.484|+0.217,5,15,17,18
1237,Mystery|popularity|Thriller,+0.856|+0.484|+0.330,12,8,6,2
1238,Romance|Musical|popularity,+0.367|+0.327|+0.293,14,6,6,4
1236,Action|retro|popularity,+0.653|+0.564|+0.488,9,11,11,5
1235,Drama|modern|popularity,+0.548|+0.449|+0.226,11,9,0,0
1234,popularity|contemporary|Sci-Fi,+0.512|+0.356|+0.221,17,3,19,18
1233,Sci-Fi|popularity|Fantasy,+0.600|+0.346|+0.306,12,8,14,14
1232,Comedy|popularity|Musical,+0.840|+0.395|+0.181,7,13,12,11
1230,popularity|Documentary|Animation,+0.511|+0.325|+0.269,15,5,20,20
1229,Drama|popularity|modern,+0.502|+0.322|+0.281,9,11,17,14
1227,contemporary|Documentary|popularity,+0.876|+0.280|+0.277,10,10,2,6
1231,popularity|modern|Animation,+0.614|+0.538|+0.158,2,18,19,16
1228,Mystery|popularity|Drama,+0.644|+0.431|+0.386,9,11,2,3
1226,contemporary|Fantasy|Horror,+0.699|+0.290|+0.245,9,11,2,8
1225,Crime|popularity|Mystery,+0.696|+0.628|+0.275,4,16,11,7
1223,popularity|contemporary|Comedy,+0.580|+0.467|+0.400,11,9,15,20
1222,popularity|Comedy|retro,+0.469|+0.445|+0.310,9,11,19,15
1224,contemporary|popularity|Documentary,+0.847|+0.286|+0.264,6,14,2,7
1221,Comedy|Musical|Fantasy,+0.816|+0.146|+0.128,10,10,0,1
1220,popularity|contemporary|Action,+0.424|+0.286|+0.164,7,13,14,7
1219,contemporary|popularity|Crime,+0.853|+0.359|+0.241,8,12,5,9
1218,contemporary|popularity|Crime,+0.618|+0.469|+0.257,11,9,7,12
1217,contemporary|popularity|Animation,+0.667|+0.495|+0.250,15,5,12,12
1216,Animation|retro|popularity,+0.301|+0.282|+0.231,12,8,3,3
1215,Sci-Fi|popularity|Action,+0.861|+0.362|+0.315,9,11,14,9
1211,Adventure|Fantasy|popularity,+0.642|+0.533|+0.432,8,12,11,13
1214,Adventure|Fantasy|Animation,+0.776|+0.348|+0.322,14,6,1,1
1212,Crime|Mystery|Thriller,+0.891|+0.327|+0.274,14,6,3,6
1213,classic|War|popularity,+0.577|+0.298|+0.291,12,8,4,8
1210,Action|popularity|Sci-Fi,+0.674|+0.493|+0.252,6,14,20,15
1209,retro|Horror|popularity,+0.663|+0.208|+0.161,13,7,2,2
1208,contemporary|Sci-Fi|Horror,+0.464|+0.301|+0.283,13,7,6,8
1207,retro|popularity|Horror,+0.692|+0.372|+0.292,6,14,13,13
1206,Sci-Fi|Horror|contemporary,+0.582|+0.257|+0.234,18,2,1,1
1205,Comedy|modern|popularity,+0.717|+0.399|+0.372,12,8,15,11
1204,Sci-Fi|popularity|Fantasy,+0.739|+0.537|+0.337,5,15,19,10
1203,contemporary|popularity|Sci-Fi,+0.597|+0.384|+0.211,12,8,7,9
1202,Action|Thriller|popularity,+0.653|+0.418|+0.414,8,12,14,12
1201,Western|popularity|Fantasy,+0.864|+0.449|+0.349,16,4,5,5
1200,contemporary|popularity|Western,+0.339|+0.280|+0.279,16,4,5,3
1199,retro|popularity|classic,+0.522|+0.417|+0.322,3,17,16,7
1198,popularity|Action|retro,+0.422|+0.372|+0.299,11,9,8,4
1197,Thriller|popularity|Mystery,+0.602|+0.404|+0.370,10,10,14,11
1196,popularity|Drama|Animation,+0.622|+0.224|+0.185,3,17,16,15
1195,contemporary|popularity|Animation,+0.897|+0.429|+0.307,16,4,5,4
1194,retro|popularity|Fantasy,+0.667|+0.313|+0.172,10,10,8,5
1193,contemporary|popularity|Animation,+0.778|+0.444|+0.269,14,6,8,8
1192,popularity|modern|Documentary,+0.498|+0.455|+0.275,12,8,20,20
1190,Adventure|popularity|Action,+0.771|+0.473|+0.405,12,8,16,12
1191,Romance|popularity|War,+0.826|+0.290|+0.243,7,13,9,4
1189,Romance|popularity|War,+0.867|+0.370|+0.256,3,17,12,7
1188,Action|popularity|Adventure,+0.764|+0.517|+0.237,6,14,20,13
1186,Sci-Fi|popularity|Fantasy,+0.643|+0.371|+0.217,9,11,14,12
1185,popularity|Drama|Crime,+0.400|+0.367|+0.296,12,8,20,19
1187,popularity|contemporary|modern,+0.522|+0.482|+0.377,7,13,9,5
1184,Comedy|Documentary|Fantasy,+0.692|+0.230|+0.203,15,5,0,0
1183,Sci-Fi|popularity|Fantasy,+0.769|+0.386|+0.276,6,14,16,8
1182,popularity|Drama|classic,+0.406|+0.337|+0.301,15,5,10,10
1181,contemporary|popularity|Crime,+0.612|+0.347|+0.259,9,11,3,11
1180,popularity|classic|War,+0.423|+0.411|+0.298,11,9,16,19
1179,classic|Documentary|Crime,+0.369|+0.333|+0.290,11,9,15,19
1178,Western|classic|War,+0.871|+0.325|+0.308,16,4,3,6
1177,Drama|popularity|modern,+0.548|+0.456|+0.445,11,9,15,17
1176,Fantasy|popularity|Adventure,+0.897|+0.391|+0.329,10,10,8,12
1175,Romance|modern|Musical,+0.762|+0.363|+0.265,11,9,0,0
1174,contemporary|popularity|Mystery,+0.805|+0.387|+0.245,10,10,7,9
1173,popularity|Drama|Sci-Fi,+0.503|+0.348|+0.323,9,11,18,12
1172,popularity|contemporary|Animation,+0.472|+0.279|+0.204,16,4,9,8
1171,contemporary|Animation|popularity,+0.885|+0.353|+0.324,14,6,3,4
1170,Western|contemporary|classic,+0.369|+0.284|+0.274,16,4,7,8
1169,Comedy|Documentary|Fantasy,+0.600|+0.358|+0.280,17,3,0,0
1168,Drama|modern|popularity,+0.768|+0.547|+0.217,8,12,2,4
1167,Comedy|modern|popularity,+0.743|+0.389|+0.368,9,11,13,13
1166,contemporary|popularity|Sci-Fi,+0.417|+0.398|+0.304,15,5,11,8
1165,Sci-Fi|popularity|Horror,+0.649|+0.371|+0.300,12,8,4,2
1163,contemporary|popularity|Horror,+0.897|+0.309|+0.238,11,9,1,1
1164,Fantasy|popularity|Mystery,+0.241|+0.240|+0.237,14,6,5,4
1162,Romance|popularity|classic,+0.740|+0.341|+0.332,11,9,9,8
1161,classic|Documentary|popularity,+0.384|+0.364|+0.328,12,8,18,17
1160,popularity|contemporary|Western,+0.410|+0.389|+0.360,11,9,12,9
1159,Sci-Fi|Fantasy|Horror,+0.628|+0.285|+0.277,18,2,1,1
1158,modern|popularity|Musical,+0.590|+0.334|+0.253,10,10,6,3
1157,Action|popularity|modern,+0.616|+0.532|+0.302,14,6,20,19
1156,Romance|modern|Musical,+0.745|+0.406|+0.252,10,10,0,0
1155,modern|popularity|Crime,+0.506|+0.481|+0.288,6,14,17,19
1154,Fantasy|popularity|Mystery,+0.250|+0.236|+0.229,15,5,5,5
1153,contemporary|popularity|Western,+0.577|+0.373|+0.332,10,10,10,7
1152,popularity|War|contemporary,+0.631|+0.349|+0.277,11,9,18,14
1151,Action|popularity|retro,+0.519|+0.383|+0.295,11,9,10,4
1853,Comedy|popularity|Documentary,+0.866|+0.271|+0.178,9,11,4,7
1150,contemporary|popularity|Animation,+0.540|+0.347|+0.337,11,9,9,9
1149,popularity|Documentary|contemporary,+0.489|+0.318|+0.297,16,4,20,20
1148,Comedy|popularity|Musical,+0.811|+0.425|+0.197,6,14,17,15
1147,Documentary|classic|popularity,+0.376|+0.311|+0.255,10,10,6,10
1146,Thriller|modern|Mystery,+0.532|+0.317|+0.257,12,8,0,0
1145,modern|popularity|Drama,+0.514|+0.417|+0.369,7,13,17,17
1144,popularity|contemporary|Sci-Fi,+0.413|+0.364|+0.288,14,6,12,8
1143,classic|popularity|Musical,+0.438|+0.338|+0.335,13,7,4,2
1141,Fantasy|Comedy|Animation,+0.458|+0.308|+0.304,12,8,0,0
1142,popularity|Crime|Action,+0.627|+0.446|+0.354,11,9,19,20
1140,Action|popularity|Sci-Fi,+0.781|+0.339|+0.242,6,14,17,5
1139,contemporary|popularity|Documentary,+0.797|+0.458|+0.223,12,8,11,10
1138,popularity|modern|Animation,+0.622|+0.508|+0.282,3,17,20,14
1137,contemporary|Crime|Mystery,+0.861|+0.235|+0.229,10,10,1,6
1136,contemporary|Thriller|popularity,+0.624|+0.586|+0.389,9,11,9,8
1135,War|popularity|modern,+0.659|+0.416|+0.347,11,9,15,18
1134,Sci-Fi|popularity|Fantasy,+0.754|+0.450|+0.282,3,17,16,8
1133,Drama|modern|popularity,+0.567|+0.359|+0.339,10,10,14,14
1132,Fantasy|Adventure|Animation,+0.933|+0.418|+0.363,12,8,5,12
1131,popularity|retro|Documentary,+0.407|+0.247|+0.237,4,16,12,10
1130,retro|Horror|Musical,+0.332|+0.215|+0.214,16,4,1,1
1128,Documentary|Musical|Fantasy,+0.955|+0.317|+0.272,11,9,1,7
1129,popularity|Action|retro,+0.719|+0.374|+0.297,2,18,19,16
1127,contemporary|popularity|Horror,+0.547|+0.456|+0.454,9,11,10,11
1126,Western|popularity|modern,+0.567|+0.491|+0.389,11,9,17,17
1125,Comedy|modern|popularity,+0.477|+0.431|+0.351,12,8,1,1
1124,popularity|modern|contemporary,+0.692|+0.267|+0.246,9,11,18,17
1123,Western|popularity|War,+0.850|+0.369|+0.361,12,8,6,5
1122,Sci-Fi|popularity|Fantasy,+0.724|+0.371|+0.260,8,12,15,6
1121,Comedy|modern|popularity,+0.562|+0.484|+0.420,10,10,15,15
1120,contemporary|popularity|Fantasy,+0.298|+0.249|+0.226,12,8,1,2
1119,Drama|retro|modern,+0.538|+0.154|+0.151,13,7,0,0
1117,popularity|Animation|Sci-Fi,+0.540|+0.431|+0.335,14,6,17,16
1116,Comedy|retro|popularity,+0.733|+0.401|+0.282,10,10,7,10
1115,Drama|popularity|War,+0.513|+0.370|+0.235,7,13,12,11
1114,Romance|popularity|Musical,+0.929|+0.327|+0.319,9,11,10,5
1113,Documentary|popularity|Fantasy,+0.376|+0.373|+0.330,15,5,17,16
1112,popularity|Romance|Animation,+0.651|+0.384|+0.229,6,14,12,9
1111,Animation|Musical|popularity,+0.394|+0.285|+0.242,10,10,6,9
1109,Mystery|Crime|Thriller,+0.850|+0.310|+0.298,16,4,0,2
1108,contemporary|Sci-Fi|Horror,+0.489|+0.334|+0.326,13,7,3,6
1110,contemporary|Western|Animation,+0.400|+0.380|+0.353,18,2,7,8
1107,popularity|contemporary|modern,+0.419|+0.347|+0.312,17,3,8,7
1106,Sci-Fi|retro|Fantasy,+0.642|+0.606|+0.313,13,7,7,6
1105,popularity|Mystery|Thriller,+0.592|+0.563|+0.515,6,14,12,9
1104,Comedy|modern|popularity,+0.488|+0.464|+0.377,15,5,16,19
1103,Horror|popularity|Sci-Fi,+0.855|+0.331|+0.291,10,10,8,6
1101,Comedy|popularity|modern,+0.576|+0.319|+0.164,12,8,1,2
1102,popularity|Drama|War,+0.542|+0.508|+0.289,11,9,17,19
1100,Comedy|Documentary|Fantasy,+0.662|+0.276|+0.205,16,4,0,0
1099,Action|Adventure|popularity,+0.728|+0.309|+0.268,15,5,2,2
1118,contemporary|popularity|Sci-Fi,+0.404|+0.375|+0.302,15,5,3,3
1098,retro|popularity|War,+0.325|+0.257|+0.210,12,8,15,11
1097,War|popularity|Western,+0.842|+0.422|+0.358,15,5,5,4
1096,popularity|contemporary|modern,+0.439|+0.307|+0.245,14,6,13,12
1095,Drama|popularity|War,+0.534|+0.479|+0.214,2,18,9,1
1094,popularity|Western|Action,+0.615|+0.195|+0.191,6,14,19,14
1093,Action|popularity|Crime,+0.827|+0.418|+0.253,5,15,15,8
1092,Musical|Animation|Fantasy,+0.850|+0.616|+0.328,13,7,1,5
1091,Action|popularity|modern,+0.757|+0.457|+0.302,10,10,14,13
1090,Thriller|Crime|Mystery,+0.726|+0.509|+0.498,15,5,7,7
1089,Thriller|popularity|modern,+0.764|+0.388|+0.331,7,13,13,10
1088,Drama|modern|niche,+0.876|+0.325|+0.284,7,13,1,1
1087,popularity|Romance|Musical,+0.236|+0.142|+0.131,11,9,5,7
1086,contemporary|popularity|modern,+0.593|+0.522|+0.269,6,14,7,12
1085,popularity|retro|Fantasy,+0.581|+0.575|+0.161,8,12,16,12
1084,Action|popularity|modern,+0.797|+0.338|+0.300,10,10,8,11
1083,Fantasy|Animation|popularity,+0.370|+0.349|+0.331,12,8,2,2
1081,popularity|Crime|modern,+0.710|+0.411|+0.323,7,13,17,20
1082,Sci-Fi|popularity|Fantasy,+0.763|+0.512|+0.463,9,11,18,10
1080,Adventure|Sci-Fi|popularity,+0.588|+0.404|+0.347,12,8,11,8
1079,Thriller|modern|popularity,+0.829|+0.419|+0.289,6,14,6,6
1078,Drama|modern|Romance,+0.721|+0.591|+0.167,4,16,0,3
1077,popularity|Drama|classic,+0.441|+0.219|+0.216,5,15,13,11
1075,classic|Documentary|Western,+0.443|+0.354|+0.337,5,15,14,18
1076,Comedy|modern|popularity,+0.802|+0.357|+0.282,8,12,8,5
1074,Action|popularity|War,+0.693|+0.524|+0.239,3,17,19,7
1073,Drama|classic|popularity,+0.553|+0.267|+0.265,7,13,6,8
1071,Romance|Musical|Adventure,+0.903|+0.330|+0.257,10,10,1,0
1070,popularity|Comedy|contemporary,+0.638|+0.304|+0.245,3,17,17,7
1072,popularity|Musical|classic,+0.494|+0.321|+0.311,4,16,9,14
1069,contemporary|Documentary|Crime,+0.673|+0.353|+0.264,14,6,2,8
1068,modern|Drama|retro,+0.249|+0.243|+0.161,11,9,0,3
1067,Mystery|popularity|Crime,+0.824|+0.385|+0.283,9,11,5,3
1066,Romance|Musical|Adventure,+0.876|+0.307|+0.241,11,9,1,0
1065,Romance|modern|Musical,+0.806|+0.468|+0.267,11,9,1,0
1064,popularity|modern|contemporary,+0.649|+0.293|+0.292,10,10,20,20
1063,popularity|contemporary|modern,+0.403|+0.375|+0.241,18,2,9,9
1062,Comedy|popularity|contemporary,+0.807|+0.347|+0.261,6,14,12,7
1061,popularity|Animation|Musical,+0.483|+0.310|+0.277,2,18,16,3
1060,contemporary|popularity|Animation,+0.902|+0.351|+0.271,12,8,1,2
1059,popularity|Drama|retro,+0.387|+0.343|+0.302,7,13,7,6
1058,retro|popularity|War,+0.324|+0.285|+0.200,11,9,10,4
1057,contemporary|popularity|Animation,+0.887|+0.344|+0.298,12,8,4,5
1056,Comedy|popularity|Animation,+0.735|+0.527|+0.217,7,13,17,11
1055,Comedy|popularity|Musical,+0.725|+0.312|+0.262,10,10,18,12
1054,contemporary|popularity|Animation,+0.805|+0.441|+0.316,13,7,8,10
1053,Action|popularity|Sci-Fi,+0.818|+0.343|+0.257,6,14,11,7
1505,Comedy|retro|popularity,+0.697|+0.518|+0.255,8,12,7,3
1052,Romance|popularity|Musical,+0.758|+0.345|+0.288,10,10,7,5
1051,Horror|popularity|Sci-Fi,+0.821|+0.274|+0.244,8,12,6,2
1050,contemporary|popularity|Crime,+0.732|+0.419|+0.257,11,9,3,9
1049,Drama|modern|popularity,+0.539|+0.484|+0.313,12,8,14,18
1048,contemporary|popularity|modern,+0.498|+0.482|+0.337,10,10,13,14
1047,Drama|popularity|War,+0.648|+0.565|+0.183,9,11,14,16
1046,Comedy|classic|Musical,+0.477|+0.440|+0.358,13,7,1,4
1045,Comedy|popularity|modern,+0.762|+0.399|+0.392,10,10,14,12
1044,Animation|Musical|popularity,+0.931|+0.475|+0.348,11,9,2,1
1043,Crime|popularity|Mystery,+0.916|+0.380|+0.253,4,16,8,7
1042,Fantasy|Adventure|Animation,+0.958|+0.374|+0.359,10,10,0,9
1041,Musical|popularity|contemporary,+0.266|+0.265|+0.223,17,3,8,7
1040,classic|Documentary|War,+0.670|+0.283|+0.272,11,9,4,7
1039,contemporary|popularity|classic,+0.270|+0.253|+0.201,14,6,5,4
1038,popularity|Drama|retro,+0.417|+0.379|+0.173,5,15,4,1
1037,contemporary|popularity|Animation,+0.911|+0.281|+0.232,14,6,1,1
1036,popularity|classic|Documentary,+0.529|+0.296|+0.283,9,11,16,20
1035,Drama|Crime|popularity,+0.666|+0.222|+0.214,12,8,2,1
1034,retro|Drama|popularity,+0.514|+0.350|+0.309,12,8,9,12
1033,War|Western|Action,+0.820|+0.384|+0.349,12,8,1,8
1032,classic|niche|Musical,+0.548|+0.338|+0.335,11,9,8,15
1031,Sci-Fi|popularity|War,+0.578|+0.415|+0.268,7,13,18,18
1030,Comedy|popularity|Animation,+0.573|+0.499|+0.239,13,7,19,16
1029,Horror|retro|Sci-Fi,+0.865|+0.287|+0.286,12,8,6,11
1028,Mystery|popularity|Crime,+0.902|+0.356|+0.278,11,9,5,4
1027,Drama|popularity|contemporary,+0.547|+0.467|+0.225,14,6,14,15
1025,popularity|Western|Animation,+0.407|+0.365|+0.338,16,4,8,7
1026,contemporary|popularity|Mystery,+0.912|+0.271|+0.252,10,10,5,10
1024,Romance|popularity|War,+0.850|+0.367|+0.278,4,16,10,2
1023,popularity|Adventure|Crime,+0.245|+0.200|+0.175,14,6,10,7
1022,Drama|modern|popularity,+0.837|+0.293|+0.265,2,18,2,7
1021,popularity|Documentary|classic,+0.397|+0.357|+0.333,13,7,15,19
1020,Horror|popularity|Sci-Fi,+0.592|+0.459|+0.258,6,14,10,4
1019,Drama|popularity|Documentary,+0.442|+0.404|+0.325,3,17,9,11
1018,Western|popularity|War,+0.909|+0.370|+0.357,14,6,4,5
1017,Horror|niche|Musical,+0.558|+0.300|+0.249,16,4,0,0
1016,contemporary|popularity|Documentary,+0.702|+0.428|+0.214,14,6,10,12
1015,contemporary|Animation|modern,+0.273|+0.223|+0.210,16,4,5,6
1014,Western|popularity|Musical,+0.608|+0.499|+0.289,11,9,8,9
1013,Comedy|popularity|Musical,+0.878|+0.314|+0.257,8,12,10,7
1011,Fantasy|Adventure|popularity,+0.908|+0.396|+0.348,11,9,6,8
1010,popularity|contemporary|Musical,+0.406|+0.341|+0.206,14,6,12,13
1009,popularity|Drama|contemporary,+0.453|+0.389|+0.290,11,9,18,18
1008,contemporary|popularity|Comedy,+0.610|+0.600|+0.259,12,8,7,15
1007,Comedy|retro|popularity,+0.689|+0.405|+0.263,12,8,0,0
1006,popularity|Comedy|modern,+0.590|+0.504|+0.317,7,13,15,10
1005,popularity|Drama|contemporary,+0.539|+0.294|+0.290,12,8,17,15
1003,popularity|Documentary|retro,+0.646|+0.263|+0.226,9,11,20,19
1002,retro|popularity|Comedy,+0.554|+0.386|+0.372,16,4,17,17
1004,Comedy|Documentary|Fantasy,+0.607|+0.248|+0.196,16,4,0,0
1001,classic|contemporary|Drama,+0.395|+0.302|+0.273,12,8,1,4
1000,popularity|Drama|classic,+0.432|+0.419|+0.330,9,11,16,16
999,Drama|modern|Fantasy,+0.451|+0.327|+0.151,13,7,0,0
998,modern|popularity|Drama,+0.589|+0.400|+0.249,7,13,14,13
997,popularity|Animation|Fantasy,+0.697|+0.222|+0.200,9,11,20,20
996,popularity|Action|Crime,+0.510|+0.382|+0.367,9,11,18,19
995,Romance|Musical|popularity,+0.928|+0.328|+0.264,10,10,5,2
994,Action|popularity|Sci-Fi,+0.748|+0.455|+0.229,6,14,20,16
993,popularity|Documentary|contemporary,+0.507|+0.282|+0.273,13,7,20,15
1012,retro|Drama|popularity,+0.584|+0.416|+0.336,10,10,9,8
992,Animation|Musical|popularity,+0.293|+0.266|+0.249,13,7,6,8
991,classic|Comedy|Romance,+0.474|+0.363|+0.327,14,6,1,6
990,Comedy|modern|popularity,+0.775|+0.346|+0.334,10,10,8,9
989,Animation|classic|Musical,+0.646|+0.361|+0.317,9,11,7,15
988,contemporary|popularity|Animation,+0.655|+0.608|+0.204,15,5,12,14
987,modern|popularity|Drama,+0.506|+0.496|+0.285,6,14,14,13
986,contemporary|classic|Crime,+0.613|+0.235|+0.231,13,7,2,8
985,Crime|popularity|Documentary,+0.689|+0.499|+0.270,8,12,12,17
984,contemporary|popularity|Documentary,+0.670|+0.409|+0.248,13,7,7,13
983,Sci-Fi|retro|popularity,+0.661|+0.618|+0.403,15,5,11,10
982,Romance|popularity|Musical,+0.892|+0.361|+0.300,8,12,11,8
981,popularity|Documentary|Animation,+0.646|+0.225|+0.207,7,13,19,19
980,Action|popularity|Adventure,+0.884|+0.383|+0.301,7,13,13,8
979,popularity|Comedy|Romance,+0.510|+0.330|+0.245,12,8,9,4
977,Sci-Fi|modern|popularity,+0.779|+0.354|+0.308,11,9,10,7
976,Western|popularity|contemporary,+0.390|+0.336|+0.324,18,2,7,6
975,contemporary|popularity|Mystery,+0.804|+0.323|+0.277,14,6,5,4
978,popularity|Western|contemporary,+0.410|+0.329|+0.315,19,1,8,9
974,popularity|War|classic,+0.423|+0.415|+0.352,13,7,13,11
973,Adventure|popularity|Action,+0.827|+0.364|+0.349,6,14,10,10
972,popularity|contemporary|Sci-Fi,+0.370|+0.357|+0.290,14,6,10,5
971,Adventure|Action|Fantasy,+0.875|+0.524|+0.384,9,11,2,4
970,Thriller|modern|Mystery,+0.590|+0.346|+0.288,14,6,0,0
969,modern|popularity|Documentary,+0.484|+0.448|+0.267,12,8,19,20
968,Comedy|modern|popularity,+0.714|+0.385|+0.377,9,11,15,15
966,Drama|modern|niche,+0.738|+0.563|+0.235,9,11,2,6
967,Comedy|modern|popularity,+0.785|+0.351|+0.325,7,13,8,9
964,Musical|Comedy|modern,+0.510|+0.500|+0.500,7,13,8,14
965,contemporary|popularity|Animation,+0.729|+0.424|+0.260,11,9,9,9
963,Drama|popularity|War,+0.811|+0.297|+0.193,3,17,7,1
962,Thriller|popularity|contemporary,+0.642|+0.519|+0.435,3,17,16,11
961,popularity|contemporary|Animation,+0.283|+0.279|+0.248,20,0,8,8
960,modern|popularity|Mystery,+0.552|+0.260|+0.158,4,16,5,6
959,Mystery|popularity|modern,+0.637|+0.438|+0.415,11,9,6,4
958,Drama|classic|War,+0.539|+0.311|+0.254,10,10,4,8
957,classic|popularity|Documentary,+0.392|+0.377|+0.289,15,5,12,14
956,classic|Romance|Musical,+0.544|+0.372|+0.301,11,9,3,10
955,Western|War|classic,+0.962|+0.379|+0.363,16,4,3,4
954,popularity|Drama|Animation,+0.513|+0.195|+0.191,8,12,19,17
953,classic|Documentary|popularity,+0.394|+0.363|+0.360,15,5,19,19
952,contemporary|popularity|Drama,+0.622|+0.424|+0.256,15,5,5,8
950,Sci-Fi|modern|popularity,+0.582|+0.283|+0.276,18,2,1,1
951,Animation|Musical|popularity,+0.866|+0.415|+0.364,12,8,5,3
949,Adventure|popularity|Fantasy,+0.863|+0.334|+0.305,8,12,6,6
948,contemporary|popularity|Animation,+0.913|+0.287|+0.258,13,7,2,2
947,contemporary|popularity|Romance,+0.501|+0.338|+0.280,11,9,4,9
946,classic|Documentary|popularity,+0.453|+0.405|+0.361,12,8,18,19
945,popularity|Animation|Western,+0.405|+0.293|+0.276,16,4,9,5
944,popularity|Documentary|modern,+0.455|+0.333|+0.291,12,8,18,20
1428,contemporary|Horror|Sci-Fi,+0.389|+0.321|+0.319,14,6,3,4
943,popularity|modern|Drama,+0.491|+0.471|+0.451,8,12,12,12
942,popularity|modern|Drama,+0.542|+0.493|+0.297,7,13,14,18
941,contemporary|popularity|Animation,+0.257|+0.254|+0.233,17,3,9,6
940,popularity|Western|Animation,+0.397|+0.348|+0.338,17,3,8,7
938,contemporary|popularity|Comedy,+0.737|+0.399|+0.320,10,10,2,4
939,retro|popularity|Documentary,+0.654|+0.377|+0.195,8,12,20,15
937,Crime|popularity|Action,+0.708|+0.583|+0.279,3,17,9,5
936,popularity|Animation|modern,+0.519|+0.484|+0.357,4,16,13,3
935,Drama|retro|Musical,+0.436|+0.304|+0.205,14,6,0,0
934,classic|Fantasy|popularity,+0.446|+0.355|+0.315,15,5,9,9
933,popularity|modern|Drama,+0.514|+0.505|+0.177,7,13,16,14
932,modern|popularity|Documentary,+0.473|+0.418|+0.312,11,9,19,20
931,Romance|popularity|classic,+0.786|+0.303|+0.236,7,13,8,10
930,contemporary|popularity|Documentary,+0.748|+0.498|+0.261,14,6,11,11
929,contemporary|popularity|Action,+0.852|+0.330|+0.274,13,7,4,5
928,popularity|Drama|retro,+0.393|+0.321|+0.172,3,17,4,3
927,Romance|modern|Musical,+0.874|+0.304|+0.283,10,10,1,0
2247,Documentary|contemporary|popularity,+0.644|+0.482|+0.320,11,9,5,12
926,Musical|Animation|classic,+0.891|+0.515|+0.401,14,6,8,8
925,Romance|popularity|Musical,+0.893|+0.366|+0.304,7,13,9,6
924,Romance|popularity|War,+0.840|+0.366|+0.269,5,15,10,3
923,Comedy|modern|popularity,+0.826|+0.369|+0.309,7,13,8,10
922,Drama|popularity|retro,+0.551|+0.490|+0.311,6,14,8,9
921,contemporary|popularity|Animation,+0.712|+0.520|+0.272,14,6,11,13
920,Adventure|Action|modern,+0.775|+0.359|+0.332,12,8,6,9
919,Horror|contemporary|Sci-Fi,+0.383|+0.379|+0.317,11,9,5,6
917,popularity|contemporary|Animation,+0.766|+0.292|+0.202,11,9,20,20
916,retro|popularity|Documentary,+0.639|+0.462|+0.169,9,11,19,17
918,Comedy|modern|Fantasy,+0.631|+0.317|+0.249,10,10,0,2
915,Action|popularity|modern,+0.788|+0.308|+0.293,14,6,10,10
914,classic|popularity|Documentary,+0.473|+0.395|+0.361,9,11,17,20
913,Action|popularity|Crime,+0.618|+0.594|+0.443,9,11,8,2
912,contemporary|popularity|Animation,+0.716|+0.504|+0.244,14,6,11,14
911,popularity|Comedy|Western,+0.349|+0.214|+0.156,13,7,10,8
910,classic|Musical|Western,+0.496|+0.381|+0.349,16,4,0,1
909,contemporary|Sci-Fi|Horror,+0.507|+0.313|+0.292,14,6,4,7
908,Horror|popularity|Sci-Fi,+0.877|+0.363|+0.305,12,8,5,1
907,classic|popularity|War,+0.464|+0.362|+0.326,10,10,14,12
906,contemporary|popularity|Animation,+0.681|+0.567|+0.252,6,14,5,8
905,Drama|modern|popularity,+0.656|+0.463|+0.343,7,13,9,8
904,Thriller|Mystery|modern,+0.889|+0.300|+0.266,9,11,1,2
903,Western|contemporary|popularity,+0.407|+0.346|+0.331,15,5,7,5
902,Western|popularity|contemporary,+0.431|+0.328|+0.318,16,4,8,6
901,popularity|Comedy|contemporary,+0.587|+0.445|+0.263,5,15,20,13
900,Western|popularity|Animation,+0.343|+0.306|+0.283,17,3,8,6
899,contemporary|popularity|Animation,+0.838|+0.404|+0.227,12,8,6,6
898,popularity|Action|retro,+0.572|+0.317|+0.249,16,4,19,18
897,popularity|Action|retro,+0.620|+0.310|+0.274,12,8,20,20
896,contemporary|popularity|Animation,+0.910|+0.262|+0.230,13,7,1,1
895,Comedy|modern|popularity,+0.798|+0.346|+0.331,8,12,13,10
894,retro|popularity|Sci-Fi,+0.594|+0.522|+0.175,12,8,19,19
893,contemporary|Animation|Horror,+0.946|+0.244|+0.232,13,7,1,2
892,Sci-Fi|popularity|Fantasy,+0.584|+0.472|+0.292,15,5,17,17
891,War|Western|modern,+0.889|+0.360|+0.336,15,5,6,9
890,modern|popularity|Animation,+0.516|+0.206|+0.155,13,7,3,4
889,niche|Documentary|classic,+0.612|+0.368|+0.309,8,12,5,11
887,popularity|Documentary|classic,+0.489|+0.382|+0.339,13,7,20,19
888,popularity|Fantasy|contemporary,+0.385|+0.289|+0.220,15,5,5,4
886,contemporary|popularity|Animation,+0.877|+0.259|+0.227,13,7,5,5
885,Sci-Fi|retro|popularity,+0.661|+0.572|+0.367,11,9,14,15
884,Drama|popularity|modern,+0.529|+0.482|+0.423,11,9,16,17
883,contemporary|popularity|Sci-Fi,+0.521|+0.344|+0.283,13,7,7,3
882,Sci-Fi|popularity|Fantasy,+0.671|+0.321|+0.300,17,3,1,2
881,Comedy|popularity|Musical,+0.770|+0.377|+0.250,11,9,18,16
880,popularity|Comedy|Animation,+0.461|+0.332|+0.275,16,4,14,13
879,classic|Romance|Musical,+0.523|+0.410|+0.395,12,8,2,7
878,contemporary|popularity|Animation,+0.870|+0.359|+0.294,11,9,1,2
877,contemporary|popularity|Sci-Fi,+0.669|+0.393|+0.300,17,3,9,8
876,Mystery|popularity|Thriller,+0.876|+0.377|+0.358,12,8,6,3
875,contemporary|popularity|Animation,+0.790|+0.497|+0.325,13,7,5,4
874,Horror|popularity|retro,+0.736|+0.327|+0.316,13,7,7,9
873,popularity|classic|retro,+0.344|+0.297|+0.285,1,19,6,10
872,classic|popularity|Documentary,+0.465|+0.443|+0.382,12,8,17,18
871,Western|popularity|contemporary,+0.400|+0.363|+0.343,17,3,7,6
870,popularity|Crime|Romance,+0.317|+0.213|+0.165,10,10,11,7
869,Comedy|Musical|Fantasy,+0.780|+0.155|+0.145,11,9,0,1
868,Horror|Sci-Fi|Musical,+0.907|+0.277|+0.250,5,15,0,0
867,popularity|contemporary|Musical,+0.417|+0.307|+0.274,11,9,14,10
866,contemporary|popularity|Animation,+0.559|+0.547|+0.304,16,4,12,12
865,Comedy|popularity|Musical,+0.679|+0.437|+0.253,11,9,20,17
864,modern|popularity|Comedy,+0.446|+0.309|+0.284,13,7,9,11
863,Action|popularity|Sci-Fi,+0.787|+0.424|+0.234,9,11,16,11
862,contemporary|niche|Horror,+0.909|+0.317|+0.243,10,10,0,2
861,popularity|Horror|Animation,+0.510|+0.401|+0.201,12,8,12,9
860,Horror|Sci-Fi|retro,+0.851|+0.319|+0.274,11,9,3,7
859,Horror|popularity|Sci-Fi,+0.702|+0.347|+0.338,14,6,8,12
858,Musical|Animation|classic,+0.947|+0.434|+0.424,9,11,7,9
857,classic|popularity|Musical,+0.486|+0.405|+0.339,6,14,8,9
856,contemporary|popularity|Documentary,+0.638|+0.391|+0.252,14,6,4,9
854,Drama|modern|popularity,+0.749|+0.458|+0.280,6,14,2,6
853,Adventure|Fantasy|Animation,+0.814|+0.382|+0.328,15,5,1,1
852,Comedy|popularity|Animation,+0.806|+0.487|+0.196,5,15,13,14
851,Comedy|popularity|Animation,+0.648|+0.559|+0.246,12,8,20,18
850,niche|modern|contemporary,+0.392|+0.220|+0.205,8,12,0,0
849,contemporary|popularity|Animation,+0.710|+0.405|+0.230,15,5,8,9
848,retro|popularity|Documentary,+0.584|+0.410|+0.230,8,12,19,17
847,Comedy|popularity|Musical,+0.830|+0.363|+0.229,7,13,17,13
845,modern|popularity|Documentary,+0.510|+0.503|+0.266,8,12,20,19
846,popularity|Documentary|classic,+0.510|+0.358|+0.347,11,9,20,20
844,Mystery|Crime|popularity,+0.947|+0.311|+0.310,15,5,2,2
842,contemporary|popularity|Crime,+0.586|+0.507|+0.254,10,10,7,14
841,contemporary|popularity|Crime,+0.828|+0.428|+0.257,11,9,10,12
843,Drama|popularity|War,+0.664|+0.438|+0.193,11,9,13,12
840,Mystery|classic|popularity,+0.674|+0.432|+0.319,14,6,2,4
839,classic|Documentary|niche,+0.373|+0.349|+0.307,11,9,12,18
838,contemporary|Documentary|popularity,+0.636|+0.527|+0.331,11,9,2,8
837,Comedy|popularity|Musical,+0.644|+0.313|+0.287,13,7,13,11
836,Musical|Animation|classic,+0.824|+0.493|+0.335,13,7,1,3
835,Sci-Fi|classic|Musical,+0.609|+0.526|+0.332,11,9,0,2
834,Romance|popularity|Musical,+0.907|+0.328|+0.308,9,11,8,5
833,popularity|modern|Thriller,+0.683|+0.376|+0.203,11,9,19,19
832,Comedy|popularity|Musical,+0.877|+0.215|+0.167,4,16,6,4
831,Crime|Mystery|popularity,+0.924|+0.326|+0.273,12,8,3,6
830,Horror|popularity|Sci-Fi,+0.844|+0.319|+0.280,7,13,9,4
829,popularity|retro|Documentary,+0.430|+0.306|+0.268,4,16,13,8
828,Romance|modern|popularity,+0.792|+0.379|+0.270,11,9,2,2
827,popularity|retro|Fantasy,+0.450|+0.382|+0.268,6,14,12,6
826,contemporary|Documentary|popularity,+0.566|+0.407|+0.395,14,6,5,9
825,classic|popularity|Documentary,+0.460|+0.311|+0.275,4,16,6,15
824,Action|popularity|retro,+0.685|+0.442|+0.425,9,11,18,11
823,Documentary|popularity|contemporary,+0.934|+0.294|+0.284,15,5,0,3
822,classic|popularity|Comedy,+0.408|+0.370|+0.350,12,8,9,13
821,contemporary|Crime|Documentary,+0.720|+0.281|+0.276,12,8,2,7
820,contemporary|Sci-Fi|popularity,+0.722|+0.634|+0.367,8,12,5,3
819,Western|popularity|modern,+0.574|+0.468|+0.313,13,7,17,18
818,Thriller|modern|popularity,+0.684|+0.411|+0.391,13,7,13,14
817,Crime|Mystery|contemporary,+0.818|+0.316|+0.276,15,5,2,5
816,Action|popularity|Sci-Fi,+0.579|+0.475|+0.404,4,16,15,0
814,popularity|War|classic,+0.443|+0.371|+0.366,16,4,13,15
815,popularity|Western|contemporary,+0.401|+0.399|+0.336,15,5,8,7
813,popularity|contemporary|Comedy,+0.521|+0.314|+0.297,9,11,17,13
811,popularity|modern|Documentary,+0.482|+0.296|+0.296,12,8,20,18
810,retro|popularity|Fantasy,+0.337|+0.332|+0.239,16,4,12,9
809,Comedy|modern|popularity,+0.776|+0.356|+0.355,9,11,10,11
808,modern|popularity|Documentary,+0.465|+0.429|+0.337,8,12,20,20
807,Animation|Musical|Fantasy,+0.876|+0.423|+0.364,17,3,1,3
812,contemporary|popularity|Animation,+0.820|+0.383|+0.353,8,12,3,11
806,popularity|classic|Musical,+0.373|+0.349|+0.330,11,9,14,13
805,Romance|Musical|Adventure,+0.867|+0.309|+0.265,12,8,1,0
804,contemporary|popularity|Animation,+0.686|+0.578|+0.262,12,8,13,15
803,Fantasy|popularity|Adventure,+0.874|+0.459|+0.338,11,9,11,11
802,Animation|Musical|popularity,+0.959|+0.462|+0.323,9,11,1,0
801,Sci-Fi|popularity|Fantasy,+0.831|+0.395|+0.391,11,9,15,12
800,Musical|classic|Romance,+0.711|+0.628|+0.362,15,5,3,6
799,contemporary|Horror|Sci-Fi,+0.809|+0.275|+0.252,13,7,1,4
798,Adventure|Fantasy|Animation,+0.807|+0.524|+0.427,10,10,0,2
797,Romance|Musical|popularity,+0.947|+0.324|+0.265,4,16,6,3
796,Musical|classic|Animation,+0.892|+0.416|+0.373,16,4,1,2
795,popularity|retro|Drama,+0.478|+0.277|+0.218,8,12,15,10
794,Comedy|modern|popularity,+0.675|+0.389|+0.383,11,9,13,12
793,popularity|Animation|classic,+0.416|+0.291|+0.254,1,19,7,4
792,Sci-Fi|popularity|Fantasy,+0.714|+0.414|+0.278,7,13,16,10
791,popularity|Fantasy|Adventure,+0.262|+0.203|+0.200,12,8,1,1
790,Sci-Fi|popularity|Action,+0.596|+0.523|+0.289,12,8,20,18
789,retro|popularity|Comedy,+0.517|+0.493|+0.375,13,7,18,19
788,Sci-Fi|popularity|Fantasy,+0.581|+0.436|+0.289,9,11,10,4
786,Sci-Fi|popularity|Action,+0.828|+0.327|+0.311,12,8,13,7
787,popularity|modern|Animation,+0.480|+0.380|+0.309,13,7,19,18
785,Action|popularity|Adventure,+0.743|+0.337|+0.315,12,8,1,1
784,popularity|modern|contemporary,+0.599|+0.334|+0.266,14,6,20,20
783,Animation|Musical|Fantasy,+0.888|+0.437|+0.374,16,4,0,1
782,contemporary|popularity|Sci-Fi,+0.674|+0.322|+0.282,13,7,6,5
781,popularity|Action|retro,+0.420|+0.397|+0.342,5,15,15,9
780,Thriller|Mystery|popularity,+0.474|+0.344|+0.342,11,9,11,4
779,popularity|contemporary|classic,+0.314|+0.307|+0.257,16,4,5,4
778,popularity|Drama|retro,+0.662|+0.267|+0.244,6,14,18,19
777,popularity|Action|Sci-Fi,+0.682|+0.496|+0.239,5,15,19,10
775,contemporary|popularity|Animation,+0.823|+0.475|+0.271,12,8,6,4
776,Sci-Fi|popularity|Fantasy,+0.655|+0.366|+0.260,9,11,17,10
774,contemporary|popularity|Crime,+0.725|+0.476|+0.274,11,9,7,10
773,Sci-Fi|popularity|Fantasy,+0.605|+0.448|+0.282,13,7,19,16
772,Sci-Fi|popularity|Horror,+0.661|+0.282|+0.274,15,5,1,1
771,Mystery|classic|popularity,+0.274|+0.221|+0.199,16,4,4,4
770,popularity|War|Animation,+0.686|+0.342|+0.293,6,14,20,19
769,popularity|classic|War,+0.402|+0.361|+0.280,5,15,13,13
768,Fantasy|popularity|Animation,+0.655|+0.460|+0.286,14,6,6,6
767,Thriller|popularity|Mystery,+0.828|+0.347|+0.287,7,13,9,6
766,Comedy|retro|popularity,+0.621|+0.482|+0.367,13,7,11,13
765,Fantasy|popularity|Sci-Fi,+0.748|+0.518|+0.322,13,7,9,7
764,retro|Fantasy|popularity,+0.615|+0.235|+0.212,13,7,0,0
763,popularity|Animation|contemporary,+0.670|+0.278|+0.235,10,10,20,20
762,Action|popularity|Adventure,+0.804|+0.585|+0.298,3,17,18,10
761,popularity|Sci-Fi|Action,+0.657|+0.429|+0.197,6,14,17,16
760,popularity|Drama|contemporary,+0.416|+0.352|+0.347,13,7,14,10
759,Romance|Musical|Comedy,+0.780|+0.307|+0.259,15,5,0,0
758,popularity|Drama|modern,+0.571|+0.524|+0.390,10,10,12,13
757,Thriller|Mystery|popularity,+0.687|+0.318|+0.286,13,7,2,2
756,popularity|Comedy|contemporary,+0.488|+0.342|+0.303,11,9,20,19
755,popularity|Drama|retro,+0.676|+0.278|+0.216,3,17,17,16
754,Thriller|popularity|Crime,+0.639|+0.504|+0.249,10,10,14,11
753,popularity|Fantasy|Animation,+0.360|+0.320|+0.281,9,11,2,2
752,Mystery|popularity|Drama,+0.496|+0.341|+0.322,5,15,1,2
751,popularity|contemporary|Sci-Fi,+0.401|+0.354|+0.279,12,8,14,9
750,Drama|popularity|classic,+0.557|+0.288|+0.216,11,9,9,6
749,Romance|Musical|classic,+0.521|+0.441|+0.372,11,9,9,13
748,popularity|classic|Animation,+0.393|+0.338|+0.326,12,8,16,19
855,Comedy|popularity|Musical,+0.867|+0.292|+0.174,8,12,8,8
747,Sci-Fi|popularity|Action,+0.672|+0.493|+0.423,3,17,16,13
746,contemporary|popularity|Crime,+0.820|+0.445|+0.273,9,11,4,7
745,contemporary|Crime|popularity,+0.738|+0.254|+0.250,14,6,2,3
744,popularity|contemporary|Sci-Fi,+0.332|+0.268|+0.258,15,5,8,5
743,modern|popularity|Documentary,+0.426|+0.344|+0.308,12,8,12,14
742,Sci-Fi|popularity|Fantasy,+0.812|+0.479|+0.320,8,12,16,14
741,Horror|contemporary|Mystery,+0.764|+0.272|+0.238,8,12,0,0
740,contemporary|popularity|Sci-Fi,+0.425|+0.349|+0.295,13,7,9,5
739,popularity|Comedy|Fantasy,+0.508|+0.392|+0.176,13,7,9,6
738,contemporary|popularity|Horror,+0.867|+0.327|+0.282,11,9,2,5
737,Animation|popularity|Musical,+0.793|+0.455|+0.366,9,11,6,2
736,popularity|modern|Animation,+0.571|+0.267|+0.238,13,7,11,8
735,retro|popularity|Documentary,+0.647|+0.431|+0.186,7,13,13,11
734,contemporary|popularity|Western,+0.286|+0.283|+0.220,16,4,4,4
733,Comedy|popularity|Documentary,+0.821|+0.373|+0.211,10,10,17,14
732,retro|Horror|Fantasy,+0.573|+0.243|+0.191,16,4,0,0
731,Comedy|Documentary|Fantasy,+0.488|+0.253|+0.210,16,4,0,0
730,Action|popularity|modern,+0.747|+0.413|+0.276,11,9,19,18
729,Mystery|popularity|Thriller,+0.811|+0.472|+0.244,6,14,6,3
728,popularity|modern|Documentary,+0.456|+0.261|+0.225,13,7,18,17
727,popularity|Drama|modern,+0.737|+0.197|+0.176,8,12,14,18
726,Romance|modern|Musical,+0.808|+0.453|+0.267,10,10,4,5
725,popularity|Documentary|classic,+0.343|+0.319|+0.257,14,6,19,17
724,Thriller|modern|Mystery,+0.804|+0.436|+0.279,6,14,7,10
723,popularity|contemporary|Thriller,+0.519|+0.295|+0.293,15,5,18,15
722,popularity|modern|Animation,+0.619|+0.458|+0.175,9,11,19,20
721,classic|popularity|Western,+0.440|+0.392|+0.253,3,17,6,14
720,Adventure|Fantasy|Sci-Fi,+0.863|+0.326|+0.323,6,14,9,15
719,Comedy|popularity|modern,+0.597|+0.521|+0.363,14,6,16,19
718,popularity|Comedy|retro,+0.474|+0.438|+0.426,12,8,6,2
717,contemporary|popularity|Horror,+0.558|+0.331|+0.323,11,9,5,5
716,Animation|Musical|Fantasy,+0.922|+0.516|+0.389,18,2,0,0
715,Musical|Animation|popularity,+0.833|+0.640|+0.400,17,3,9,8
714,Horror|popularity|Fantasy,+0.620|+0.498|+0.262,5,15,11,8
713,Musical|Animation|classic,+0.884|+0.599|+0.372,15,5,1,1
712,Horror|modern|Sci-Fi,+0.805|+0.366|+0.233,12,8,1,0
711,popularity|retro|classic,+0.431|+0.327|+0.249,13,7,16,14
710,modern|contemporary|popularity,+0.387|+0.371|+0.348,13,7,16,13
709,Documentary|retro|Fantasy,+0.627|+0.345|+0.345,8,12,11,18
708,popularity|contemporary|Musical,+0.416|+0.326|+0.286,10,10,13,7
707,Mystery|popularity|Thriller,+0.688|+0.442|+0.418,11,9,8,6
706,Drama|modern|popularity,+0.775|+0.481|+0.224,3,17,1,6
705,Sci-Fi|popularity|Fantasy,+0.613|+0.504|+0.250,1,19,18,9
704,Western|contemporary|popularity,+0.419|+0.333|+0.307,17,3,7,5
703,popularity|Musical|Sci-Fi,+0.393|+0.288|+0.262,10,10,13,12
702,Comedy|Documentary|Fantasy,+0.688|+0.226|+0.165,14,6,0,1
701,contemporary|popularity|Crime,+0.640|+0.635|+0.246,9,11,11,11
700,Fantasy|Mystery|Crime,+0.420|+0.363|+0.352,17,3,4,6
699,classic|popularity|Mystery,+0.375|+0.335|+0.327,17,3,9,11
698,classic|niche|Documentary,+0.460|+0.370|+0.303,13,7,12,18
697,Comedy|modern|popularity,+0.747|+0.369|+0.363,10,10,14,14
696,popularity|contemporary|Horror,+0.430|+0.389|+0.266,9,11,9,8
695,popularity|classic|Documentary,+0.476|+0.349|+0.313,9,11,19,19
694,popularity|Fantasy|Sci-Fi,+0.481|+0.449|+0.367,15,5,19,18
693,contemporary|popularity|Mystery,+0.810|+0.388|+0.250,15,5,3,2
692,popularity|contemporary|Comedy,+0.547|+0.304|+0.253,8,12,12,12
691,Comedy|popularity|Documentary,+0.598|+0.479|+0.220,13,7,14,10
690,contemporary|Comedy|popularity,+0.530|+0.400|+0.330,6,14,5,7
689,Sci-Fi|Fantasy|Adventure,+0.711|+0.349|+0.325,18,2,1,1
688,War|popularity|Western,+0.886|+0.320|+0.299,8,12,10,4
687,Romance|Musical|Adventure,+0.795|+0.290|+0.250,11,9,0,0
686,Action|popularity|modern,+0.660|+0.588|+0.289,7,13,19,18
685,popularity|Animation|Sci-Fi,+0.397|+0.238|+0.188,15,5,9,6
684,popularity|Action|Fantasy,+0.414|+0.271|+0.262,11,9,6,2
683,popularity|modern|niche,+0.420|+0.412|+0.239,12,8,19,19
682,popularity|retro|classic,+0.545|+0.224|+0.210,5,15,19,15
681,Animation|Musical|Fantasy,+0.836|+0.466|+0.426,16,4,0,2
680,popularity|Animation|Western,+0.400|+0.331|+0.308,16,4,8,6
679,Sci-Fi|popularity|Fantasy,+0.592|+0.453|+0.254,11,9,17,12
678,Drama|contemporary|niche,+0.419|+0.416|+0.375,8,12,5,6
677,popularity|Drama|Thriller,+0.259|+0.241|+0.235,8,12,6,3
676,Comedy|Documentary|Fantasy,+0.546|+0.400|+0.290,17,3,0,0
675,popularity|contemporary|Action,+0.313|+0.311|+0.231,16,4,5,3
674,Thriller|popularity|Crime,+0.492|+0.456|+0.335,11,9,17,16
673,popularity|Sci-Fi|contemporary,+0.324|+0.321|+0.317,14,6,8,6
672,Action|popularity|War,+0.626|+0.462|+0.249,12,8,17,16
671,popularity|Documentary|contemporary,+0.365|+0.296|+0.290,14,6,19,17
670,popularity|classic|contemporary,+0.343|+0.299|+0.298,17,3,17,15
669,contemporary|popularity|Action,+0.783|+0.513|+0.300,12,8,9,8
668,popularity|Action|Crime,+0.602|+0.230|+0.198,11,9,20,20
667,popularity|Action|Sci-Fi,+0.581|+0.532|+0.468,7,13,20,14
666,classic|popularity|Musical,+0.500|+0.308|+0.277,15,5,2,2
665,Horror|popularity|Sci-Fi,+0.799|+0.380|+0.332,12,8,9,9
664,popularity|Crime|Fantasy,+0.393|+0.390|+0.376,14,6,7,6
663,Horror|retro|Sci-Fi,+0.843|+0.408|+0.276,10,10,0,0
662,Action|Adventure|popularity,+0.605|+0.382|+0.368,14,6,2,1
661,Drama|popularity|Western,+0.562|+0.334|+0.294,8,12,11,10
660,contemporary|Thriller|Mystery,+0.817|+0.228|+0.222,17,3,1,1
659,Drama|modern|popularity,+0.723|+0.415|+0.368,8,12,5,6
658,popularity|Mystery|Horror,+0.301|+0.170|+0.137,10,10,16,8
657,Western|contemporary|popularity,+0.378|+0.363|+0.339,17,3,8,7
656,popularity|classic|retro,+0.403|+0.300|+0.253,8,12,12,7
655,Comedy|popularity|Musical,+0.874|+0.292|+0.200,7,13,9,7
654,retro|Drama|popularity,+0.609|+0.591|+0.286,11,9,2,2
653,popularity|Romance|Mystery,+0.320|+0.308|+0.286,16,4,6,4
652,Sci-Fi|popularity|modern,+0.637|+0.286|+0.279,18,2,1,1
651,Action|Adventure|Sci-Fi,+0.805|+0.262|+0.241,14,6,3,3
650,contemporary|popularity|Action,+0.777|+0.501|+0.421,11,9,8,6
649,popularity|modern|Drama,+0.744|+0.300|+0.188,6,14,19,20
648,popularity|Drama|retro,+0.511|+0.388|+0.234,9,11,18,17
647,Action|popularity|modern,+0.762|+0.351|+0.321,12,8,17,15
646,Animation|popularity|Musical,+0.612|+0.394|+0.382,10,10,6,4
645,Comedy|popularity|Documentary,+0.533|+0.401|+0.262,12,8,17,15
644,modern|popularity|contemporary,+0.395|+0.379|+0.321,17,3,13,15
643,contemporary|popularity|Western,+0.513|+0.394|+0.358,12,8,12,8
642,popularity|Romance|Sci-Fi,+0.609|+0.315|+0.300,2,18,19,10
641,popularity|Romance|Documentary,+0.632|+0.239|+0.213,9,11,19,19
640,popularity|modern|Drama,+0.501|+0.450|+0.279,10,10,20,20
639,Fantasy|popularity|retro,+0.376|+0.376|+0.374,13,7,10,5
638,retro|popularity|Fantasy,+0.666|+0.265|+0.243,6,14,10,4
637,Western|popularity|classic,+0.890|+0.418|+0.339,12,8,4,4
636,Sci-Fi|Action|Adventure,+0.785|+0.288|+0.284,15,5,9,7
635,Comedy|popularity|Musical,+0.784|+0.329|+0.287,10,10,11,7
634,popularity|Sci-Fi|Fantasy,+0.396|+0.358|+0.302,17,3,20,20
633,contemporary|popularity|Horror,+0.406|+0.386|+0.247,15,5,9,9
632,Sci-Fi|modern|popularity,+0.722|+0.330|+0.299,15,5,9,5
631,popularity|Animation|Horror,+0.401|+0.152|+0.136,5,15,15,8
630,Comedy|popularity|Musical,+0.794|+0.416|+0.258,8,12,18,14
628,contemporary|popularity|Comedy,+0.607|+0.579|+0.422,8,12,11,10
629,Animation|Fantasy|Adventure,+0.471|+0.465|+0.316,15,5,0,0
627,Fantasy|Animation|Mystery,+0.697|+0.336|+0.335,11,9,10,13
626,popularity|Animation|contemporary,+0.418|+0.269|+0.251,15,5,10,7
625,popularity|Drama|contemporary,+0.508|+0.454|+0.325,7,13,10,4
624,War|popularity|classic,+0.477|+0.433|+0.272,7,13,14,10
623,popularity|Fantasy|Documentary,+0.370|+0.343|+0.337,17,3,7,5
622,modern|popularity|Documentary,+0.509|+0.385|+0.289,11,9,18,18
621,Crime|popularity|Thriller,+0.698|+0.489|+0.372,3,17,10,7
620,Comedy|modern|Documentary,+0.732|+0.328|+0.155,13,7,0,1
619,Comedy|popularity|Musical,+0.665|+0.410|+0.248,8,12,19,13
618,contemporary|Horror|Sci-Fi,+0.518|+0.494|+0.279,9,11,1,7
617,Mystery|popularity|classic,+0.787|+0.360|+0.350,9,11,2,9
616,Sci-Fi|popularity|Fantasy,+0.499|+0.396|+0.317,14,6,17,19
615,popularity|Fantasy|Sci-Fi,+0.610|+0.592|+0.555,6,14,17,12
614,Animation|Fantasy|Musical,+0.606|+0.457|+0.370,14,6,0,1
613,modern|popularity|Drama,+0.520|+0.489|+0.240,5,15,16,18
612,contemporary|Sci-Fi|Horror,+0.446|+0.298|+0.291,12,8,3,6
611,popularity|contemporary|Animation,+0.349|+0.250|+0.195,18,2,8,8
610,Western|Drama|popularity,+0.506|+0.485|+0.373,10,10,13,10
609,popularity|Action|War,+0.617|+0.356|+0.215,13,7,20,20
608,Action|popularity|Adventure,+0.739|+0.333|+0.278,11,9,7,7
607,Drama|popularity|modern,+0.570|+0.471|+0.425,10,10,14,15
606,Comedy|popularity|Animation,+0.850|+0.438|+0.228,9,11,7,8
605,popularity|Western|Animation,+0.408|+0.372|+0.321,17,3,8,7
604,contemporary|popularity|Crime,+0.783|+0.440|+0.244,10,10,6,11
603,Action|popularity|modern,+0.787|+0.448|+0.279,10,10,17,14
602,Sci-Fi|Horror|Adventure,+0.779|+0.294|+0.240,14,6,2,2
601,War|popularity|retro,+0.858|+0.426|+0.298,11,9,11,9
600,contemporary|popularity|Animation,+0.592|+0.531|+0.344,11,9,12,10
599,Drama|popularity|classic,+0.487|+0.330|+0.280,11,9,13,11
598,Action|popularity|modern,+0.637|+0.553|+0.292,11,9,20,20
597,Western|contemporary|popularity,+0.383|+0.367|+0.367,15,5,9,7
596,contemporary|popularity|Horror,+0.603|+0.315|+0.308,10,10,2,3
595,Thriller|modern|popularity,+0.744|+0.412|+0.398,7,13,11,6
594,Comedy|popularity|Musical,+0.839|+0.340|+0.206,9,11,13,11
593,contemporary|popularity|Documentary,+0.840|+0.362|+0.253,8,12,3,11
592,popularity|Action|Crime,+0.523|+0.445|+0.267,14,6,20,20
591,classic|Thriller|Mystery,+0.663|+0.285|+0.280,13,7,5,11
590,modern|popularity|Drama,+0.597|+0.341|+0.273,6,14,9,11
589,Western|popularity|Comedy,+0.726|+0.562|+0.306,16,4,9,10
588,popularity|classic|Documentary,+0.329|+0.320|+0.311,5,15,7,11
587,popularity|contemporary|Documentary,+0.534|+0.369|+0.265,13,7,20,19
586,popularity|Comedy|Animation,+0.455|+0.451|+0.290,10,10,19,16
585,contemporary|Animation|Fantasy,+0.801|+0.330|+0.309,7,13,0,11
584,Drama|popularity|modern,+0.565|+0.510|+0.420,11,9,13,18
583,retro|Horror|popularity,+0.396|+0.342|+0.300,13,7,0,0
582,popularity|contemporary|Drama,+0.644|+0.239|+0.209,7,13,20,20
581,Comedy|popularity|modern,+0.658|+0.474|+0.385,11,9,15,12
580,War|classic|popularity,+0.677|+0.439|+0.363,12,8,13,13
579,popularity|Thriller|Sci-Fi,+0.686|+0.503|+0.275,11,9,18,16
578,popularity|modern|Documentary,+0.534|+0.459|+0.204,9,11,19,20
577,Crime|popularity|Mystery,+0.927|+0.404|+0.285,4,16,10,5
576,retro|popularity|Documentary,+0.611|+0.450|+0.185,7,13,18,15
575,popularity|Action|retro,+0.540|+0.497|+0.250,12,8,19,18
574,popularity|modern|Documentary,+0.460|+0.459|+0.311,13,7,20,20
573,Action|popularity|Crime,+0.674|+0.475|+0.228,9,11,18,19
572,contemporary|popularity|Animation,+0.852|+0.335|+0.273,15,5,2,3
571,Thriller|popularity|modern,+0.770|+0.365|+0.354,6,14,8,7
570,contemporary|popularity|Animation,+0.918|+0.417|+0.234,15,5,5,5
569,contemporary|popularity|Animation,+0.866|+0.418|+0.355,13,7,6,11
568,Action|popularity|modern,+0.675|+0.506|+0.332,11,9,20,19
567,Adventure|Fantasy|Animation,+0.852|+0.358|+0.258,13,7,1,1
566,Fantasy|Animation|Adventure,+0.571|+0.528|+0.476,8,12,0,0
565,popularity|contemporary|Sci-Fi,+0.414|+0.400|+0.308,13,7,12,6
564,classic|popularity|Western,+0.595|+0.428|+0.302,10,10,8,10
563,Sci-Fi|Fantasy|contemporary,+0.451|+0.315|+0.285,11,9,1,3
562,Action|popularity|War,+0.705|+0.419|+0.224,10,10,18,15
561,Fantasy|popularity|Animation,+0.676|+0.472|+0.342,11,9,2,0
559,Romance|popularity|modern,+0.705|+0.426|+0.415,12,8,12,12
560,Action|Adventure|Sci-Fi,+0.849|+0.342|+0.334,7,13,1,1
558,contemporary|popularity|Documentary,+0.670|+0.455|+0.263,14,6,11,14
557,Mystery|popularity|classic,+0.792|+0.351|+0.326,7,13,3,9
556,Sci-Fi|popularity|Fantasy,+0.843|+0.411|+0.334,9,11,14,5
555,Animation|Musical|popularity,+0.951|+0.504|+0.332,9,11,3,0
554,popularity|Western|contemporary,+0.383|+0.378|+0.340,19,1,7,7
553,Comedy|modern|popularity,+0.827|+0.395|+0.183,9,11,4,2
552,popularity|Horror|Mystery,+0.232|+0.160|+0.149,13,7,9,5
551,Comedy|modern|popularity,+0.752|+0.406|+0.325,9,11,9,8
550,Drama|popularity|War,+0.864|+0.215|+0.178,5,15,1,2
549,contemporary|popularity|Animation,+0.947|+0.299|+0.249,13,7,1,1
548,Horror|Sci-Fi|contemporary,+0.823|+0.310|+0.275,10,10,0,0
547,Sci-Fi|popularity|Fantasy,+0.804|+0.443|+0.317,11,9,17,13
546,popularity|Horror|contemporary,+0.346|+0.338|+0.243,16,4,9,7
545,popularity|Animation|Western,+0.402|+0.366|+0.336,14,6,8,6
543,Mystery|Fantasy|Crime,+0.706|+0.342|+0.324,13,7,3,7
544,Adventure|popularity|Action,+0.782|+0.376|+0.332,9,11,11,6
542,contemporary|popularity|Sci-Fi,+0.486|+0.429|+0.285,14,6,13,10
541,popularity|modern|Drama,+0.546|+0.521|+0.157,2,18,13,14
540,popularity|Animation|modern,+0.717|+0.245|+0.208,6,14,19,20
539,Animation|Musical|popularity,+0.929|+0.424|+0.296,11,9,1,0
538,Adventure|popularity|Action,+0.791|+0.384|+0.363,9,11,13,8
537,popularity|Drama|retro,+0.397|+0.271|+0.219,7,13,13,8
536,Animation|Fantasy|Adventure,+0.656|+0.378|+0.345,13,7,8,12
534,War|Western|popularity,+0.969|+0.345|+0.304,12,8,7,6
535,Western|popularity|contemporary,+0.412|+0.368|+0.338,14,6,10,7
533,Comedy|popularity|Animation,+0.825|+0.364|+0.158,7,13,8,9
532,Fantasy|Sci-Fi|Adventure,+0.855|+0.472|+0.402,14,6,5,8
531,popularity|Comedy|retro,+0.535|+0.405|+0.217,9,11,13,18
530,popularity|Documentary|retro,+0.622|+0.298|+0.239,3,17,19,19
529,popularity|Documentary|classic,+0.368|+0.352|+0.320,11,9,16,17
528,popularity|contemporary|Animation,+0.712|+0.295|+0.262,7,13,18,20
527,popularity|Comedy|Documentary,+0.503|+0.394|+0.292,13,7,20,19
526,Action|popularity|War,+0.796|+0.393|+0.252,5,15,15,11
525,popularity|Musical|Sci-Fi,+0.464|+0.279|+0.278,11,9,13,12
524,modern|Mystery|Fantasy,+0.373|+0.123|+0.114,15,5,1,1
523,Action|popularity|Sci-Fi,+0.800|+0.441|+0.249,5,15,16,6
522,Sci-Fi|popularity|Action,+0.823|+0.404|+0.342,11,9,18,12
521,Thriller|popularity|Mystery,+0.751|+0.384|+0.287,9,11,8,2
520,Romance|popularity|Mystery,+0.644|+0.438|+0.309,9,11,15,9
519,Comedy|popularity|Animation,+0.765|+0.517|+0.244,10,10,20,17
518,Drama|modern|popularity,+0.385|+0.315|+0.295,7,13,11,14
517,popularity|Drama|War,+0.260|+0.224|+0.192,7,13,14,7
516,Sci-Fi|contemporary|Fantasy,+0.625|+0.304|+0.299,15,5,1,1
515,popularity|Drama|retro,+0.503|+0.249|+0.210,4,16,16,10
514,Sci-Fi|popularity|Fantasy,+0.708|+0.432|+0.272,6,14,18,11
513,popularity|War|Fantasy,+0.340|+0.270|+0.226,9,11,18,13
512,Mystery|Crime|Thriller,+0.919|+0.307|+0.299,18,2,1,2
510,Animation|Musical|Fantasy,+0.937|+0.500|+0.431,14,6,1,3
509,Thriller|modern|Mystery,+0.696|+0.339|+0.258,9,11,0,1
511,Western|popularity|contemporary,+0.387|+0.370|+0.296,19,1,8,7
508,Documentary|popularity|Animation,+0.903|+0.329|+0.265,14,6,1,2
507,Documentary|classic|Drama,+0.371|+0.338|+0.326,11,9,15,19
506,popularity|contemporary|Western,+0.399|+0.391|+0.363,12,8,11,8
505,Comedy|popularity|Musical,+0.800|+0.406|+0.224,7,13,19,14
504,Mystery|Crime|Fantasy,+0.553|+0.447|+0.414,14,6,9,13
503,Western|popularity|War,+0.910|+0.363|+0.352,14,6,4,5
502,popularity|Drama|War,+0.585|+0.471|+0.229,11,9,18,19
500,contemporary|popularity|Animation,+0.665|+0.501|+0.279,14,6,8,11
501,popularity|classic|Mystery,+0.394|+0.357|+0.257,16,4,14,15
499,Drama|popularity|War,+0.811|+0.287|+0.178,5,15,3,0
498,classic|Comedy|retro,+0.410|+0.377|+0.300,13,7,10,15
497,Fantasy|popularity|retro,+0.825|+0.413|+0.338,11,9,11,9
496,Thriller|classic|popularity,+0.493|+0.451|+0.429,12,8,11,13
495,popularity|Sci-Fi|War,+0.660|+0.516|+0.419,12,8,18,14
494,Action|popularity|Adventure,+0.689|+0.354|+0.320,12,8,1,1
493,modern|popularity|Drama,+0.612|+0.320|+0.263,6,14,9,12
492,popularity|contemporary|Musical,+0.337|+0.306|+0.235,16,4,9,7
491,War|popularity|Western,+0.725|+0.694|+0.277,9,11,15,11
490,Animation|popularity|Musical,+0.350|+0.298|+0.240,10,10,3,2
489,popularity|Documentary|Animation,+0.468|+0.352|+0.279,15,5,20,20
488,Sci-Fi|popularity|Fantasy,+0.606|+0.428|+0.314,13,7,18,18
487,Comedy|Fantasy|popularity,+0.559|+0.484|+0.473,8,12,10,5
486,popularity|modern|Drama,+0.508|+0.500|+0.252,5,15,17,16
485,Comedy|popularity|Musical,+0.808|+0.436|+0.235,9,11,20,14
484,popularity|contemporary|Western,+0.471|+0.369|+0.360,13,7,13,10
483,popularity|retro|Animation,+0.763|+0.247|+0.218,7,13,20,20
482,modern|Western|Fantasy,+0.489|+0.378|+0.159,12,8,1,1
481,popularity|classic|Western,+0.405|+0.394|+0.263,13,7,4,4
480,contemporary|popularity|Animation,+0.871|+0.405|+0.256,14,6,6,5
479,popularity|Fantasy|Animation,+0.741|+0.257|+0.181,4,16,20,14
478,modern|popularity|Western,+0.520|+0.470|+0.241,6,14,20,17
477,Action|Adventure|Sci-Fi,+0.751|+0.306|+0.249,13,7,1,1
476,Action|popularity|War,+0.476|+0.400|+0.296,15,5,19,19
475,Comedy|Musical|retro,+0.521|+0.278|+0.232,18,2,2,3
474,popularity|contemporary|Musical,+0.414|+0.295|+0.289,14,6,15,11
473,classic|Romance|Musical,+0.627|+0.477|+0.467,13,7,2,3
472,Crime|popularity|classic,+0.388|+0.362|+0.337,14,6,12,12
471,Sci-Fi|Adventure|Fantasy,+0.829|+0.301|+0.283,14,6,6,4
470,Musical|Animation|classic,+0.953|+0.534|+0.451,11,9,1,1
469,Documentary|popularity|classic,+0.518|+0.399|+0.352,5,15,12,17
468,War|Romance|popularity,+0.735|+0.537|+0.407,11,9,12,7
467,popularity|Drama|War,+0.558|+0.399|+0.369,12,8,18,19
466,Fantasy|popularity|Sci-Fi,+0.486|+0.381|+0.326,16,4,19,19
464,popularity|modern|Drama,+0.459|+0.391|+0.270,5,15,13,15
465,popularity|Documentary|classic,+0.411|+0.372|+0.236,16,4,20,19
463,Comedy|Documentary|Fantasy,+0.770|+0.178|+0.157,16,4,0,1
462,War|Fantasy|popularity,+0.492|+0.384|+0.360,7,13,5,4
461,Crime|popularity|Mystery,+0.874|+0.344|+0.261,8,12,9,7
460,Comedy|popularity|Musical,+0.850|+0.378|+0.176,6,14,10,10
459,popularity|Western|Animation,+0.373|+0.324|+0.323,16,4,8,6
458,contemporary|Horror|Sci-Fi,+0.434|+0.347|+0.298,14,6,1,4
457,Drama|modern|popularity,+0.545|+0.464|+0.425,5,15,6,6
456,Thriller|popularity|Mystery,+0.821|+0.435|+0.318,5,15,15,8
455,Comedy|popularity|Musical,+0.668|+0.440|+0.271,12,8,17,13
454,Crime|Mystery|popularity,+0.939|+0.366|+0.356,8,12,4,6
453,contemporary|popularity|Crime,+0.867|+0.390|+0.312,7,13,5,9
452,Drama|modern|popularity,+0.516|+0.355|+0.294,10,10,0,0
451,popularity|Drama|retro,+0.413|+0.212|+0.186,9,11,12,4
450,popularity|classic|retro,+0.596|+0.279|+0.224,6,14,17,19
449,Horror|popularity|Sci-Fi,+0.844|+0.326|+0.293,7,13,10,4
448,popularity|Western|contemporary,+0.465|+0.363|+0.340,15,5,12,9
447,Animation|Musical|classic,+0.596|+0.352|+0.332,12,8,1,4
446,popularity|contemporary|Musical,+0.475|+0.329|+0.233,8,12,16,15
445,retro|popularity|Western,+0.327|+0.204|+0.202,12,8,2,3
444,popularity|Musical|classic,+0.413|+0.324|+0.308,11,9,14,13
443,popularity|classic|Drama,+0.403|+0.385|+0.343,8,12,12,19
442,contemporary|popularity|Documentary,+0.700|+0.501|+0.255,14,6,7,10
441,popularity|Action|retro,+0.652|+0.539|+0.352,10,10,20,17
440,Comedy|popularity|modern,+0.589|+0.549|+0.321,10,10,15,11
439,contemporary|popularity|Animation,+0.815|+0.556|+0.232,12,8,9,11
438,popularity|classic|contemporary,+0.399|+0.395|+0.277,10,10,4,5
436,Sci-Fi|popularity|Fantasy,+0.717|+0.340|+0.330,14,6,1,2
437,War|popularity|Western,+0.908|+0.356|+0.320,10,10,9,4
435,Action|Adventure|popularity,+0.904|+0.307|+0.251,9,11,3,1
434,Documentary|Comedy|retro,+0.755|+0.382|+0.327,11,9,6,14
433,Romance|Comedy|modern,+0.707|+0.429|+0.310,14,6,1,0
432,Romance|modern|Musical,+0.714|+0.382|+0.290,13,7,0,0
431,popularity|retro|Fantasy,+0.773|+0.268|+0.238,5,15,20,19
430,Romance|modern|popularity,+0.854|+0.389|+0.278,10,10,5,3
429,popularity|contemporary|Sci-Fi,+0.467|+0.450|+0.273,5,15,6,3
428,Romance|popularity|War,+0.813|+0.521|+0.244,4,16,16,6
427,contemporary|popularity|Horror,+0.390|+0.340|+0.332,11,9,4,4
426,Action|Adventure|popularity,+0.717|+0.339|+0.316,15,5,2,2
425,Comedy|popularity|Musical,+0.752|+0.476|+0.183,6,14,13,12
424,modern|Drama|contemporary,+0.367|+0.365|+0.363,8,12,4,7
423,Western|popularity|contemporary,+0.400|+0.359|+0.347,15,5,8,7
422,Fantasy|Sci-Fi|popularity,+0.631|+0.571|+0.449,13,7,15,16
421,popularity|Thriller|contemporary,+0.607|+0.577|+0.482,6,14,12,11
420,Animation|Musical|popularity,+0.529|+0.399|+0.373,14,6,7,9
418,popularity|Thriller|Crime,+0.681|+0.568|+0.332,11,9,18,15
417,Animation|Musical|popularity,+0.936|+0.458|+0.380,9,11,3,1
416,popularity|classic|Mystery,+0.417|+0.341|+0.312,15,5,11,14
415,retro|popularity|Documentary,+0.707|+0.389|+0.185,8,12,15,10
414,Mystery|Fantasy|Crime,+0.504|+0.385|+0.376,16,4,8,11
413,Animation|Fantasy|modern,+0.526|+0.448|+0.417,13,7,0,1
412,contemporary|popularity|Documentary,+0.870|+0.333|+0.259,10,10,2,7
411,contemporary|popularity|Animation,+0.639|+0.505|+0.278,13,7,9,11
410,Comedy|popularity|Documentary,+0.869|+0.281|+0.182,9,11,6,7
409,popularity|modern|Crime,+0.341|+0.235|+0.229,6,14,5,7
408,popularity|modern|Documentary,+0.529|+0.321|+0.289,8,12,17,14
407,Crime|popularity|Mystery,+0.896|+0.434|+0.265,6,14,10,4
406,popularity|retro|Fantasy,+0.758|+0.172|+0.142,5,15,19,18
405,popularity|classic|Western,+0.426|+0.316|+0.270,12,8,7,6
419,popularity|Animation|Western,+0.505|+0.359|+0.303,13,7,11,8
404,popularity|contemporary|Animation,+0.468|+0.287|+0.223,15,5,10,10
403,Fantasy|popularity|Animation,+0.559|+0.514|+0.491,11,9,6,4
402,contemporary|popularity|Horror,+0.895|+0.321|+0.249,13,7,2,3
401,popularity|Mystery|Adventure,+0.333|+0.221|+0.184,7,13,15,8
400,popularity|modern|Documentary,+0.585|+0.423|+0.220,11,9,20,20
399,popularity|Western|contemporary,+0.449|+0.387|+0.331,15,5,12,10
397,Comedy|popularity|Musical,+0.669|+0.562|+0.226,10,10,19,19
398,Thriller|popularity|Mystery,+0.824|+0.389|+0.355,4,16,13,6
396,Comedy|popularity|modern,+0.857|+0.192|+0.190,9,11,5,4
394,Action|popularity|contemporary,+0.600|+0.490|+0.417,13,7,12,12
395,Comedy|popularity|modern,+0.611|+0.554|+0.344,13,7,18,19
393,popularity|Documentary|modern,+0.405|+0.356|+0.312,10,10,18,16
392,popularity|Drama|contemporary,+0.685|+0.315|+0.276,8,12,16,19
391,classic|Horror|War,+0.683|+0.349|+0.276,8,12,2,7
390,Horror|retro|Mystery,+0.799|+0.308|+0.281,9,11,4,10
389,contemporary|popularity|Animation,+0.848|+0.388|+0.267,14,6,6,4
388,retro|popularity|Fantasy,+0.714|+0.403|+0.165,7,13,16,6
387,Romance|retro|popularity,+0.711|+0.406|+0.395,14,6,10,10
386,Sci-Fi|popularity|Fantasy,+0.575|+0.403|+0.360,13,7,16,16
385,popularity|Thriller|contemporary,+0.576|+0.470|+0.226,11,9,17,14
383,contemporary|popularity|Western,+0.472|+0.440|+0.310,11,9,11,9
384,Western|classic|popularity,+0.462|+0.427|+0.324,15,5,18,19
382,popularity|Comedy|Romance,+0.414|+0.352|+0.192,12,8,17,14
380,popularity|Animation|Musical,+0.453|+0.442|+0.418,11,9,7,9
381,Sci-Fi|popularity|Action,+0.739|+0.395|+0.275,4,16,14,9
379,Romance|Musical|popularity,+0.912|+0.325|+0.319,8,12,6,5
378,popularity|modern|Documentary,+0.508|+0.485|+0.262,6,14,19,17
377,Western|War|popularity,+0.826|+0.528|+0.396,15,5,5,7
375,Drama|popularity|War,+0.723|+0.412|+0.170,3,17,11,9
376,Mystery|Thriller|classic,+0.651|+0.441|+0.420,13,7,2,7
374,Crime|popularity|Thriller,+0.897|+0.453|+0.290,7,13,10,3
373,Action|popularity|Sci-Fi,+0.670|+0.584|+0.270,9,11,18,14
372,Animation|Horror|contemporary,+0.497|+0.457|+0.454,5,15,0,8
371,popularity|Drama|Documentary,+0.600|+0.289|+0.282,9,11,18,19
370,contemporary|popularity|Animation,+0.865|+0.394|+0.273,15,5,6,4
368,contemporary|popularity|Animation,+0.900|+0.413|+0.246,12,8,3,4
369,Comedy|popularity|Musical,+0.884|+0.257|+0.173,5,15,6,5
367,Romance|popularity|War,+0.837|+0.371|+0.260,4,16,9,5
366,Western|classic|Musical,+0.952|+0.409|+0.335,13,7,1,5
365,popularity|modern|Thriller,+0.485|+0.355|+0.345,13,7,19,20
364,contemporary|popularity|Documentary,+0.511|+0.505|+0.235,14,6,11,13
363,contemporary|Sci-Fi|Horror,+0.475|+0.301|+0.293,15,5,3,3
362,contemporary|popularity|Action,+0.841|+0.453|+0.322,14,6,6,4
361,contemporary|popularity|Crime,+0.614|+0.370|+0.256,13,7,5,10
360,popularity|Drama|classic,+0.553|+0.381|+0.260,11,9,14,12
359,popularity|contemporary|Animation,+0.307|+0.252|+0.231,19,1,8,7
358,War|classic|popularity,+0.755|+0.312|+0.306,14,6,9,6
357,Animation|popularity|Musical,+0.444|+0.426|+0.253,6,14,10,11
356,Adventure|popularity|Sci-Fi,+0.650|+0.370|+0.282,9,11,14,12
355,popularity|contemporary|Animation,+0.641|+0.612|+0.221,11,9,11,11
354,Western|contemporary|popularity,+0.389|+0.375|+0.338,15,5,8,7
353,popularity|contemporary|Crime,+0.616|+0.592|+0.306,11,9,13,13
352,modern|Mystery|Fantasy,+0.417|+0.183|+0.126,14,6,1,1
351,Action|contemporary|popularity,+0.753|+0.556|+0.419,10,10,10,8
350,Action|popularity|modern,+0.630|+0.490|+0.339,11,9,19,18
348,War|Western|classic,+0.934|+0.429|+0.322,10,10,2,7
347,popularity|Documentary|retro,+0.425|+0.287|+0.229,7,13,17,11
346,Drama|popularity|War,+0.791|+0.297|+0.163,4,16,2,2
345,Drama|popularity|retro,+0.674|+0.381|+0.248,6,14,11,10
344,popularity|contemporary|Western,+0.439|+0.393|+0.388,11,9,12,10
343,popularity|Comedy|modern,+0.524|+0.501|+0.257,10,10,8,5
342,Sci-Fi|Fantasy|popularity,+0.820|+0.391|+0.378,11,9,16,8
341,Action|popularity|modern,+0.559|+0.463|+0.303,15,5,16,16
340,popularity|Comedy|Animation,+0.594|+0.252|+0.234,5,15,18,8
339,Drama|popularity|War,+0.806|+0.258|+0.183,7,13,3,1
338,popularity|contemporary|retro,+0.456|+0.251|+0.231,6,14,18,14
337,Action|popularity|modern,+0.711|+0.377|+0.321,13,7,8,11
336,Sci-Fi|popularity|Fantasy,+0.740|+0.517|+0.302,3,17,19,13
335,Crime|popularity|Mystery,+0.599|+0.578|+0.254,10,10,12,15
334,Romance|Musical|Adventure,+0.871|+0.316|+0.267,14,6,1,0
333,Comedy|popularity|Musical,+0.860|+0.279|+0.228,10,10,7,7
332,Crime|popularity|modern,+0.782|+0.470|+0.336,8,12,10,8
331,Crime|popularity|contemporary,+0.576|+0.369|+0.276,6,14,7,8
330,popularity|retro|classic,+0.452|+0.355|+0.336,12,8,18,18
329,contemporary|popularity|Animation,+0.928|+0.325|+0.190,11,9,1,4
328,Action|Adventure|popularity,+0.731|+0.301|+0.294,13,7,1,1
327,contemporary|Documentary|Crime,+0.681|+0.594|+0.282,8,12,1,9
326,classic|popularity|Horror,+0.340|+0.322|+0.237,5,15,1,2
325,Comedy|modern|popularity,+0.506|+0.396|+0.336,9,11,1,4
324,Fantasy|popularity|Sci-Fi,+0.560|+0.496|+0.361,13,7,18,15
323,Romance|popularity|War,+0.831|+0.395|+0.280,3,17,12,4
322,Comedy|popularity|Musical,+0.631|+0.520|+0.282,13,7,17,12
321,contemporary|popularity|Action,+0.759|+0.455|+0.215,9,11,8,5
320,contemporary|popularity|Sci-Fi,+0.404|+0.354|+0.287,11,9,9,4
319,Romance|popularity|Musical,+0.452|+0.308|+0.288,12,8,5,4
318,popularity|Western|Animation,+0.362|+0.344|+0.317,15,5,8,7
317,classic|popularity|War,+0.488|+0.424|+0.321,11,9,13,15
316,Sci-Fi|Adventure|Horror,+0.799|+0.280|+0.277,13,7,12,7
315,contemporary|popularity|Mystery,+0.472|+0.468|+0.327,12,8,18,12
314,popularity|Thriller|retro,+0.459|+0.449|+0.301,9,11,7,2
313,contemporary|popularity|Sci-Fi,+0.483|+0.344|+0.320,12,8,6,3
312,contemporary|popularity|Drama,+0.626|+0.427|+0.262,15,5,13,13
311,popularity|Fantasy|Action,+0.600|+0.357|+0.305,12,8,20,19
310,Romance|popularity|contemporary,+0.428|+0.389|+0.304,4,16,11,2
309,popularity|Western|War,+0.651|+0.533|+0.272,8,12,12,14
308,modern|Fantasy|Animation,+0.370|+0.171|+0.157,13,7,1,1
307,popularity|classic|retro,+0.454|+0.255|+0.227,5,15,16,14
306,popularity|contemporary|retro,+0.595|+0.270|+0.251,15,5,20,20
305,Musical|Animation|Fantasy,+0.788|+0.437|+0.317,5,15,2,14
304,Fantasy|Mystery|Crime,+0.456|+0.374|+0.356,13,7,8,11
303,Comedy|popularity|contemporary,+0.868|+0.385|+0.225,4,16,13,9
302,Comedy|contemporary|popularity,+0.711|+0.523|+0.473,8,12,4,15
301,Comedy|modern|popularity,+0.738|+0.341|+0.137,7,13,0,1
300,Action|popularity|modern,+0.803|+0.312|+0.283,13,7,9,11
299,popularity|Documentary|classic,+0.426|+0.351|+0.335,7,13,16,19
298,contemporary|popularity|Sci-Fi,+0.402|+0.329|+0.306,14,6,3,3
297,contemporary|popularity|Action,+0.622|+0.498|+0.270,15,5,12,13
296,Horror|Sci-Fi|popularity,+0.909|+0.289|+0.279,8,12,4,1
295,Thriller|popularity|Crime,+0.727|+0.464|+0.367,6,14,12,10
294,Comedy|modern|popularity,+0.809|+0.378|+0.294,9,11,7,9
293,contemporary|popularity|modern,+0.561|+0.413|+0.300,9,11,10,11
292,popularity|retro|Sci-Fi,+0.477|+0.407|+0.257,12,8,19,18
291,Drama|popularity|War,+0.799|+0.270|+0.213,6,14,5,0
290,Romance|popularity|modern,+0.711|+0.470|+0.423,11,9,15,9
289,Action|popularity|Sci-Fi,+0.789|+0.403|+0.254,5,15,19,9
288,Action|popularity|Sci-Fi,+0.811|+0.473|+0.257,5,15,18,10
287,Drama|modern|popularity,+0.671|+0.472|+0.331,7,13,8,12
286,War|popularity|Western,+0.896|+0.488|+0.329,14,6,7,6
285,Thriller|popularity|Mystery,+0.581|+0.542|+0.323,11,9,14,13
284,popularity|Western|contemporary,+0.469|+0.401|+0.368,12,8,15,12
283,popularity|Action|modern,+0.674|+0.586|+0.243,3,17,20,17
282,Thriller|popularity|Action,+0.866|+0.367|+0.302,11,9,6,6
281,popularity|contemporary|Musical,+0.402|+0.311|+0.280,14,6,15,10
280,Comedy|popularity|Musical,+0.799|+0.292|+0.237,9,11,13,10
279,War|Western|Action,+0.857|+0.388|+0.333,11,9,2,9
278,Horror|niche|contemporary,+0.651|+0.273|+0.240,14,6,0,0
277,popularity|modern|Sci-Fi,+0.643|+0.388|+0.275,7,13,20,20
276,popularity|contemporary|Sci-Fi,+0.365|+0.330|+0.304,12,8,9,6
275,retro|popularity|Fantasy,+0.716|+0.387|+0.194,4,16,13,9
274,Action|popularity|Sci-Fi,+0.448|+0.435|+0.361,8,12,16,14
271,Thriller|popularity|Crime,+0.657|+0.571|+0.447,8,12,16,15
270,contemporary|popularity|Crime,+0.653|+0.508|+0.300,14,6,9,15
269,modern|popularity|contemporary,+0.484|+0.467|+0.246,10,10,16,12
268,retro|popularity|Fantasy,+0.620|+0.356|+0.323,11,9,1,2
267,contemporary|popularity|Documentary,+0.650|+0.496|+0.253,13,7,6,11
266,popularity|contemporary|Documentary,+0.519|+0.289|+0.285,13,7,19,16
265,Romance|popularity|War,+0.770|+0.454|+0.275,9,11,13,6
264,Action|popularity|Adventure,+0.740|+0.587|+0.291,9,11,17,10
263,popularity|Crime|Documentary,+0.523|+0.462|+0.287,16,4,18,18
262,Fantasy|Adventure|Animation,+0.883|+0.353|+0.340,5,15,0,15
261,contemporary|Fantasy|popularity,+0.259|+0.241|+0.201,15,5,1,1
260,Action|Adventure|Fantasy,+0.675|+0.291|+0.244,14,6,1,1
259,popularity|contemporary|Crime,+0.600|+0.577|+0.268,10,10,8,16
258,Action|popularity|War,+0.710|+0.491|+0.255,9,11,17,10
257,Comedy|popularity|modern,+0.614|+0.538|+0.375,10,10,18,17
256,Action|Adventure|Sci-Fi,+0.894|+0.298|+0.281,10,10,4,8
255,Sci-Fi|popularity|Action,+0.755|+0.383|+0.346,12,8,3,0
254,Horror|popularity|Sci-Fi,+0.826|+0.328|+0.289,13,7,9,6
253,modern|popularity|Documentary,+0.566|+0.309|+0.261,8,12,16,16
252,Comedy|popularity|modern,+0.580|+0.492|+0.388,6,14,10,6
272,Drama|popularity|modern,+0.563|+0.541|+0.379,12,8,16,18
251,Action|popularity|modern,+0.750|+0.439|+0.303,10,10,18,18
250,contemporary|Horror|popularity,+0.446|+0.354|+0.342,13,7,2,3
249,popularity|contemporary|Action,+0.493|+0.311|+0.221,11,9,11,9
248,Action|popularity|contemporary,+0.704|+0.573|+0.441,7,13,17,17
247,Drama|popularity|War,+0.712|+0.458|+0.189,10,10,14,11
246,Comedy|popularity|Animation,+0.767|+0.498|+0.284,6,14,16,11
245,Mystery|Thriller|Crime,+0.956|+0.436|+0.321,12,8,4,4
244,Crime|popularity|Documentary,+0.716|+0.488|+0.267,12,8,13,17
243,Comedy|popularity|Musical,+0.778|+0.490|+0.205,11,9,19,19
242,popularity|Adventure|Documentary,+0.525|+0.426|+0.318,7,13,13,18
241,Action|popularity|War,+0.775|+0.401|+0.241,6,14,19,17
240,modern|popularity|Drama,+0.492|+0.492|+0.318,11,9,15,18
239,popularity|Documentary|modern,+0.531|+0.375|+0.356,13,7,20,19
238,Drama|popularity|War,+0.835|+0.188|+0.182,3,17,2,1
237,Horror|popularity|Fantasy,+0.584|+0.507|+0.281,12,8,8,6
236,Action|popularity|Sci-Fi,+0.734|+0.532|+0.260,7,13,19,12
235,modern|Drama|popularity,+0.402|+0.352|+0.335,3,17,1,8
234,popularity|Drama|retro,+0.596|+0.434|+0.193,3,17,6,2
273,Action|popularity|Adventure,+0.794|+0.477|+0.395,10,10,3,2
233,Drama|popularity|modern,+0.550|+0.472|+0.427,11,9,13,17
232,Comedy|modern|popularity,+0.802|+0.362|+0.307,9,11,8,10
231,Horror|retro|popularity,+0.471|+0.400|+0.155,14,6,0,0
230,contemporary|popularity|Animation,+0.868|+0.299|+0.246,9,11,4,10
229,popularity|Drama|classic,+0.530|+0.394|+0.327,11,9,16,19
228,contemporary|popularity|Horror,+0.870|+0.395|+0.292,13,7,5,4
227,popularity|Animation|Western,+0.395|+0.340|+0.306,16,4,8,6
225,modern|popularity|Drama,+0.586|+0.337|+0.265,6,14,11,13
226,retro|popularity|Documentary,+0.652|+0.464|+0.178,7,13,18,14
224,Comedy|popularity|contemporary,+0.734|+0.478|+0.434,8,12,10,17
223,Musical|Animation|popularity,+0.719|+0.569|+0.532,11,9,7,3
222,popularity|contemporary|Musical,+0.465|+0.339|+0.274,10,10,16,11
221,Horror|modern|Mystery,+0.730|+0.371|+0.316,14,6,7,9
220,popularity|Drama|modern,+0.417|+0.416|+0.385,13,7,18,18
219,popularity|Animation|contemporary,+0.416|+0.300|+0.285,14,6,9,6
218,contemporary|popularity|Animation,+0.904|+0.362|+0.228,11,9,4,8
217,popularity|contemporary|Action,+0.668|+0.351|+0.282,8,12,19,10
216,popularity|Drama|Thriller,+0.248|+0.178|+0.156,6,14,9,4
215,popularity|Animation|Musical,+0.546|+0.488|+0.242,15,5,13,16
214,Comedy|modern|Documentary,+0.712|+0.330|+0.251,12,8,0,0
213,Comedy|popularity|modern,+0.679|+0.503|+0.328,10,10,17,12
212,Drama|popularity|retro,+0.529|+0.495|+0.258,14,6,20,19
211,contemporary|Horror|Sci-Fi,+0.447|+0.423|+0.312,17,3,2,2
210,Action|Fantasy|Adventure,+0.604|+0.306|+0.292,13,7,0,2
209,popularity|Musical|contemporary,+0.365|+0.279|+0.263,17,3,10,9
208,classic|popularity|Thriller,+0.420|+0.379|+0.316,13,7,11,14
207,contemporary|popularity|Horror,+0.559|+0.339|+0.314,10,10,4,4
206,Sci-Fi|popularity|Fantasy,+0.569|+0.446|+0.292,13,7,17,17
205,classic|Documentary|War,+0.461|+0.393|+0.300,10,10,18,19
204,retro|popularity|War,+0.740|+0.418|+0.392,4,16,12,11
203,Drama|modern|Romance,+0.563|+0.488|+0.149,10,10,0,0
202,Animation|Musical|Fantasy,+0.932|+0.543|+0.412,16,4,0,0
201,contemporary|popularity|Drama,+0.721|+0.418|+0.245,10,10,8,7
200,popularity|Animation|modern,+0.361|+0.241|+0.221,17,3,9,8
199,Action|modern|Romance,+0.467|+0.421|+0.396,10,10,4,8
198,contemporary|popularity|Animation,+0.844|+0.503|+0.307,12,8,5,5
197,popularity|contemporary|Drama,+0.543|+0.409|+0.281,12,8,15,12
196,Thriller|popularity|Mystery,+0.720|+0.460|+0.295,7,13,13,6
195,Sci-Fi|popularity|Fantasy,+0.667|+0.352|+0.219,12,8,14,9
194,Comedy|modern|popularity,+0.770|+0.363|+0.357,9,11,10,6
193,Comedy|popularity|Musical,+0.797|+0.278|+0.274,15,5,6,4
192,popularity|modern|Romance,+0.479|+0.333|+0.295,7,13,19,15
191,popularity|Crime|Comedy,+0.370|+0.212|+0.210,10,10,14,6
190,contemporary|Horror|popularity,+0.492|+0.448|+0.262,15,5,1,1
189,popularity|Drama|Action,+0.710|+0.264|+0.228,11,9,20,20
188,contemporary|Western|popularity,+0.393|+0.387|+0.342,14,6,11,8
187,modern|popularity|Drama,+0.684|+0.244|+0.197,4,16,7,7
186,popularity|Western|Animation,+0.367|+0.315|+0.315,15,5,8,6
185,Action|Adventure|modern,+0.798|+0.318|+0.258,9,11,3,5
184,Animation|Fantasy|Musical,+0.720|+0.423|+0.395,12,8,1,1
183,Drama|popularity|retro,+0.658|+0.429|+0.226,7,13,8,3
182,popularity|modern|Thriller,+0.564|+0.449|+0.317,10,10,16,17
181,Drama|popularity|modern,+0.520|+0.475|+0.473,12,8,14,16
180,contemporary|popularity|Mystery,+0.896|+0.355|+0.248,11,9,6,4
179,Sci-Fi|popularity|Fantasy,+0.621|+0.335|+0.316,18,2,1,1
178,classic|Musical|Comedy,+0.527|+0.449|+0.378,13,7,0,5
177,Fantasy|popularity|Adventure,+0.719|+0.533|+0.273,17,3,12,13
176,Comedy|retro|Documentary,+0.571|+0.418|+0.304,18,2,0,0
175,popularity|Animation|retro,+0.545|+0.239|+0.206,4,16,17,15
174,Action|popularity|Crime,+0.868|+0.404|+0.260,5,15,12,11
173,Drama|classic|War,+0.693|+0.292|+0.242,9,11,3,3
172,Fantasy|Crime|Mystery,+0.365|+0.345|+0.326,16,4,4,8
171,Documentary|popularity|Crime,+0.512|+0.369|+0.342,13,7,14,10
170,popularity|Musical|classic,+0.429|+0.392|+0.351,10,10,12,15
169,niche|classic|contemporary,+0.405|+0.382|+0.297,10,10,5,11
168,popularity|retro|War,+0.798|+0.284|+0.182,4,16,15,9
167,Western|popularity|retro,+0.614|+0.407|+0.367,15,5,2,1
166,Mystery|popularity|classic,+0.485|+0.399|+0.368,15,5,10,13
165,Sci-Fi|retro|popularity,+0.689|+0.554|+0.358,9,11,14,8
164,contemporary|popularity|Animation,+0.483|+0.441|+0.206,11,9,11,14
163,Fantasy|Animation|modern,+0.833|+0.383|+0.332,18,2,1,2
162,popularity|Crime|Adventure,+0.545|+0.538|+0.500,6,14,14,3
161,popularity|Drama|retro,+0.388|+0.304|+0.181,2,18,9,2
160,contemporary|popularity|Mystery,+0.698|+0.438|+0.266,15,5,8,9
158,classic|niche|Documentary,+0.467|+0.367|+0.321,12,8,15,18
157,Crime|popularity|Drama,+0.768|+0.399|+0.315,9,11,9,9
156,Romance|popularity|War,+0.791|+0.380|+0.247,7,13,12,6
155,Drama|popularity|War,+0.598|+0.387|+0.226,6,14,10,5
154,popularity|Musical|contemporary,+0.423|+0.309|+0.264,11,9,17,11
153,contemporary|popularity|Comedy,+0.670|+0.523|+0.286,10,10,5,4
152,Comedy|popularity|Animation,+0.695|+0.580|+0.210,7,13,20,19
151,contemporary|popularity|Documentary,+0.900|+0.306|+0.257,8,12,2,10
150,popularity|contemporary|retro,+0.316|+0.297|+0.261,13,7,7,4
149,War|classic|Documentary,+0.627|+0.425|+0.362,8,12,9,19
148,Musical|classic|Western,+0.487|+0.462|+0.345,14,6,2,3
147,contemporary|popularity|Horror,+0.662|+0.473|+0.317,10,10,6,7
146,classic|Mystery|popularity,+0.480|+0.328|+0.325,17,3,8,7
145,popularity|Western|contemporary,+0.390|+0.363|+0.334,16,4,8,8
144,Mystery|popularity|Sci-Fi,+0.458|+0.436|+0.403,11,9,8,5
143,popularity|modern|Drama,+0.604|+0.452|+0.210,4,16,16,17
142,popularity|contemporary|Animation,+0.660|+0.530|+0.231,12,8,13,16
141,Mystery|classic|Thriller,+0.582|+0.502|+0.307,12,8,7,12
140,popularity|Action|retro,+0.394|+0.388|+0.253,13,7,19,17
139,War|Western|Fantasy,+0.886|+0.398|+0.321,13,7,4,6
138,Crime|popularity|Mystery,+0.926|+0.361|+0.285,3,17,6,5
137,War|Western|modern,+0.777|+0.426|+0.397,16,4,4,7
135,popularity|Comedy|retro,+0.559|+0.427|+0.392,13,7,19,19
134,popularity|modern|Action,+0.502|+0.411|+0.362,12,8,17,20
136,Comedy|popularity|Documentary,+0.892|+0.230|+0.184,12,8,5,7
133,contemporary|popularity|Crime,+0.660|+0.430|+0.254,10,10,5,11
132,Comedy|popularity|Musical,+0.808|+0.391|+0.177,4,16,10,8
131,classic|Documentary|niche,+0.440|+0.389|+0.308,13,7,7,13
1877,contemporary|niche|Romance,+0.871|+0.275|+0.236,12,8,0,1
130,Action|popularity|Sci-Fi,+0.829|+0.349|+0.279,5,15,11,6
129,Adventure|Action|Sci-Fi,+0.917|+0.382|+0.332,10,10,8,6
128,popularity|Sci-Fi|contemporary,+0.390|+0.283|+0.279,14,6,12,9
127,Thriller|popularity|retro,+0.636|+0.360|+0.289,10,10,8,8
126,Romance|popularity|War,+0.861|+0.347|+0.263,5,15,10,4
125,Action|popularity|Crime,+0.803|+0.422|+0.264,2,18,14,8
124,Drama|modern|popularity,+0.634|+0.465|+0.408,6,14,12,15
123,modern|contemporary|Comedy,+0.457|+0.312|+0.252,14,6,7,9
121,Animation|popularity|Musical,+0.579|+0.398|+0.355,15,5,7,6
120,popularity|Documentary|retro,+0.521|+0.281|+0.251,10,10,19,15
119,Horror|popularity|Fantasy,+0.498|+0.370|+0.332,8,12,9,14
122,Action|popularity|Crime,+0.823|+0.616|+0.238,3,17,19,15
118,retro|Drama|popularity,+0.590|+0.464|+0.393,10,10,9,9
117,Action|classic|popularity,+0.425|+0.384|+0.370,14,6,15,19
116,popularity|Action|Fantasy,+0.422|+0.342|+0.281,15,5,0,2
115,contemporary|Horror|popularity,+0.545|+0.406|+0.285,11,9,1,2
114,Musical|Animation|classic,+0.877|+0.441|+0.410,13,7,7,9
113,contemporary|popularity|Mystery,+0.941|+0.315|+0.260,9,11,2,6
112,Fantasy|Mystery|Crime,+0.420|+0.395|+0.391,20,0,4,4
111,modern|popularity|Comedy,+0.556|+0.429|+0.153,5,15,15,9
110,contemporary|Horror|popularity,+0.637|+0.332|+0.320,12,8,3,3
109,Musical|classic|Animation,+0.908|+0.507|+0.504,11,9,7,9
108,contemporary|popularity|Sci-Fi,+0.490|+0.317|+0.257,11,9,8,10
107,classic|Musical|popularity,+0.468|+0.301|+0.295,6,14,4,6
106,Romance|popularity|Musical,+0.859|+0.379|+0.292,7,13,12,7
105,Action|popularity|Sci-Fi,+0.785|+0.388|+0.246,5,15,19,12
104,contemporary|popularity|Western,+0.433|+0.377|+0.306,9,11,12,12
103,Action|Adventure|Fantasy,+0.647|+0.299|+0.261,10,10,1,1
102,classic|Western|Musical,+0.357|+0.271|+0.268,16,4,1,1
101,Action|Adventure|Sci-Fi,+0.838|+0.364|+0.297,8,12,1,2
100,Drama|popularity|Documentary,+0.519|+0.443|+0.234,12,8,20,18
99,popularity|Comedy|Animation,+0.707|+0.444|+0.211,11,9,19,19
98,popularity|Drama|Documentary,+0.470|+0.295|+0.280,14,6,19,20
97,classic|Musical|Western,+0.741|+0.365|+0.325,15,5,2,2
96,contemporary|popularity|Animation,+0.822|+0.495|+0.261,12,8,8,6
95,modern|popularity|Drama,+0.528|+0.438|+0.330,7,13,16,14
94,Horror|retro|Sci-Fi,+0.776|+0.581|+0.297,8,12,4,10
93,Action|Fantasy|Adventure,+0.545|+0.302|+0.295,10,10,1,7
92,Action|popularity|Adventure,+0.807|+0.316|+0.316,13,7,2,2
91,Romance|popularity|War,+0.468|+0.378|+0.348,15,5,11,10
90,contemporary|popularity|Animation,+0.914|+0.362|+0.277,15,5,2,3
89,popularity|contemporary|Comedy,+0.584|+0.268|+0.209,4,16,14,6
88,retro|popularity|Documentary,+0.631|+0.370|+0.211,6,14,18,14
87,Action|popularity|Sci-Fi,+0.800|+0.394|+0.240,6,14,18,8
86,popularity|Thriller|contemporary,+0.553|+0.506|+0.285,5,15,16,13
85,contemporary|popularity|Animation,+0.606|+0.425|+0.221,12,8,8,12
84,popularity|Documentary|Animation,+0.593|+0.238|+0.230,11,9,20,20
83,Fantasy|Adventure|Animation,+0.922|+0.365|+0.358,6,14,0,13
1287,contemporary|popularity|Animation,+0.915|+0.280|+0.246,14,6,3,4
82,Thriller|modern|popularity,+0.762|+0.399|+0.394,7,13,12,9
81,popularity|Documentary|retro,+0.359|+0.300|+0.272,13,7,18,17
80,modern|popularity|Thriller,+0.496|+0.412|+0.156,13,7,10,9
79,Mystery|popularity|Thriller,+0.932|+0.319|+0.315,14,6,4,2
78,Comedy|modern|popularity,+0.807|+0.366|+0.244,10,10,7,9
77,popularity|Western|contemporary,+0.371|+0.351|+0.325,16,4,7,6
76,contemporary|popularity|Documentary,+0.896|+0.367|+0.221,9,11,5,8
75,popularity|contemporary|Comedy,+0.343|+0.316|+0.279,18,2,4,3
74,Mystery|popularity|modern,+0.644|+0.385|+0.365,8,12,7,16
73,popularity|contemporary|Fantasy,+0.652|+0.468|+0.346,9,11,14,8
72,Drama|popularity|modern,+0.512|+0.453|+0.414,11,9,13,16
71,popularity|contemporary|Musical,+0.436|+0.306|+0.228,14,6,10,13
70,Animation|popularity|Western,+0.369|+0.350|+0.326,15,5,8,6
69,Drama|modern|popularity,+0.734|+0.486|+0.265,7,13,5,7
68,Comedy|popularity|Musical,+0.820|+0.414|+0.228,6,14,20,15
67,Drama|popularity|classic,+0.658|+0.314|+0.222,4,16,7,4
66,popularity|Animation|Fantasy,+0.640|+0.416|+0.319,6,14,17,13
65,popularity|Action|Crime,+0.688|+0.537|+0.239,9,11,19,15
64,popularity|contemporary|Sci-Fi,+0.557|+0.219|+0.204,11,9,19,13
63,popularity|War|Documentary,+0.478|+0.423|+0.292,11,9,16,17
62,classic|Musical|Western,+0.657|+0.422|+0.370,12,8,0,0
61,contemporary|popularity|Horror,+0.822|+0.314|+0.285,14,6,1,2
60,Mystery|Crime|popularity,+0.890|+0.351|+0.312,15,5,4,2
59,classic|Documentary|niche,+0.581|+0.280|+0.246,12,8,2,7
58,Sci-Fi|contemporary|Fantasy,+0.497|+0.458|+0.338,5,15,5,15
57,retro|popularity|Documentary,+0.542|+0.397|+0.261,11,9,18,19
56,Comedy|popularity|modern,+0.563|+0.515|+0.429,12,8,19,18
55,popularity|modern|Animation,+0.598|+0.417|+0.211,12,8,20,19
54,Comedy|popularity|Musical,+0.837|+0.358|+0.214,7,13,15,12
53,Drama|Fantasy|modern,+0.420|+0.263|+0.235,9,11,1,9
52,contemporary|popularity|Comedy,+0.845|+0.367|+0.264,9,11,1,1
51,Comedy|popularity|modern,+0.744|+0.456|+0.356,8,12,15,14
50,contemporary|Horror|popularity,+0.512|+0.304|+0.260,11,9,3,4
49,popularity|Documentary|Drama,+0.402|+0.344|+0.291,16,4,17,18
48,Documentary|contemporary|niche,+0.895|+0.276|+0.273,13,7,0,3
47,Drama|popularity|War,+0.586|+0.496|+0.226,8,12,18,15
46,Documentary|modern|popularity,+0.856|+0.265|+0.256,10,10,0,2
45,Comedy|Documentary|Romance,+0.852|+0.128|+0.126,13,7,0,1
44,Romance|popularity|War,+0.888|+0.378|+0.298,5,15,13,5
43,popularity|contemporary|Western,+0.467|+0.417|+0.340,12,8,12,10
42,Comedy|retro|popularity,+0.726|+0.409|+0.370,12,8,9,9
41,popularity|Animation|Thriller,+0.482|+0.338|+0.242,14,6,10,6
40,War|Western|Fantasy,+0.766|+0.392|+0.378,12,8,2,6
39,contemporary|popularity|Western,+0.428|+0.393|+0.364,14,6,9,7
38,contemporary|popularity|Animation,+0.599|+0.594|+0.244,13,7,10,13
37,Romance|Musical|popularity,+0.831|+0.321|+0.319,9,11,6,2
36,popularity|Musical|Documentary,+0.522|+0.279|+0.273,5,15,18,17
35,Comedy|classic|Musical,+0.484|+0.416|+0.340,12,8,3,11
34,Romance|modern|Musical,+0.798|+0.388|+0.255,11,9,1,0
33,popularity|Drama|retro,+0.291|+0.202|+0.195,6,14,4,7
32,Thriller|modern|popularity,+0.714|+0.424|+0.400,8,12,13,9
31,Comedy|popularity|Musical,+0.897|+0.229|+0.223,3,17,9,7
30,contemporary|popularity|Documentary,+0.548|+0.502|+0.283,14,6,7,12
29,Action|popularity|Sci-Fi,+0.822|+0.348|+0.270,5,15,17,8
28,popularity|Animation|classic,+0.543|+0.386|+0.313,10,10,16,19
27,Adventure|classic|Documentary,+0.439|+0.391|+0.376,6,14,11,19
26,modern|popularity|Drama,+0.574|+0.353|+0.164,9,11,6,7
25,popularity|contemporary|Animation,+0.590|+0.530|+0.510,7,13,12,12
24,Drama|popularity|Romance,+0.484|+0.458|+0.306,6,14,7,1
23,retro|Horror|popularity,+0.497|+0.404|+0.281,16,4,0,1
22,popularity|Thriller|contemporary,+0.528|+0.334|+0.286,12,8,19,15
21,Animation|Musical|popularity,+0.937|+0.439|+0.389,9,11,4,1
20,popularity|Action|Sci-Fi,+0.694|+0.648|+0.395,1,19,19,11
19,popularity|contemporary|Animation,+0.636|+0.317|+0.260,16,4,20,20
18,Drama|popularity|modern,+0.805|+0.288|+0.203,2,18,2,3
17,Mystery|Fantasy|Crime,+0.433|+0.399|+0.343,16,4,8,10
16,Western|popularity|contemporary,+0.421|+0.359|+0.338,16,4,7,6
15,Adventure|popularity|Action,+0.851|+0.420|+0.398,3,17,12,9
14,popularity|Documentary|War,+0.500|+0.336|+0.279,14,6,19,16
13,Adventure|Fantasy|Sci-Fi,+0.898|+0.330|+0.319,8,12,5,7
12,classic|Documentary|popularity,+0.399|+0.370|+0.312,13,7,20,19
11,Mystery|popularity|Fantasy,+0.663|+0.513|+0.254,9,11,8,6
10,popularity|classic|Western,+0.527|+0.434|+0.351,8,12,20,20
9,modern|popularity|Mystery,+0.531|+0.504|+0.163,4,16,16,13
8,Animation|popularity|Musical,+0.759|+0.430|+0.312,17,3,8,7
7,Action|popularity|modern,+0.716|+0.487|+0.301,9,11,18,18
6,Romance|popularity|Musical,+0.855|+0.445|+0.270,6,14,16,8
5,modern|popularity|Drama,+0.641|+0.322|+0.221,4,16,8,10
4,Action|popularity|War,+0.647|+0.481|+0.261,11,9,17,16
3,Comedy|popularity|Animation,+0.728|+0.507|+0.209,10,10,19,17
2,Action|popularity|Adventure,+0.800|+0.311|+0.270,13,7,7,6
1,Animation|Musical|popularity,+0.898|+0.445|+0.362,10,10,3,1
2980,contemporary|popularity|Animation,+0.835|+0.390|+0.372,9,11,6,10
159,popularity|Animation|Western,+0.421|+0.343|+0.319,13,7,8,7
1265,modern|Sci-Fi|popularity,+0.529|+0.470|+0.400,12,8,14,17
349,Horror|popularity|retro,+0.688|+0.390|+0.250,7,13,3,2
2910,Horror|popularity|Sci-Fi,+0.864|+0.293|+0.239,10,10,0,0
2947,popularity|modern|Comedy,+0.541|+0.464|+0.454,5,15,12,14
